model,unit_number,time_cycles,true_RUL,predicted_RUL
Autoformer,1,30,113.0,123.12892
Autoformer,1,31,112.0,122.30159
Autoformer,2,30,117.0,117.583496
Autoformer,2,31,116.0,112.362114
Autoformer,2,32,115.0,107.54643
Autoformer,2,33,114.0,113.106255
Autoformer,2,34,113.0,118.88033
Autoformer,2,35,112.0,116.26523
Autoformer,2,36,111.0,113.55019
Autoformer,2,37,110.0,114.588524
Autoformer,2,38,109.0,115.81027
Autoformer,2,39,108.0,110.502686
Autoformer,2,40,107.0,109.4003
Autoformer,2,41,106.0,109.87559
Autoformer,2,42,105.0,110.08588
Autoformer,2,43,104.0,102.94964
Autoformer,2,44,103.0,100.51687
Autoformer,2,45,102.0,110.75874
Autoformer,2,46,101.0,108.940994
Autoformer,2,47,100.0,118.849754
Autoformer,2,48,99.0,112.73585
Autoformer,2,49,98.0,111.62984
Autoformer,3,30,125.0,100.65504
Autoformer,3,31,125.0,96.73804
Autoformer,3,32,125.0,92.8757
Autoformer,3,33,125.0,86.19025
Autoformer,3,34,125.0,93.53605
Autoformer,3,35,125.0,100.30381
Autoformer,3,36,125.0,98.408325
Autoformer,3,37,125.0,104.77045
Autoformer,3,38,125.0,106.45869
Autoformer,3,39,125.0,103.920944
Autoformer,3,40,125.0,103.63458
Autoformer,3,41,125.0,103.04841
Autoformer,3,42,125.0,97.44369
Autoformer,3,43,125.0,100.34975
Autoformer,3,44,125.0,102.254585
Autoformer,3,45,125.0,98.946465
Autoformer,3,46,125.0,102.54396
Autoformer,3,47,125.0,101.38086
Autoformer,3,48,125.0,106.90068
Autoformer,3,49,125.0,104.614525
Autoformer,3,50,125.0,96.41674
Autoformer,3,51,125.0,97.26317
Autoformer,3,52,125.0,100.39282
Autoformer,3,53,125.0,106.651436
Autoformer,3,54,125.0,108.3361
Autoformer,3,55,125.0,111.02068
Autoformer,3,56,125.0,112.38783
Autoformer,3,57,125.0,108.665535
Autoformer,3,58,125.0,101.57172
Autoformer,3,59,125.0,99.58005
Autoformer,3,60,125.0,99.98371
Autoformer,3,61,125.0,98.73363
Autoformer,3,62,125.0,102.06283
Autoformer,3,63,125.0,96.09886
Autoformer,3,64,125.0,100.89659
Autoformer,3,65,125.0,92.46422
Autoformer,3,66,125.0,94.88836
Autoformer,3,67,125.0,104.20711
Autoformer,3,68,125.0,100.594215
Autoformer,3,69,125.0,98.27657
Autoformer,3,70,125.0,96.44432
Autoformer,3,71,124.0,100.05
Autoformer,3,72,123.0,95.154564
Autoformer,3,73,122.0,98.90553
Autoformer,3,74,121.0,94.62515
Autoformer,3,75,120.0,95.39273
Autoformer,3,76,119.0,94.88189
Autoformer,3,77,118.0,99.88818
Autoformer,3,78,117.0,104.84187
Autoformer,3,79,116.0,101.62581
Autoformer,3,80,115.0,104.93643
Autoformer,3,81,114.0,107.12146
Autoformer,3,82,113.0,107.330795
Autoformer,3,83,112.0,102.96295
Autoformer,3,84,111.0,92.24811
Autoformer,3,85,110.0,95.71595
Autoformer,3,86,109.0,94.26557
Autoformer,3,87,108.0,87.81666
Autoformer,3,88,107.0,87.923515
Autoformer,3,89,106.0,86.83927
Autoformer,3,90,105.0,89.42429
Autoformer,3,91,104.0,94.601715
Autoformer,3,92,103.0,95.54242
Autoformer,3,93,102.0,93.7
Autoformer,3,94,101.0,90.78107
Autoformer,3,95,100.0,83.62431
Autoformer,3,96,99.0,86.82756
Autoformer,3,97,98.0,96.788925
Autoformer,3,98,97.0,93.47495
Autoformer,3,99,96.0,95.2835
Autoformer,3,100,95.0,94.10092
Autoformer,3,101,94.0,90.95941
Autoformer,3,102,93.0,82.41031
Autoformer,3,103,92.0,85.09871
Autoformer,3,104,91.0,82.758644
Autoformer,3,105,90.0,85.76817
Autoformer,3,106,89.0,90.427246
Autoformer,3,107,88.0,92.9846
Autoformer,3,108,87.0,89.49471
Autoformer,3,109,86.0,86.14586
Autoformer,3,110,85.0,90.16563
Autoformer,3,111,84.0,80.72886
Autoformer,3,112,83.0,71.472
Autoformer,3,113,82.0,78.2792
Autoformer,3,114,81.0,79.74758
Autoformer,3,115,80.0,80.98034
Autoformer,3,116,79.0,82.02577
Autoformer,3,117,78.0,81.71856
Autoformer,3,118,77.0,85.57572
Autoformer,3,119,76.0,77.67477
Autoformer,3,120,75.0,65.79881
Autoformer,3,121,74.0,65.391174
Autoformer,3,122,73.0,61.57364
Autoformer,3,123,72.0,70.64712
Autoformer,3,124,71.0,68.80867
Autoformer,3,125,70.0,52.209545
Autoformer,3,126,69.0,61.60175
Autoformer,4,30,125.0,111.62141
Autoformer,4,31,125.0,113.26702
Autoformer,4,32,125.0,102.413055
Autoformer,4,33,125.0,106.865776
Autoformer,4,34,125.0,107.69412
Autoformer,4,35,125.0,108.73733
Autoformer,4,36,125.0,112.848854
Autoformer,4,37,125.0,110.533585
Autoformer,4,38,125.0,108.38247
Autoformer,4,39,125.0,111.75169
Autoformer,4,40,125.0,111.09684
Autoformer,4,41,125.0,111.24609
Autoformer,4,42,125.0,113.37958
Autoformer,4,43,125.0,111.90986
Autoformer,4,44,125.0,109.223305
Autoformer,4,45,125.0,112.48062
Autoformer,4,46,125.0,108.247215
Autoformer,4,47,125.0,106.29218
Autoformer,4,48,125.0,113.85139
Autoformer,4,49,125.0,117.216896
Autoformer,4,50,125.0,113.28057
Autoformer,4,51,125.0,100.97712
Autoformer,4,52,125.0,108.321556
Autoformer,4,53,125.0,104.88145
Autoformer,4,54,125.0,116.17625
Autoformer,4,55,125.0,110.25811
Autoformer,4,56,125.0,112.89386
Autoformer,4,57,125.0,112.906876
Autoformer,4,58,125.0,111.78424
Autoformer,4,59,125.0,110.11266
Autoformer,4,60,125.0,108.60066
Autoformer,4,61,125.0,114.795616
Autoformer,4,62,125.0,110.38403
Autoformer,4,63,125.0,107.256065
Autoformer,4,64,124.0,109.14903
Autoformer,4,65,123.0,98.919464
Autoformer,4,66,122.0,106.866165
Autoformer,4,67,121.0,110.67521
Autoformer,4,68,120.0,110.574135
Autoformer,4,69,119.0,107.14897
Autoformer,4,70,118.0,105.807434
Autoformer,4,71,117.0,110.36362
Autoformer,4,72,116.0,101.382805
Autoformer,4,73,115.0,98.19517
Autoformer,4,74,114.0,93.35487
Autoformer,4,75,113.0,95.09483
Autoformer,4,76,112.0,90.63871
Autoformer,4,77,111.0,91.428375
Autoformer,4,78,110.0,97.80333
Autoformer,4,79,109.0,99.4969
Autoformer,4,80,108.0,101.78353
Autoformer,4,81,107.0,103.565865
Autoformer,4,82,106.0,97.40655
Autoformer,4,83,105.0,101.49217
Autoformer,4,84,104.0,111.28065
Autoformer,4,85,103.0,109.025276
Autoformer,4,86,102.0,108.09542
Autoformer,4,87,101.0,100.7505
Autoformer,4,88,100.0,101.597015
Autoformer,4,89,99.0,97.628265
Autoformer,4,90,98.0,100.708435
Autoformer,4,91,97.0,104.77028
Autoformer,4,92,96.0,105.55088
Autoformer,4,93,95.0,106.606865
Autoformer,4,94,94.0,105.651184
Autoformer,4,95,93.0,100.68918
Autoformer,4,96,92.0,94.006386
Autoformer,4,97,91.0,94.93872
Autoformer,4,98,90.0,96.29996
Autoformer,4,99,89.0,91.447784
Autoformer,4,100,88.0,92.972496
Autoformer,4,101,87.0,83.176544
Autoformer,4,102,86.0,92.529434
Autoformer,4,103,85.0,87.54673
Autoformer,4,104,84.0,91.11562
Autoformer,4,105,83.0,85.06283
Autoformer,4,106,82.0,81.16396
Autoformer,5,30,125.0,109.93208
Autoformer,5,31,125.0,115.033455
Autoformer,5,32,125.0,112.40011
Autoformer,5,33,125.0,108.95874
Autoformer,5,34,125.0,110.92851
Autoformer,5,35,125.0,108.42667
Autoformer,5,36,125.0,111.956345
Autoformer,5,37,125.0,102.23951
Autoformer,5,38,125.0,106.49171
Autoformer,5,39,125.0,105.207825
Autoformer,5,40,125.0,101.89825
Autoformer,5,41,125.0,102.893166
Autoformer,5,42,125.0,98.348274
Autoformer,5,43,125.0,104.20846
Autoformer,5,44,125.0,101.53054
Autoformer,5,45,125.0,103.87559
Autoformer,5,46,125.0,100.202705
Autoformer,5,47,125.0,98.650536
Autoformer,5,48,125.0,100.98053
Autoformer,5,49,125.0,100.54007
Autoformer,5,50,125.0,105.80812
Autoformer,5,51,125.0,106.57534
Autoformer,5,52,125.0,111.23171
Autoformer,5,53,125.0,108.65863
Autoformer,5,54,125.0,111.42153
Autoformer,5,55,125.0,105.66108
Autoformer,5,56,125.0,112.67867
Autoformer,5,57,125.0,116.94207
Autoformer,5,58,125.0,110.03643
Autoformer,5,59,125.0,108.723335
Autoformer,5,60,125.0,106.12724
Autoformer,5,61,125.0,109.413025
Autoformer,5,62,125.0,102.272255
Autoformer,5,63,125.0,108.0015
Autoformer,5,64,125.0,104.757126
Autoformer,5,65,124.0,109.99602
Autoformer,5,66,123.0,106.21098
Autoformer,5,67,122.0,106.38135
Autoformer,5,68,121.0,105.811325
Autoformer,5,69,120.0,101.054634
Autoformer,5,70,119.0,101.8711
Autoformer,5,71,118.0,94.926476
Autoformer,5,72,117.0,95.0264
Autoformer,5,73,116.0,99.30697
Autoformer,5,74,115.0,92.31533
Autoformer,5,75,114.0,103.39361
Autoformer,5,76,113.0,94.91258
Autoformer,5,77,112.0,110.37119
Autoformer,5,78,111.0,109.80961
Autoformer,5,79,110.0,105.61314
Autoformer,5,80,109.0,104.7351
Autoformer,5,81,108.0,104.31144
Autoformer,5,82,107.0,103.39495
Autoformer,5,83,106.0,97.983864
Autoformer,5,84,105.0,102.70625
Autoformer,5,85,104.0,102.02723
Autoformer,5,86,103.0,107.251755
Autoformer,5,87,102.0,96.32421
Autoformer,5,88,101.0,93.41342
Autoformer,5,89,100.0,89.36119
Autoformer,5,90,99.0,91.76051
Autoformer,5,91,98.0,84.89742
Autoformer,5,92,97.0,89.74368
Autoformer,5,93,96.0,88.37347
Autoformer,5,94,95.0,92.87569
Autoformer,5,95,94.0,95.157646
Autoformer,5,96,93.0,97.27159
Autoformer,5,97,92.0,100.07943
Autoformer,5,98,91.0,100.89501
Autoformer,6,30,125.0,115.71122
Autoformer,6,31,125.0,112.82156
Autoformer,6,32,125.0,110.421295
Autoformer,6,33,125.0,108.450874
Autoformer,6,34,125.0,111.800385
Autoformer,6,35,125.0,108.6273
Autoformer,6,36,125.0,112.34281
Autoformer,6,37,125.0,111.44436
Autoformer,6,38,125.0,109.82761
Autoformer,6,39,125.0,113.75102
Autoformer,6,40,125.0,112.28668
Autoformer,6,41,125.0,111.58019
Autoformer,6,42,125.0,109.1079
Autoformer,6,43,125.0,110.92232
Autoformer,6,44,125.0,103.22563
Autoformer,6,45,125.0,101.33714
Autoformer,6,46,125.0,105.77976
Autoformer,6,47,125.0,109.704636
Autoformer,6,48,125.0,113.9112
Autoformer,6,49,125.0,113.732376
Autoformer,6,50,125.0,113.7051
Autoformer,6,51,125.0,113.56041
Autoformer,6,52,125.0,112.88341
Autoformer,6,53,125.0,111.62529
Autoformer,6,54,125.0,113.45443
Autoformer,6,55,125.0,107.86252
Autoformer,6,56,125.0,113.92426
Autoformer,6,57,125.0,103.8317
Autoformer,6,58,125.0,112.36629
Autoformer,6,59,125.0,107.59739
Autoformer,6,60,125.0,106.60098
Autoformer,6,61,125.0,106.19341
Autoformer,6,62,125.0,103.8548
Autoformer,6,63,125.0,111.38212
Autoformer,6,64,125.0,108.4256
Autoformer,6,65,125.0,106.607994
Autoformer,6,66,125.0,109.17772
Autoformer,6,67,125.0,107.89099
Autoformer,6,68,125.0,112.13551
Autoformer,6,69,125.0,106.96995
Autoformer,6,70,125.0,106.745834
Autoformer,6,71,125.0,108.25447
Autoformer,6,72,125.0,107.744865
Autoformer,6,73,125.0,115.46688
Autoformer,6,74,124.0,107.28943
Autoformer,6,75,123.0,112.93271
Autoformer,6,76,122.0,101.2222
Autoformer,6,77,121.0,105.364746
Autoformer,6,78,120.0,99.0248
Autoformer,6,79,119.0,96.400795
Autoformer,6,80,118.0,90.137794
Autoformer,6,81,117.0,96.93763
Autoformer,6,82,116.0,98.49653
Autoformer,6,83,115.0,102.125984
Autoformer,6,84,114.0,111.405685
Autoformer,6,85,113.0,103.39432
Autoformer,6,86,112.0,100.17338
Autoformer,6,87,111.0,103.8608
Autoformer,6,88,110.0,106.80341
Autoformer,6,89,109.0,106.53987
Autoformer,6,90,108.0,111.2799
Autoformer,6,91,107.0,110.481804
Autoformer,6,92,106.0,107.93208
Autoformer,6,93,105.0,105.769005
Autoformer,6,94,104.0,106.37296
Autoformer,6,95,103.0,105.72663
Autoformer,6,96,102.0,98.09494
Autoformer,6,97,101.0,107.05171
Autoformer,6,98,100.0,110.61848
Autoformer,6,99,99.0,106.83533
Autoformer,6,100,98.0,102.69429
Autoformer,6,101,97.0,97.23477
Autoformer,6,102,96.0,91.98375
Autoformer,6,103,95.0,95.47706
Autoformer,6,104,94.0,101.2212
Autoformer,6,105,93.0,100.55495
Autoformer,7,30,125.0,118.316734
Autoformer,7,31,125.0,118.41202
Autoformer,7,32,125.0,120.944954
Autoformer,7,33,125.0,119.6362
Autoformer,7,34,125.0,121.020874
Autoformer,7,35,125.0,122.40961
Autoformer,7,36,125.0,123.117874
Autoformer,7,37,125.0,119.39498
Autoformer,7,38,125.0,119.016106
Autoformer,7,39,125.0,117.9749
Autoformer,7,40,125.0,117.63455
Autoformer,7,41,125.0,120.482124
Autoformer,7,42,125.0,119.19878
Autoformer,7,43,125.0,119.86775
Autoformer,7,44,125.0,117.75471
Autoformer,7,45,125.0,119.65971
Autoformer,7,46,125.0,120.618095
Autoformer,7,47,125.0,119.81449
Autoformer,7,48,125.0,121.92533
Autoformer,7,49,125.0,120.29668
Autoformer,7,50,125.0,118.11925
Autoformer,7,51,125.0,118.88464
Autoformer,7,52,125.0,119.0558
Autoformer,7,53,125.0,118.04276
Autoformer,7,54,125.0,121.72718
Autoformer,7,55,125.0,119.800644
Autoformer,7,56,125.0,117.57917
Autoformer,7,57,125.0,119.62595
Autoformer,7,58,125.0,118.84003
Autoformer,7,59,125.0,119.70575
Autoformer,7,60,125.0,119.21676
Autoformer,7,61,125.0,121.89596
Autoformer,7,62,125.0,121.57275
Autoformer,7,63,125.0,122.25599
Autoformer,7,64,125.0,119.24985
Autoformer,7,65,125.0,119.98757
Autoformer,7,66,125.0,120.66328
Autoformer,7,67,125.0,120.52887
Autoformer,7,68,125.0,121.225334
Autoformer,7,69,125.0,120.513824
Autoformer,7,70,125.0,121.84688
Autoformer,7,71,125.0,121.87635
Autoformer,7,72,125.0,122.24269
Autoformer,7,73,125.0,118.72741
Autoformer,7,74,125.0,119.24346
Autoformer,7,75,125.0,120.51735
Autoformer,7,76,125.0,121.23309
Autoformer,7,77,125.0,120.425354
Autoformer,7,78,125.0,120.838486
Autoformer,7,79,125.0,116.876526
Autoformer,7,80,125.0,119.050705
Autoformer,7,81,125.0,117.87641
Autoformer,7,82,125.0,117.7606
Autoformer,7,83,125.0,117.427536
Autoformer,7,84,125.0,119.95854
Autoformer,7,85,125.0,119.62001
Autoformer,7,86,125.0,120.24079
Autoformer,7,87,125.0,119.83261
Autoformer,7,88,125.0,119.20313
Autoformer,7,89,125.0,117.68709
Autoformer,7,90,125.0,117.08032
Autoformer,7,91,125.0,119.691826
Autoformer,7,92,125.0,121.43064
Autoformer,7,93,125.0,120.63501
Autoformer,7,94,125.0,117.55554
Autoformer,7,95,125.0,119.67645
Autoformer,7,96,125.0,119.31465
Autoformer,7,97,125.0,120.198
Autoformer,7,98,125.0,120.17324
Autoformer,7,99,125.0,119.240814
Autoformer,7,100,125.0,117.10828
Autoformer,7,101,125.0,115.26513
Autoformer,7,102,125.0,117.0295
Autoformer,7,103,125.0,117.9529
Autoformer,7,104,125.0,117.81678
Autoformer,7,105,125.0,120.037384
Autoformer,7,106,125.0,119.469864
Autoformer,7,107,125.0,117.43175
Autoformer,7,108,125.0,116.17453
Autoformer,7,109,125.0,116.0405
Autoformer,7,110,125.0,115.9603
Autoformer,7,111,125.0,114.384445
Autoformer,7,112,125.0,113.68746
Autoformer,7,113,125.0,112.63462
Autoformer,7,114,125.0,113.12427
Autoformer,7,115,125.0,114.371895
Autoformer,7,116,125.0,118.12908
Autoformer,7,117,125.0,116.04743
Autoformer,7,118,125.0,117.111694
Autoformer,7,119,125.0,110.624054
Autoformer,7,120,125.0,113.52118
Autoformer,7,121,125.0,113.45873
Autoformer,7,122,125.0,116.50055
Autoformer,7,123,125.0,117.82478
Autoformer,7,124,125.0,116.55986
Autoformer,7,125,125.0,111.2097
Autoformer,7,126,125.0,108.37122
Autoformer,7,127,124.0,107.64743
Autoformer,7,128,123.0,107.33511
Autoformer,7,129,122.0,110.68626
Autoformer,7,130,121.0,112.699905
Autoformer,7,131,120.0,114.32326
Autoformer,7,132,119.0,112.286865
Autoformer,7,133,118.0,112.82225
Autoformer,7,134,117.0,115.657906
Autoformer,7,135,116.0,117.39349
Autoformer,7,136,115.0,112.940765
Autoformer,7,137,114.0,116.29684
Autoformer,7,138,113.0,120.62641
Autoformer,7,139,112.0,117.664375
Autoformer,7,140,111.0,115.72854
Autoformer,7,141,110.0,107.04334
Autoformer,7,142,109.0,102.8804
Autoformer,7,143,108.0,100.105286
Autoformer,7,144,107.0,103.24712
Autoformer,7,145,106.0,104.53014
Autoformer,7,146,105.0,106.84787
Autoformer,7,147,104.0,104.976974
Autoformer,7,148,103.0,107.43843
Autoformer,7,149,102.0,104.94099
Autoformer,7,150,101.0,106.36525
Autoformer,7,151,100.0,108.52504
Autoformer,7,152,99.0,107.65916
Autoformer,7,153,98.0,104.72653
Autoformer,7,154,97.0,103.087135
Autoformer,7,155,96.0,103.3979
Autoformer,7,156,95.0,111.12089
Autoformer,7,157,94.0,111.65612
Autoformer,7,158,93.0,110.79798
Autoformer,7,159,92.0,103.17625
Autoformer,7,160,91.0,99.20665
Autoformer,8,30,125.0,121.05248
Autoformer,8,31,125.0,117.157776
Autoformer,8,32,125.0,115.42665
Autoformer,8,33,125.0,117.04248
Autoformer,8,34,125.0,118.78058
Autoformer,8,35,125.0,120.5511
Autoformer,8,36,125.0,116.188446
Autoformer,8,37,125.0,120.96625
Autoformer,8,38,125.0,119.7735
Autoformer,8,39,125.0,119.92983
Autoformer,8,40,125.0,119.38731
Autoformer,8,41,125.0,120.23865
Autoformer,8,42,125.0,121.33572
Autoformer,8,43,125.0,116.40264
Autoformer,8,44,125.0,114.53723
Autoformer,8,45,125.0,114.3328
Autoformer,8,46,125.0,117.972336
Autoformer,8,47,125.0,117.26849
Autoformer,8,48,125.0,119.50486
Autoformer,8,49,125.0,122.18277
Autoformer,8,50,125.0,116.51557
Autoformer,8,51,125.0,120.097466
Autoformer,8,52,125.0,114.56642
Autoformer,8,53,125.0,113.995705
Autoformer,8,54,125.0,114.99901
Autoformer,8,55,125.0,120.93366
Autoformer,8,56,125.0,113.88529
Autoformer,8,57,125.0,118.948975
Autoformer,8,58,125.0,115.16886
Autoformer,8,59,125.0,119.97841
Autoformer,8,60,125.0,116.75718
Autoformer,8,61,125.0,119.003845
Autoformer,8,62,125.0,114.701675
Autoformer,8,63,125.0,110.09758
Autoformer,8,64,125.0,111.72513
Autoformer,8,65,125.0,116.79996
Autoformer,8,66,125.0,115.46012
Autoformer,8,67,125.0,116.12056
Autoformer,8,68,125.0,115.97827
Autoformer,8,69,125.0,110.67704
Autoformer,8,70,125.0,115.65839
Autoformer,8,71,125.0,116.522545
Autoformer,8,72,125.0,116.469406
Autoformer,8,73,125.0,111.62369
Autoformer,8,74,125.0,117.37117
Autoformer,8,75,125.0,119.35238
Autoformer,8,76,125.0,120.24435
Autoformer,8,77,125.0,121.132965
Autoformer,8,78,125.0,118.31089
Autoformer,8,79,125.0,118.03455
Autoformer,8,80,125.0,118.78305
Autoformer,8,81,125.0,112.56232
Autoformer,8,82,125.0,115.25338
Autoformer,8,83,125.0,117.4677
Autoformer,8,84,125.0,112.371025
Autoformer,8,85,125.0,115.63861
Autoformer,8,86,125.0,108.24245
Autoformer,8,87,125.0,113.67135
Autoformer,8,88,125.0,117.42225
Autoformer,8,89,125.0,122.26051
Autoformer,8,90,125.0,113.964005
Autoformer,8,91,125.0,117.7321
Autoformer,8,92,125.0,115.15395
Autoformer,8,93,125.0,115.13282
Autoformer,8,94,125.0,118.71706
Autoformer,8,95,125.0,112.968155
Autoformer,8,96,125.0,111.21975
Autoformer,8,97,125.0,113.13696
Autoformer,8,98,125.0,114.95022
Autoformer,8,99,125.0,117.529305
Autoformer,8,100,125.0,115.77755
Autoformer,8,101,125.0,110.865585
Autoformer,8,102,125.0,111.068985
Autoformer,8,103,125.0,111.38744
Autoformer,8,104,125.0,111.96603
Autoformer,8,105,125.0,110.91843
Autoformer,8,106,125.0,112.06521
Autoformer,8,107,125.0,113.72599
Autoformer,8,108,125.0,112.26323
Autoformer,8,109,125.0,108.94276
Autoformer,8,110,125.0,112.70781
Autoformer,8,111,125.0,104.14475
Autoformer,8,112,125.0,107.77958
Autoformer,8,113,125.0,104.41801
Autoformer,8,114,125.0,103.86848
Autoformer,8,115,125.0,106.007256
Autoformer,8,116,125.0,102.936
Autoformer,8,117,125.0,106.93687
Autoformer,8,118,125.0,113.86625
Autoformer,8,119,125.0,115.273544
Autoformer,8,120,125.0,113.96891
Autoformer,8,121,125.0,115.11571
Autoformer,8,122,125.0,110.97332
Autoformer,8,123,125.0,109.04006
Autoformer,8,124,125.0,110.65749
Autoformer,8,125,125.0,113.662895
Autoformer,8,126,125.0,111.46576
Autoformer,8,127,125.0,115.585556
Autoformer,8,128,125.0,115.91874
Autoformer,8,129,125.0,107.50398
Autoformer,8,130,125.0,105.966774
Autoformer,8,131,125.0,104.70999
Autoformer,8,132,125.0,107.95097
Autoformer,8,133,125.0,109.86204
Autoformer,8,134,125.0,108.29551
Autoformer,8,135,125.0,108.24466
Autoformer,8,136,125.0,108.005325
Autoformer,8,137,124.0,105.30013
Autoformer,8,138,123.0,105.896286
Autoformer,8,139,122.0,110.30644
Autoformer,8,140,121.0,102.25717
Autoformer,8,141,120.0,105.157974
Autoformer,8,142,119.0,106.624306
Autoformer,8,143,118.0,106.25863
Autoformer,8,144,117.0,106.23513
Autoformer,8,145,116.0,100.506584
Autoformer,8,146,115.0,104.38563
Autoformer,8,147,114.0,105.08671
Autoformer,8,148,113.0,110.49079
Autoformer,8,149,112.0,110.60828
Autoformer,8,150,111.0,110.79101
Autoformer,8,151,110.0,103.56275
Autoformer,8,152,109.0,103.53717
Autoformer,8,153,108.0,97.41869
Autoformer,8,154,107.0,93.605736
Autoformer,8,155,106.0,100.757256
Autoformer,8,156,105.0,108.32915
Autoformer,8,157,104.0,99.91027
Autoformer,8,158,103.0,98.15511
Autoformer,8,159,102.0,97.95466
Autoformer,8,160,101.0,95.36942
Autoformer,8,161,100.0,96.59705
Autoformer,8,162,99.0,95.30815
Autoformer,8,163,98.0,94.567
Autoformer,8,164,97.0,102.57276
Autoformer,8,165,96.0,96.878525
Autoformer,8,166,95.0,93.67731
Autoformer,9,30,125.0,106.59924
Autoformer,9,31,125.0,102.01414
Autoformer,9,32,125.0,107.37942
Autoformer,9,33,125.0,101.80317
Autoformer,9,34,125.0,108.60559
Autoformer,9,35,125.0,94.88738
Autoformer,9,36,125.0,104.588135
Autoformer,9,37,125.0,102.73388
Autoformer,9,38,125.0,104.32181
Autoformer,9,39,125.0,110.689415
Autoformer,9,40,125.0,105.1918
Autoformer,9,41,125.0,108.68526
Autoformer,9,42,124.0,102.25053
Autoformer,9,43,123.0,96.35353
Autoformer,9,44,122.0,98.19832
Autoformer,9,45,121.0,100.42413
Autoformer,9,46,120.0,105.9164
Autoformer,9,47,119.0,105.2011
Autoformer,9,48,118.0,109.927536
Autoformer,9,49,117.0,110.754456
Autoformer,9,50,116.0,114.0625
Autoformer,9,51,115.0,108.97113
Autoformer,9,52,114.0,107.662704
Autoformer,9,53,113.0,99.881485
Autoformer,9,54,112.0,108.64304
Autoformer,9,55,111.0,104.11543
Autoformer,10,30,125.0,116.344795
Autoformer,10,31,125.0,117.523766
Autoformer,10,32,125.0,113.41299
Autoformer,10,33,125.0,114.31293
Autoformer,10,34,125.0,120.22222
Autoformer,10,35,125.0,116.74408
Autoformer,10,36,125.0,120.482704
Autoformer,10,37,125.0,116.504814
Autoformer,10,38,125.0,120.309906
Autoformer,10,39,125.0,118.352036
Autoformer,10,40,125.0,118.86688
Autoformer,10,41,125.0,117.24993
Autoformer,10,42,125.0,119.80875
Autoformer,10,43,125.0,116.7251
Autoformer,10,44,125.0,115.0393
Autoformer,10,45,125.0,116.69826
Autoformer,10,46,125.0,117.75611
Autoformer,10,47,125.0,113.98241
Autoformer,10,48,125.0,113.301796
Autoformer,10,49,125.0,120.81042
Autoformer,10,50,125.0,117.2332
Autoformer,10,51,125.0,116.14531
Autoformer,10,52,125.0,117.42716
Autoformer,10,53,125.0,118.562035
Autoformer,10,54,125.0,119.974014
Autoformer,10,55,125.0,118.05824
Autoformer,10,56,125.0,120.76055
Autoformer,10,57,125.0,114.522125
Autoformer,10,58,125.0,111.19496
Autoformer,10,59,125.0,112.267624
Autoformer,10,60,125.0,111.28589
Autoformer,10,61,125.0,115.14608
Autoformer,10,62,125.0,114.324814
Autoformer,10,63,125.0,113.99167
Autoformer,10,64,125.0,114.54668
Autoformer,10,65,125.0,117.63284
Autoformer,10,66,125.0,115.54434
Autoformer,10,67,125.0,117.85577
Autoformer,10,68,125.0,112.27704
Autoformer,10,69,125.0,116.89703
Autoformer,10,70,125.0,116.79461
Autoformer,10,71,125.0,118.097466
Autoformer,10,72,125.0,118.39912
Autoformer,10,73,125.0,117.86557
Autoformer,10,74,125.0,120.37813
Autoformer,10,75,125.0,115.20873
Autoformer,10,76,125.0,118.68817
Autoformer,10,77,125.0,116.83347
Autoformer,10,78,125.0,121.18329
Autoformer,10,79,125.0,118.33019
Autoformer,10,80,125.0,115.499596
Autoformer,10,81,125.0,116.315315
Autoformer,10,82,125.0,116.8495
Autoformer,10,83,125.0,117.38807
Autoformer,10,84,125.0,116.54077
Autoformer,10,85,125.0,115.18823
Autoformer,10,86,125.0,116.30834
Autoformer,10,87,125.0,114.93227
Autoformer,10,88,125.0,115.77482
Autoformer,10,89,125.0,112.22048
Autoformer,10,90,125.0,116.09416
Autoformer,10,91,125.0,117.792496
Autoformer,10,92,125.0,118.34244
Autoformer,10,93,125.0,118.103195
Autoformer,10,94,125.0,118.74449
Autoformer,10,95,125.0,120.60743
Autoformer,10,96,125.0,119.17786
Autoformer,10,97,125.0,118.763054
Autoformer,10,98,125.0,117.015686
Autoformer,10,99,125.0,121.76248
Autoformer,10,100,125.0,121.17266
Autoformer,10,101,125.0,121.43454
Autoformer,10,102,125.0,121.95975
Autoformer,10,103,125.0,120.48686
Autoformer,10,104,125.0,114.8173
Autoformer,10,105,125.0,115.14045
Autoformer,10,106,125.0,113.56896
Autoformer,10,107,125.0,116.70197
Autoformer,10,108,125.0,114.66878
Autoformer,10,109,125.0,116.89342
Autoformer,10,110,125.0,119.30748
Autoformer,10,111,125.0,116.29366
Autoformer,10,112,125.0,114.79056
Autoformer,10,113,125.0,117.744225
Autoformer,10,114,125.0,117.64368
Autoformer,10,115,125.0,119.18583
Autoformer,10,116,125.0,114.54841
Autoformer,10,117,125.0,117.10105
Autoformer,10,118,125.0,113.2191
Autoformer,10,119,125.0,108.396034
Autoformer,10,120,125.0,109.81601
Autoformer,10,121,125.0,112.40553
Autoformer,10,122,125.0,118.048775
Autoformer,10,123,125.0,117.072754
Autoformer,10,124,125.0,115.95061
Autoformer,10,125,125.0,113.184105
Autoformer,10,126,125.0,111.00426
Autoformer,10,127,125.0,108.615814
Autoformer,10,128,125.0,112.61214
Autoformer,10,129,125.0,109.919846
Autoformer,10,130,125.0,113.539764
Autoformer,10,131,125.0,106.98949
Autoformer,10,132,125.0,106.68003
Autoformer,10,133,125.0,103.97346
Autoformer,10,134,125.0,105.408516
Autoformer,10,135,125.0,106.325424
Autoformer,10,136,125.0,109.726845
Autoformer,10,137,125.0,110.98485
Autoformer,10,138,125.0,113.51176
Autoformer,10,139,125.0,114.41795
Autoformer,10,140,125.0,112.61095
Autoformer,10,141,125.0,116.94636
Autoformer,10,142,125.0,113.99337
Autoformer,10,143,125.0,117.19011
Autoformer,10,144,125.0,113.10408
Autoformer,10,145,125.0,114.181725
Autoformer,10,146,125.0,115.1294
Autoformer,10,147,125.0,115.48578
Autoformer,10,148,125.0,113.344795
Autoformer,10,149,125.0,114.06452
Autoformer,10,150,125.0,108.62914
Autoformer,10,151,125.0,111.88358
Autoformer,10,152,125.0,109.81615
Autoformer,10,153,125.0,112.46003
Autoformer,10,154,125.0,109.99074
Autoformer,10,155,125.0,109.732735
Autoformer,10,156,125.0,110.85748
Autoformer,10,157,125.0,110.114044
Autoformer,10,158,125.0,111.69077
Autoformer,10,159,125.0,112.4272
Autoformer,10,160,125.0,109.88877
Autoformer,10,161,125.0,111.2488
Autoformer,10,162,125.0,109.01315
Autoformer,10,163,125.0,110.51589
Autoformer,10,164,124.0,109.47611
Autoformer,10,165,123.0,111.52995
Autoformer,10,166,122.0,111.43837
Autoformer,10,167,121.0,108.97849
Autoformer,10,168,120.0,104.813416
Autoformer,10,169,119.0,105.74103
Autoformer,10,170,118.0,101.24797
Autoformer,10,171,117.0,101.53772
Autoformer,10,172,116.0,100.87172
Autoformer,10,173,115.0,100.413345
Autoformer,10,174,114.0,100.278694
Autoformer,10,175,113.0,97.57618
Autoformer,10,176,112.0,101.39816
Autoformer,10,177,111.0,102.36148
Autoformer,10,178,110.0,111.36605
Autoformer,10,179,109.0,109.574394
Autoformer,10,180,108.0,104.91328
Autoformer,10,181,107.0,103.690094
Autoformer,10,182,106.0,101.47707
Autoformer,10,183,105.0,100.10914
Autoformer,10,184,104.0,102.020004
Autoformer,10,185,103.0,102.41803
Autoformer,10,186,102.0,99.93815
Autoformer,10,187,101.0,96.114784
Autoformer,10,188,100.0,101.88884
Autoformer,10,189,99.0,95.05303
Autoformer,10,190,98.0,98.789734
Autoformer,10,191,97.0,100.57988
Autoformer,10,192,96.0,97.54156
Autoformer,11,30,125.0,106.72841
Autoformer,11,31,125.0,102.41166
Autoformer,11,32,125.0,102.48218
Autoformer,11,33,125.0,103.34382
Autoformer,11,34,125.0,111.98662
Autoformer,11,35,125.0,109.835945
Autoformer,11,36,125.0,115.45151
Autoformer,11,37,125.0,111.57578
Autoformer,11,38,125.0,109.58379
Autoformer,11,39,125.0,105.04512
Autoformer,11,40,125.0,105.28268
Autoformer,11,41,125.0,109.84454
Autoformer,11,42,125.0,106.84883
Autoformer,11,43,125.0,107.49943
Autoformer,11,44,125.0,108.5848
Autoformer,11,45,125.0,110.79242
Autoformer,11,46,125.0,106.36469
Autoformer,11,47,125.0,108.94243
Autoformer,11,48,125.0,102.817726
Autoformer,11,49,125.0,99.534744
Autoformer,11,50,125.0,95.75524
Autoformer,11,51,125.0,95.14109
Autoformer,11,52,125.0,103.184456
Autoformer,11,53,125.0,103.66961
Autoformer,11,54,125.0,98.373
Autoformer,11,55,125.0,100.1747
Autoformer,11,56,124.0,101.670044
Autoformer,11,57,123.0,104.22088
Autoformer,11,58,122.0,107.81293
Autoformer,11,59,121.0,101.91207
Autoformer,11,60,120.0,94.328026
Autoformer,11,61,119.0,102.386826
Autoformer,11,62,118.0,103.48864
Autoformer,11,63,117.0,103.13404
Autoformer,11,64,116.0,102.42327
Autoformer,11,65,115.0,108.43549
Autoformer,11,66,114.0,111.96502
Autoformer,11,67,113.0,113.755264
Autoformer,11,68,112.0,107.81478
Autoformer,11,69,111.0,106.53975
Autoformer,11,70,110.0,99.96419
Autoformer,11,71,109.0,105.288414
Autoformer,11,72,108.0,106.241234
Autoformer,11,73,107.0,97.54101
Autoformer,11,74,106.0,95.165405
Autoformer,11,75,105.0,91.52283
Autoformer,11,76,104.0,91.841835
Autoformer,11,77,103.0,83.262596
Autoformer,11,78,102.0,85.17511
Autoformer,11,79,101.0,92.26675
Autoformer,11,80,100.0,79.6178
Autoformer,11,81,99.0,89.66574
Autoformer,11,82,98.0,89.611046
Autoformer,11,83,97.0,82.92989
Autoformer,12,30,125.0,120.82913
Autoformer,12,31,125.0,119.766914
Autoformer,12,32,125.0,123.51858
Autoformer,12,33,125.0,121.51086
Autoformer,12,34,125.0,123.82864
Autoformer,12,35,125.0,125.5892
Autoformer,12,36,125.0,124.50594
Autoformer,12,37,125.0,124.03066
Autoformer,12,38,125.0,123.0487
Autoformer,12,39,125.0,122.85929
Autoformer,12,40,125.0,123.60319
Autoformer,12,41,125.0,122.04474
Autoformer,12,42,125.0,120.74954
Autoformer,12,43,125.0,121.03128
Autoformer,12,44,125.0,121.109215
Autoformer,12,45,125.0,121.17943
Autoformer,12,46,125.0,123.902466
Autoformer,12,47,125.0,123.56286
Autoformer,12,48,125.0,121.6748
Autoformer,12,49,125.0,121.76516
Autoformer,12,50,125.0,118.23536
Autoformer,12,51,125.0,116.92196
Autoformer,12,52,125.0,117.669754
Autoformer,12,53,125.0,120.022606
Autoformer,12,54,125.0,120.28415
Autoformer,12,55,125.0,122.3132
Autoformer,12,56,125.0,123.42663
Autoformer,12,57,125.0,123.603455
Autoformer,12,58,125.0,124.776146
Autoformer,12,59,125.0,124.29291
Autoformer,12,60,125.0,120.79904
Autoformer,12,61,125.0,121.51798
Autoformer,12,62,125.0,121.50684
Autoformer,12,63,125.0,120.94087
Autoformer,12,64,125.0,119.77562
Autoformer,12,65,125.0,120.85343
Autoformer,12,66,125.0,121.36831
Autoformer,12,67,125.0,121.07476
Autoformer,12,68,125.0,119.61679
Autoformer,12,69,125.0,118.72622
Autoformer,12,70,125.0,117.182175
Autoformer,12,71,125.0,118.38321
Autoformer,12,72,125.0,117.017815
Autoformer,12,73,125.0,120.30239
Autoformer,12,74,125.0,117.450874
Autoformer,12,75,125.0,116.93565
Autoformer,12,76,125.0,118.7033
Autoformer,12,77,125.0,118.077095
Autoformer,12,78,125.0,115.6613
Autoformer,12,79,125.0,120.76004
Autoformer,12,80,125.0,122.8268
Autoformer,12,81,125.0,120.065025
Autoformer,12,82,125.0,121.03852
Autoformer,12,83,125.0,119.682976
Autoformer,12,84,125.0,118.308495
Autoformer,12,85,125.0,119.15834
Autoformer,12,86,125.0,119.170715
Autoformer,12,87,125.0,120.04603
Autoformer,12,88,125.0,117.73759
Autoformer,12,89,125.0,116.71941
Autoformer,12,90,125.0,120.71424
Autoformer,12,91,125.0,117.82541
Autoformer,12,92,125.0,116.86804
Autoformer,12,93,125.0,119.58453
Autoformer,12,94,125.0,120.57474
Autoformer,12,95,125.0,114.50929
Autoformer,12,96,125.0,112.514565
Autoformer,12,97,125.0,115.20838
Autoformer,12,98,125.0,115.84124
Autoformer,12,99,125.0,121.167564
Autoformer,12,100,125.0,118.80743
Autoformer,12,101,125.0,121.37003
Autoformer,12,102,125.0,120.48597
Autoformer,12,103,125.0,122.074814
Autoformer,12,104,125.0,121.553085
Autoformer,12,105,125.0,121.091805
Autoformer,12,106,125.0,119.97477
Autoformer,12,107,125.0,118.97616
Autoformer,12,108,125.0,117.95207
Autoformer,12,109,125.0,118.01825
Autoformer,12,110,125.0,123.60973
Autoformer,12,111,125.0,118.83397
Autoformer,12,112,125.0,122.02161
Autoformer,12,113,125.0,119.2411
Autoformer,12,114,125.0,120.77002
Autoformer,12,115,125.0,115.57269
Autoformer,12,116,125.0,119.087456
Autoformer,12,117,125.0,118.83752
Autoformer,12,118,125.0,119.26974
Autoformer,12,119,125.0,113.99046
Autoformer,12,120,125.0,118.299675
Autoformer,12,121,125.0,119.07753
Autoformer,12,122,125.0,116.94907
Autoformer,12,123,125.0,117.34897
Autoformer,12,124,125.0,115.28751
Autoformer,12,125,125.0,115.57328
Autoformer,12,126,125.0,117.30428
Autoformer,12,127,125.0,116.58078
Autoformer,12,128,125.0,117.03409
Autoformer,12,129,125.0,114.26434
Autoformer,12,130,125.0,119.07239
Autoformer,12,131,125.0,120.50361
Autoformer,12,132,125.0,122.62268
Autoformer,12,133,125.0,120.43692
Autoformer,12,134,125.0,122.66002
Autoformer,12,135,125.0,119.12445
Autoformer,12,136,125.0,116.86463
Autoformer,12,137,125.0,117.31512
Autoformer,12,138,125.0,113.417305
Autoformer,12,139,125.0,112.60058
Autoformer,12,140,125.0,117.79329
Autoformer,12,141,125.0,117.73584
Autoformer,12,142,125.0,120.848694
Autoformer,12,143,125.0,119.114975
Autoformer,12,144,125.0,119.61723
Autoformer,12,145,125.0,115.70578
Autoformer,12,146,125.0,115.099266
Autoformer,12,147,125.0,115.074005
Autoformer,12,148,125.0,115.70754
Autoformer,12,149,125.0,114.986046
Autoformer,12,150,125.0,115.125824
Autoformer,12,151,125.0,114.364624
Autoformer,12,152,125.0,111.918144
Autoformer,12,153,125.0,114.300964
Autoformer,12,154,125.0,114.343765
Autoformer,12,155,125.0,115.90903
Autoformer,12,156,125.0,114.310394
Autoformer,12,157,125.0,110.87755
Autoformer,12,158,125.0,106.000084
Autoformer,12,159,125.0,110.52558
Autoformer,12,160,125.0,112.08347
Autoformer,12,161,125.0,111.09564
Autoformer,12,162,125.0,112.0835
Autoformer,12,163,125.0,108.97041
Autoformer,12,164,125.0,106.90871
Autoformer,12,165,125.0,110.26984
Autoformer,12,166,125.0,108.52661
Autoformer,12,167,125.0,112.4009
Autoformer,12,168,125.0,109.22072
Autoformer,12,169,125.0,112.69025
Autoformer,12,170,125.0,117.050415
Autoformer,12,171,125.0,117.43886
Autoformer,12,172,125.0,114.880196
Autoformer,12,173,125.0,113.632614
Autoformer,12,174,125.0,114.17934
Autoformer,12,175,125.0,112.28818
Autoformer,12,176,125.0,112.27648
Autoformer,12,177,125.0,111.405
Autoformer,12,178,125.0,113.90875
Autoformer,12,179,125.0,113.95997
Autoformer,12,180,125.0,115.93245
Autoformer,12,181,125.0,113.967354
Autoformer,12,182,125.0,109.29917
Autoformer,12,183,125.0,106.31038
Autoformer,12,184,125.0,108.197815
Autoformer,12,185,125.0,108.1288
Autoformer,12,186,125.0,105.8132
Autoformer,12,187,125.0,111.164566
Autoformer,12,188,125.0,110.29332
Autoformer,12,189,125.0,109.096344
Autoformer,12,190,125.0,107.11475
Autoformer,12,191,125.0,108.23242
Autoformer,12,192,125.0,105.4718
Autoformer,12,193,125.0,106.50093
Autoformer,12,194,125.0,104.4065
Autoformer,12,195,125.0,102.68021
Autoformer,12,196,125.0,97.18949
Autoformer,12,197,125.0,100.29448
Autoformer,12,198,125.0,99.41251
Autoformer,12,199,125.0,101.49669
Autoformer,12,200,125.0,106.00014
Autoformer,12,201,125.0,109.83214
Autoformer,12,202,125.0,106.57481
Autoformer,12,203,125.0,106.26187
Autoformer,12,204,125.0,103.99578
Autoformer,12,205,125.0,97.99195
Autoformer,12,206,125.0,98.38387
Autoformer,12,207,125.0,101.87603
Autoformer,12,208,125.0,99.35619
Autoformer,12,209,125.0,100.58733
Autoformer,12,210,125.0,102.568375
Autoformer,12,211,125.0,100.20396
Autoformer,12,212,125.0,97.336105
Autoformer,12,213,125.0,98.134
Autoformer,12,214,125.0,92.53069
Autoformer,12,215,125.0,94.60037
Autoformer,12,216,125.0,96.05169
Autoformer,12,217,124.0,86.4579
Autoformer,13,30,125.0,119.792336
Autoformer,13,31,125.0,120.23392
Autoformer,13,32,125.0,120.517975
Autoformer,13,33,125.0,119.1288
Autoformer,13,34,125.0,119.12852
Autoformer,13,35,125.0,117.91103
Autoformer,13,36,125.0,119.18495
Autoformer,13,37,125.0,120.51064
Autoformer,13,38,125.0,116.34705
Autoformer,13,39,125.0,111.14911
Autoformer,13,40,125.0,117.21613
Autoformer,13,41,125.0,119.68396
Autoformer,13,42,125.0,117.72112
Autoformer,13,43,125.0,117.043594
Autoformer,13,44,125.0,117.28758
Autoformer,13,45,125.0,118.19199
Autoformer,13,46,125.0,118.8864
Autoformer,13,47,125.0,124.27029
Autoformer,13,48,125.0,119.229164
Autoformer,13,49,125.0,119.415764
Autoformer,13,50,125.0,115.442825
Autoformer,13,51,125.0,116.4564
Autoformer,13,52,125.0,113.98397
Autoformer,13,53,125.0,119.64859
Autoformer,13,54,125.0,123.22065
Autoformer,13,55,125.0,120.345024
Autoformer,13,56,125.0,117.14419
Autoformer,13,57,125.0,117.8936
Autoformer,13,58,125.0,117.39982
Autoformer,13,59,125.0,117.3637
Autoformer,13,60,125.0,117.09648
Autoformer,13,61,125.0,117.12112
Autoformer,13,62,125.0,115.16602
Autoformer,13,63,125.0,116.07497
Autoformer,13,64,125.0,116.02738
Autoformer,13,65,125.0,116.426346
Autoformer,13,66,125.0,119.92696
Autoformer,13,67,125.0,119.11338
Autoformer,13,68,125.0,117.07508
Autoformer,13,69,125.0,113.72201
Autoformer,13,70,125.0,116.095276
Autoformer,13,71,125.0,114.77085
Autoformer,13,72,125.0,114.40202
Autoformer,13,73,125.0,117.21956
Autoformer,13,74,125.0,112.87332
Autoformer,13,75,125.0,114.27615
Autoformer,13,76,125.0,114.07974
Autoformer,13,77,125.0,118.857346
Autoformer,13,78,125.0,117.55287
Autoformer,13,79,125.0,115.99688
Autoformer,13,80,125.0,115.32166
Autoformer,13,81,125.0,115.00098
Autoformer,13,82,125.0,116.699524
Autoformer,13,83,125.0,116.173454
Autoformer,13,84,125.0,120.068085
Autoformer,13,85,125.0,119.850296
Autoformer,13,86,125.0,120.95989
Autoformer,13,87,125.0,117.575935
Autoformer,13,88,125.0,113.047005
Autoformer,13,89,125.0,111.86215
Autoformer,13,90,125.0,112.22298
Autoformer,13,91,125.0,114.61106
Autoformer,13,92,125.0,115.67996
Autoformer,13,93,125.0,117.95396
Autoformer,13,94,125.0,118.85469
Autoformer,13,95,125.0,117.59884
Autoformer,13,96,125.0,122.82666
Autoformer,13,97,125.0,117.3698
Autoformer,13,98,125.0,120.05991
Autoformer,13,99,125.0,116.67742
Autoformer,13,100,125.0,116.872856
Autoformer,13,101,125.0,113.790955
Autoformer,13,102,125.0,112.20498
Autoformer,13,103,125.0,115.185036
Autoformer,13,104,125.0,115.808365
Autoformer,13,105,125.0,116.68744
Autoformer,13,106,125.0,115.97989
Autoformer,13,107,125.0,117.39907
Autoformer,13,108,125.0,115.43415
Autoformer,13,109,125.0,110.73805
Autoformer,13,110,125.0,106.60672
Autoformer,13,111,125.0,108.422806
Autoformer,13,112,125.0,110.51965
Autoformer,13,113,125.0,114.188866
Autoformer,13,114,125.0,115.63366
Autoformer,13,115,125.0,110.05529
Autoformer,13,116,125.0,114.418594
Autoformer,13,117,125.0,115.596794
Autoformer,13,118,125.0,121.79078
Autoformer,13,119,125.0,122.4392
Autoformer,13,120,125.0,117.61174
Autoformer,13,121,125.0,115.24727
Autoformer,13,122,125.0,114.68958
Autoformer,13,123,125.0,113.38906
Autoformer,13,124,125.0,112.00952
Autoformer,13,125,125.0,111.00773
Autoformer,13,126,125.0,109.91375
Autoformer,13,127,125.0,110.61522
Autoformer,13,128,125.0,113.6887
Autoformer,13,129,125.0,114.560974
Autoformer,13,130,125.0,112.002945
Autoformer,13,131,125.0,112.36591
Autoformer,13,132,125.0,111.331635
Autoformer,13,133,125.0,111.381424
Autoformer,13,134,125.0,104.75632
Autoformer,13,135,125.0,112.50506
Autoformer,13,136,125.0,111.27355
Autoformer,13,137,125.0,113.79191
Autoformer,13,138,125.0,112.19267
Autoformer,13,139,125.0,114.899704
Autoformer,13,140,125.0,113.24624
Autoformer,13,141,125.0,112.55957
Autoformer,13,142,125.0,114.60657
Autoformer,13,143,125.0,113.3172
Autoformer,13,144,125.0,110.81742
Autoformer,13,145,125.0,112.433586
Autoformer,13,146,125.0,113.41882
Autoformer,13,147,125.0,110.461464
Autoformer,13,148,125.0,110.570015
Autoformer,13,149,125.0,110.25323
Autoformer,13,150,125.0,110.13664
Autoformer,13,151,125.0,107.2223
Autoformer,13,152,125.0,111.426704
Autoformer,13,153,125.0,111.71934
Autoformer,13,154,125.0,115.88496
Autoformer,13,155,125.0,117.71845
Autoformer,13,156,125.0,112.135635
Autoformer,13,157,125.0,111.47038
Autoformer,13,158,125.0,105.79918
Autoformer,13,159,125.0,102.57656
Autoformer,13,160,125.0,103.6063
Autoformer,13,161,125.0,105.22841
Autoformer,13,162,125.0,105.07844
Autoformer,13,163,125.0,113.288765
Autoformer,13,164,125.0,114.69456
Autoformer,13,165,125.0,111.47131
Autoformer,13,166,124.0,106.14843
Autoformer,13,167,123.0,103.878624
Autoformer,13,168,122.0,103.856995
Autoformer,13,169,121.0,110.98682
Autoformer,13,170,120.0,111.501656
Autoformer,13,171,119.0,111.64903
Autoformer,13,172,118.0,108.412926
Autoformer,13,173,117.0,103.53895
Autoformer,13,174,116.0,104.85471
Autoformer,13,175,115.0,100.749306
Autoformer,13,176,114.0,99.86313
Autoformer,13,177,113.0,103.202225
Autoformer,13,178,112.0,103.235405
Autoformer,13,179,111.0,103.12922
Autoformer,13,180,110.0,99.44808
Autoformer,13,181,109.0,104.565155
Autoformer,13,182,108.0,102.22957
Autoformer,13,183,107.0,107.998
Autoformer,13,184,106.0,104.30617
Autoformer,13,185,105.0,104.93869
Autoformer,13,186,104.0,105.71552
Autoformer,13,187,103.0,102.859116
Autoformer,13,188,102.0,107.11872
Autoformer,13,189,101.0,102.63617
Autoformer,13,190,100.0,99.96099
Autoformer,13,191,99.0,94.34181
Autoformer,13,192,98.0,98.519264
Autoformer,13,193,97.0,100.46895
Autoformer,13,194,96.0,97.11374
Autoformer,13,195,95.0,93.79973
Autoformer,14,30,123.0,110.14483
Autoformer,14,31,122.0,101.7273
Autoformer,14,32,121.0,110.29244
Autoformer,14,33,120.0,108.67651
Autoformer,14,34,119.0,106.89961
Autoformer,14,35,118.0,108.393036
Autoformer,14,36,117.0,108.822876
Autoformer,14,37,116.0,106.4231
Autoformer,14,38,115.0,109.567894
Autoformer,14,39,114.0,114.32659
Autoformer,14,40,113.0,99.85665
Autoformer,14,41,112.0,103.246864
Autoformer,14,42,111.0,100.274925
Autoformer,14,43,110.0,100.98468
Autoformer,14,44,109.0,89.95403
Autoformer,14,45,108.0,101.906685
Autoformer,14,46,107.0,101.04203
Autoformer,15,30,125.0,123.94849
Autoformer,15,31,125.0,122.36498
Autoformer,15,32,125.0,122.91136
Autoformer,15,33,125.0,121.20751
Autoformer,15,34,125.0,122.87237
Autoformer,15,35,124.0,121.63631
Autoformer,15,36,123.0,119.35144
Autoformer,15,37,122.0,118.758446
Autoformer,15,38,121.0,121.15295
Autoformer,15,39,120.0,120.56217
Autoformer,15,40,119.0,120.78869
Autoformer,15,41,118.0,123.04328
Autoformer,15,42,117.0,121.79983
Autoformer,15,43,116.0,120.64542
Autoformer,15,44,115.0,121.95822
Autoformer,15,45,114.0,120.06687
Autoformer,15,46,113.0,120.97055
Autoformer,15,47,112.0,121.832436
Autoformer,15,48,111.0,121.161995
Autoformer,15,49,110.0,119.60798
Autoformer,15,50,109.0,118.74007
Autoformer,15,51,108.0,118.516174
Autoformer,15,52,107.0,116.295494
Autoformer,15,53,106.0,116.912094
Autoformer,15,54,105.0,114.76099
Autoformer,15,55,104.0,111.89291
Autoformer,15,56,103.0,114.30225
Autoformer,15,57,102.0,113.17995
Autoformer,15,58,101.0,111.53624
Autoformer,15,59,100.0,117.07775
Autoformer,15,60,99.0,113.90823
Autoformer,15,61,98.0,117.40666
Autoformer,15,62,97.0,114.63569
Autoformer,15,63,96.0,117.7236
Autoformer,15,64,95.0,117.836334
Autoformer,15,65,94.0,116.36482
Autoformer,15,66,93.0,112.084785
Autoformer,15,67,92.0,115.43239
Autoformer,15,68,91.0,116.41653
Autoformer,15,69,90.0,119.29908
Autoformer,15,70,89.0,116.49855
Autoformer,15,71,88.0,116.864044
Autoformer,15,72,87.0,114.46932
Autoformer,15,73,86.0,115.20318
Autoformer,15,74,85.0,114.12301
Autoformer,15,75,84.0,115.039536
Autoformer,15,76,83.0,119.704094
Autoformer,16,30,125.0,121.60079
Autoformer,16,31,125.0,122.72666
Autoformer,16,32,125.0,122.118645
Autoformer,16,33,125.0,122.86683
Autoformer,16,34,125.0,120.680756
Autoformer,16,35,125.0,119.25396
Autoformer,16,36,125.0,118.6919
Autoformer,16,37,125.0,118.84936
Autoformer,16,38,125.0,122.470726
Autoformer,16,39,125.0,122.39215
Autoformer,16,40,125.0,122.59354
Autoformer,16,41,125.0,121.86577
Autoformer,16,42,125.0,121.50329
Autoformer,16,43,125.0,119.858376
Autoformer,16,44,125.0,121.52013
Autoformer,16,45,125.0,118.72501
Autoformer,16,46,125.0,121.83643
Autoformer,16,47,125.0,121.766655
Autoformer,16,48,125.0,123.71733
Autoformer,16,49,125.0,122.77097
Autoformer,16,50,125.0,121.45604
Autoformer,16,51,125.0,125.881355
Autoformer,16,52,125.0,123.95651
Autoformer,16,53,125.0,122.62871
Autoformer,16,54,125.0,121.45836
Autoformer,16,55,125.0,121.393364
Autoformer,16,56,125.0,119.8762
Autoformer,16,57,125.0,123.23415
Autoformer,16,58,125.0,122.99352
Autoformer,16,59,125.0,123.08578
Autoformer,16,60,125.0,122.685104
Autoformer,16,61,125.0,122.866104
Autoformer,16,62,125.0,122.82411
Autoformer,16,63,125.0,121.381874
Autoformer,16,64,125.0,120.74343
Autoformer,16,65,125.0,121.92415
Autoformer,16,66,125.0,121.36815
Autoformer,16,67,125.0,122.959435
Autoformer,16,68,125.0,120.94797
Autoformer,16,69,125.0,121.394226
Autoformer,16,70,125.0,120.53705
Autoformer,16,71,125.0,117.026505
Autoformer,16,72,125.0,118.8022
Autoformer,16,73,124.0,119.68929
Autoformer,16,74,123.0,120.53611
Autoformer,16,75,122.0,119.08982
Autoformer,16,76,121.0,121.193954
Autoformer,16,77,120.0,120.63436
Autoformer,16,78,119.0,122.40814
Autoformer,16,79,118.0,121.0609
Autoformer,16,80,117.0,119.896095
Autoformer,16,81,116.0,116.76263
Autoformer,16,82,115.0,117.01215
Autoformer,16,83,114.0,118.6663
Autoformer,16,84,113.0,116.53413
Autoformer,16,85,112.0,119.18287
Autoformer,16,86,111.0,120.49215
Autoformer,16,87,110.0,120.65692
Autoformer,16,88,109.0,118.659256
Autoformer,16,89,108.0,120.02551
Autoformer,16,90,107.0,120.13622
Autoformer,16,91,106.0,116.5408
Autoformer,16,92,105.0,114.74879
Autoformer,16,93,104.0,115.118004
Autoformer,16,94,103.0,111.3562
Autoformer,16,95,102.0,116.83141
Autoformer,16,96,101.0,115.93687
Autoformer,16,97,100.0,118.534775
Autoformer,16,98,99.0,118.68365
Autoformer,16,99,98.0,118.548454
Autoformer,16,100,97.0,114.59576
Autoformer,16,101,96.0,115.37734
Autoformer,16,102,95.0,112.72012
Autoformer,16,103,94.0,114.75015
Autoformer,16,104,93.0,112.13217
Autoformer,16,105,92.0,113.26519
Autoformer,16,106,91.0,112.848274
Autoformer,16,107,90.0,114.002045
Autoformer,16,108,89.0,111.15561
Autoformer,16,109,88.0,112.84373
Autoformer,16,110,87.0,110.57227
Autoformer,16,111,86.0,109.32821
Autoformer,16,112,85.0,110.90886
Autoformer,16,113,84.0,108.46489
Autoformer,17,30,125.0,113.40771
Autoformer,17,31,125.0,118.126686
Autoformer,17,32,125.0,119.78801
Autoformer,17,33,125.0,114.65183
Autoformer,17,34,125.0,114.13149
Autoformer,17,35,125.0,108.27459
Autoformer,17,36,125.0,110.869896
Autoformer,17,37,125.0,114.569855
Autoformer,17,38,125.0,115.73562
Autoformer,17,39,125.0,109.77773
Autoformer,17,40,125.0,112.71532
Autoformer,17,41,125.0,112.62286
Autoformer,17,42,125.0,111.78215
Autoformer,17,43,125.0,113.36762
Autoformer,17,44,125.0,114.12033
Autoformer,17,45,125.0,112.42471
Autoformer,17,46,125.0,108.45308
Autoformer,17,47,125.0,112.98227
Autoformer,17,48,125.0,112.08909
Autoformer,17,49,125.0,107.170265
Autoformer,17,50,125.0,111.427376
Autoformer,17,51,125.0,111.829185
Autoformer,17,52,125.0,108.03886
Autoformer,17,53,125.0,107.771
Autoformer,17,54,125.0,109.366325
Autoformer,17,55,125.0,110.259674
Autoformer,17,56,125.0,109.82092
Autoformer,17,57,125.0,109.23036
Autoformer,17,58,125.0,113.43389
Autoformer,17,59,125.0,110.86203
Autoformer,17,60,125.0,111.52867
Autoformer,17,61,125.0,109.967155
Autoformer,17,62,125.0,110.03446
Autoformer,17,63,125.0,106.83888
Autoformer,17,64,125.0,110.5493
Autoformer,17,65,125.0,110.30375
Autoformer,17,66,125.0,108.44981
Autoformer,17,67,125.0,110.08715
Autoformer,17,68,125.0,109.568146
Autoformer,17,69,125.0,108.5336
Autoformer,17,70,125.0,108.45584
Autoformer,17,71,125.0,106.260704
Autoformer,17,72,125.0,108.38217
Autoformer,17,73,125.0,106.35592
Autoformer,17,74,125.0,108.75064
Autoformer,17,75,125.0,104.78609
Autoformer,17,76,125.0,104.21086
Autoformer,17,77,125.0,108.40557
Autoformer,17,78,125.0,109.464355
Autoformer,17,79,125.0,108.78712
Autoformer,17,80,125.0,108.218216
Autoformer,17,81,125.0,107.26524
Autoformer,17,82,125.0,105.2397
Autoformer,17,83,125.0,108.030174
Autoformer,17,84,125.0,106.65686
Autoformer,17,85,125.0,108.14898
Autoformer,17,86,125.0,107.450714
Autoformer,17,87,125.0,104.09651
Autoformer,17,88,125.0,106.33807
Autoformer,17,89,125.0,104.60694
Autoformer,17,90,125.0,108.07032
Autoformer,17,91,124.0,105.2342
Autoformer,17,92,123.0,107.06141
Autoformer,17,93,122.0,103.286964
Autoformer,17,94,121.0,103.4764
Autoformer,17,95,120.0,106.941444
Autoformer,17,96,119.0,103.288666
Autoformer,17,97,118.0,101.58355
Autoformer,17,98,117.0,101.06836
Autoformer,17,99,116.0,99.03924
Autoformer,17,100,115.0,97.54762
Autoformer,17,101,114.0,97.69447
Autoformer,17,102,113.0,97.90234
Autoformer,17,103,112.0,96.77261
Autoformer,17,104,111.0,95.74278
Autoformer,17,105,110.0,96.45188
Autoformer,17,106,109.0,96.03983
Autoformer,17,107,108.0,88.57377
Autoformer,17,108,107.0,92.4029
Autoformer,17,109,106.0,91.55879
Autoformer,17,110,105.0,93.25485
Autoformer,17,111,104.0,90.18055
Autoformer,17,112,103.0,91.41506
Autoformer,17,113,102.0,96.18513
Autoformer,17,114,101.0,98.53343
Autoformer,17,115,100.0,97.05398
Autoformer,17,116,99.0,92.995255
Autoformer,17,117,98.0,90.253624
Autoformer,17,118,97.0,94.51642
Autoformer,17,119,96.0,91.42116
Autoformer,17,120,95.0,86.64859
Autoformer,17,121,94.0,84.828476
Autoformer,17,122,93.0,87.080864
Autoformer,17,123,92.0,89.29447
Autoformer,17,124,91.0,88.7669
Autoformer,17,125,90.0,87.49187
Autoformer,17,126,89.0,86.05911
Autoformer,17,127,88.0,89.42056
Autoformer,17,128,87.0,89.32322
Autoformer,17,129,86.0,87.179596
Autoformer,17,130,85.0,88.11987
Autoformer,17,131,84.0,82.44953
Autoformer,17,132,83.0,81.60667
Autoformer,17,133,82.0,81.13868
Autoformer,17,134,81.0,87.99376
Autoformer,17,135,80.0,82.85608
Autoformer,17,136,79.0,81.34242
Autoformer,17,137,78.0,82.52699
Autoformer,17,138,77.0,84.43241
Autoformer,17,139,76.0,72.91504
Autoformer,17,140,75.0,75.59907
Autoformer,17,141,74.0,77.22412
Autoformer,17,142,73.0,81.429726
Autoformer,17,143,72.0,78.765236
Autoformer,17,144,71.0,70.65517
Autoformer,17,145,70.0,73.08918
Autoformer,17,146,69.0,70.76393
Autoformer,17,147,68.0,76.916
Autoformer,17,148,67.0,71.44812
Autoformer,17,149,66.0,71.50657
Autoformer,17,150,65.0,70.31935
Autoformer,17,151,64.0,65.56037
Autoformer,17,152,63.0,59.901375
Autoformer,17,153,62.0,59.41492
Autoformer,17,154,61.0,59.317112
Autoformer,17,155,60.0,61.13335
Autoformer,17,156,59.0,59.27079
Autoformer,17,157,58.0,57.15422
Autoformer,17,158,57.0,53.761463
Autoformer,17,159,56.0,55.71073
Autoformer,17,160,55.0,52.80953
Autoformer,17,161,54.0,53.377018
Autoformer,17,162,53.0,54.712704
Autoformer,17,163,52.0,50.17138
Autoformer,17,164,51.0,54.422897
Autoformer,17,165,50.0,49.73234
Autoformer,18,30,125.0,112.405014
Autoformer,18,31,125.0,111.808815
Autoformer,18,32,125.0,113.10966
Autoformer,18,33,125.0,115.11574
Autoformer,18,34,125.0,114.10859
Autoformer,18,35,125.0,112.23045
Autoformer,18,36,125.0,113.22307
Autoformer,18,37,124.0,108.64637
Autoformer,18,38,123.0,109.91635
Autoformer,18,39,122.0,110.75567
Autoformer,18,40,121.0,112.293274
Autoformer,18,41,120.0,110.620476
Autoformer,18,42,119.0,106.833435
Autoformer,18,43,118.0,109.50832
Autoformer,18,44,117.0,113.5273
Autoformer,18,45,116.0,115.67204
Autoformer,18,46,115.0,115.21947
Autoformer,18,47,114.0,119.320564
Autoformer,18,48,113.0,115.668884
Autoformer,18,49,112.0,116.44049
Autoformer,18,50,111.0,113.549034
Autoformer,18,51,110.0,112.89456
Autoformer,18,52,109.0,110.80854
Autoformer,18,53,108.0,110.37632
Autoformer,18,54,107.0,112.28892
Autoformer,18,55,106.0,115.726265
Autoformer,18,56,105.0,112.881714
Autoformer,18,57,104.0,113.82456
Autoformer,18,58,103.0,112.273415
Autoformer,18,59,102.0,109.11131
Autoformer,18,60,101.0,109.973564
Autoformer,18,61,100.0,109.50661
Autoformer,18,62,99.0,110.36828
Autoformer,18,63,98.0,106.045975
Autoformer,18,64,97.0,110.1122
Autoformer,18,65,96.0,108.7189
Autoformer,18,66,95.0,113.29355
Autoformer,18,67,94.0,112.03127
Autoformer,18,68,93.0,110.56707
Autoformer,18,69,92.0,113.77481
Autoformer,18,70,91.0,115.40089
Autoformer,18,71,90.0,117.39906
Autoformer,18,72,89.0,119.192535
Autoformer,18,73,88.0,116.65737
Autoformer,18,74,87.0,116.902054
Autoformer,18,75,86.0,116.32404
Autoformer,18,76,85.0,118.01094
Autoformer,18,77,84.0,118.83796
Autoformer,18,78,83.0,117.20402
Autoformer,18,79,82.0,110.90686
Autoformer,18,80,81.0,109.1261
Autoformer,18,81,80.0,105.8886
Autoformer,18,82,79.0,108.6721
Autoformer,18,83,78.0,103.86472
Autoformer,18,84,77.0,103.93073
Autoformer,18,85,76.0,108.1269
Autoformer,18,86,75.0,103.00579
Autoformer,18,87,74.0,107.84819
Autoformer,18,88,73.0,107.12597
Autoformer,18,89,72.0,110.709175
Autoformer,18,90,71.0,109.69524
Autoformer,18,91,70.0,109.922195
Autoformer,18,92,69.0,115.83823
Autoformer,18,93,68.0,108.84889
Autoformer,18,94,67.0,105.60956
Autoformer,18,95,66.0,104.20726
Autoformer,18,96,65.0,108.121475
Autoformer,18,97,64.0,110.70842
Autoformer,18,98,63.0,112.26232
Autoformer,18,99,62.0,106.882454
Autoformer,18,100,61.0,109.26964
Autoformer,18,101,60.0,105.57922
Autoformer,18,102,59.0,106.5531
Autoformer,18,103,58.0,101.930046
Autoformer,18,104,57.0,101.00815
Autoformer,18,105,56.0,103.49321
Autoformer,18,106,55.0,105.64501
Autoformer,18,107,54.0,108.40271
Autoformer,18,108,53.0,106.14914
Autoformer,18,109,52.0,108.440056
Autoformer,18,110,51.0,106.96124
Autoformer,18,111,50.0,105.588264
Autoformer,18,112,49.0,99.619064
Autoformer,18,113,48.0,92.326416
Autoformer,18,114,47.0,107.563446
Autoformer,18,115,46.0,103.981026
Autoformer,18,116,45.0,104.84759
Autoformer,18,117,44.0,102.44878
Autoformer,18,118,43.0,97.34243
Autoformer,18,119,42.0,94.51448
Autoformer,18,120,41.0,96.13539
Autoformer,18,121,40.0,88.330246
Autoformer,18,122,39.0,88.50186
Autoformer,18,123,38.0,89.419334
Autoformer,18,124,37.0,89.86625
Autoformer,18,125,36.0,92.82073
Autoformer,18,126,35.0,81.64203
Autoformer,18,127,34.0,84.51816
Autoformer,18,128,33.0,74.71197
Autoformer,18,129,32.0,71.37565
Autoformer,18,130,31.0,74.26599
Autoformer,18,131,30.0,73.314766
Autoformer,18,132,29.0,66.58776
Autoformer,18,133,28.0,62.605347
Autoformer,19,30,125.0,123.193085
Autoformer,19,31,125.0,124.065956
Autoformer,19,32,125.0,120.93701
Autoformer,19,33,125.0,121.126236
Autoformer,19,34,125.0,121.05159
Autoformer,19,35,125.0,126.15005
Autoformer,19,36,125.0,123.5672
Autoformer,19,37,125.0,121.98108
Autoformer,19,38,125.0,121.835365
Autoformer,19,39,125.0,118.043365
Autoformer,19,40,125.0,122.20385
Autoformer,19,41,125.0,120.26571
Autoformer,19,42,125.0,121.64393
Autoformer,19,43,125.0,121.945885
Autoformer,19,44,125.0,128.22496
Autoformer,19,45,125.0,122.17767
Autoformer,19,46,125.0,124.68401
Autoformer,19,47,125.0,122.820076
Autoformer,19,48,125.0,121.472946
Autoformer,19,49,125.0,118.72881
Autoformer,19,50,125.0,120.772804
Autoformer,19,51,125.0,120.80614
Autoformer,19,52,125.0,120.53024
Autoformer,19,53,125.0,121.80401
Autoformer,19,54,125.0,119.337585
Autoformer,19,55,125.0,120.92992
Autoformer,19,56,125.0,121.01582
Autoformer,19,57,125.0,121.39302
Autoformer,19,58,125.0,120.09903
Autoformer,19,59,125.0,120.15917
Autoformer,19,60,125.0,118.03683
Autoformer,19,61,125.0,118.93604
Autoformer,19,62,125.0,117.75651
Autoformer,19,63,125.0,118.70132
Autoformer,19,64,125.0,117.93303
Autoformer,19,65,125.0,120.9606
Autoformer,19,66,125.0,118.877556
Autoformer,19,67,125.0,118.459785
Autoformer,19,68,125.0,119.00336
Autoformer,19,69,125.0,120.35639
Autoformer,19,70,125.0,118.0762
Autoformer,19,71,125.0,119.99934
Autoformer,19,72,125.0,119.16867
Autoformer,19,73,125.0,118.86158
Autoformer,19,74,125.0,117.09629
Autoformer,19,75,125.0,119.407295
Autoformer,19,76,125.0,117.966
Autoformer,19,77,125.0,120.5594
Autoformer,19,78,125.0,120.12007
Autoformer,19,79,125.0,120.77926
Autoformer,19,80,125.0,120.92991
Autoformer,19,81,125.0,117.42183
Autoformer,19,82,125.0,118.32886
Autoformer,19,83,125.0,117.789444
Autoformer,19,84,125.0,121.405106
Autoformer,19,85,125.0,123.28631
Autoformer,19,86,125.0,121.84977
Autoformer,19,87,125.0,123.54048
Autoformer,19,88,125.0,121.69706
Autoformer,19,89,125.0,117.838394
Autoformer,19,90,125.0,118.54368
Autoformer,19,91,125.0,120.641884
Autoformer,19,92,125.0,119.38633
Autoformer,19,93,125.0,118.603
Autoformer,19,94,125.0,116.60306
Autoformer,19,95,125.0,117.79716
Autoformer,19,96,125.0,113.35797
Autoformer,19,97,125.0,115.95569
Autoformer,19,98,124.0,115.66445
Autoformer,19,99,123.0,113.21954
Autoformer,19,100,122.0,113.47642
Autoformer,19,101,121.0,111.13704
Autoformer,19,102,120.0,114.5377
Autoformer,19,103,119.0,112.49518
Autoformer,19,104,118.0,110.775406
Autoformer,19,105,117.0,114.33051
Autoformer,19,106,116.0,111.821396
Autoformer,19,107,115.0,112.88716
Autoformer,19,108,114.0,110.37586
Autoformer,19,109,113.0,113.15727
Autoformer,19,110,112.0,115.06519
Autoformer,19,111,111.0,111.60663
Autoformer,19,112,110.0,116.48377
Autoformer,19,113,109.0,112.1737
Autoformer,19,114,108.0,117.430534
Autoformer,19,115,107.0,113.246574
Autoformer,19,116,106.0,113.754265
Autoformer,19,117,105.0,110.68906
Autoformer,19,118,104.0,111.97677
Autoformer,19,119,103.0,110.87495
Autoformer,19,120,102.0,113.368774
Autoformer,19,121,101.0,110.93547
Autoformer,19,122,100.0,114.84028
Autoformer,19,123,99.0,115.61437
Autoformer,19,124,98.0,114.263855
Autoformer,19,125,97.0,111.513695
Autoformer,19,126,96.0,115.918144
Autoformer,19,127,95.0,109.62884
Autoformer,19,128,94.0,108.00101
Autoformer,19,129,93.0,107.13173
Autoformer,19,130,92.0,110.361336
Autoformer,19,131,91.0,113.68656
Autoformer,19,132,90.0,113.04672
Autoformer,19,133,89.0,112.06556
Autoformer,19,134,88.0,110.13088
Autoformer,19,135,87.0,107.92365
Autoformer,20,30,125.0,108.32598
Autoformer,20,31,125.0,113.01061
Autoformer,20,32,125.0,105.10042
Autoformer,20,33,125.0,106.39758
Autoformer,20,34,125.0,108.53217
Autoformer,20,35,125.0,113.19206
Autoformer,20,36,125.0,115.6885
Autoformer,20,37,125.0,116.73282
Autoformer,20,38,125.0,112.76521
Autoformer,20,39,125.0,110.84311
Autoformer,20,40,125.0,112.152985
Autoformer,20,41,125.0,111.78867
Autoformer,20,42,125.0,112.495
Autoformer,20,43,125.0,115.159294
Autoformer,20,44,125.0,114.254295
Autoformer,20,45,125.0,115.96383
Autoformer,20,46,125.0,111.87152
Autoformer,20,47,125.0,111.03893
Autoformer,20,48,125.0,108.91498
Autoformer,20,49,125.0,108.7155
Autoformer,20,50,125.0,113.30202
Autoformer,20,51,125.0,111.14078
Autoformer,20,52,125.0,109.47146
Autoformer,20,53,125.0,107.39965
Autoformer,20,54,125.0,106.355125
Autoformer,20,55,125.0,110.306114
Autoformer,20,56,125.0,110.80354
Autoformer,20,57,125.0,116.5563
Autoformer,20,58,125.0,114.892365
Autoformer,20,59,125.0,110.776566
Autoformer,20,60,125.0,110.23869
Autoformer,20,61,125.0,108.90573
Autoformer,20,62,125.0,103.888756
Autoformer,20,63,125.0,103.01597
Autoformer,20,64,125.0,102.63897
Autoformer,20,65,125.0,103.79002
Autoformer,20,66,125.0,105.35466
Autoformer,20,67,125.0,104.661156
Autoformer,20,68,125.0,102.71811
Autoformer,20,69,125.0,105.74716
Autoformer,20,70,125.0,111.579956
Autoformer,20,71,125.0,113.67039
Autoformer,20,72,125.0,106.48427
Autoformer,20,73,125.0,102.49059
Autoformer,20,74,125.0,100.79977
Autoformer,20,75,125.0,102.096344
Autoformer,20,76,124.0,103.34175
Autoformer,20,77,123.0,106.17476
Autoformer,20,78,122.0,99.74457
Autoformer,20,79,121.0,105.249176
Autoformer,20,80,120.0,99.735435
Autoformer,20,81,119.0,93.780655
Autoformer,20,82,118.0,99.24383
Autoformer,20,83,117.0,103.19362
Autoformer,20,84,116.0,105.282364
Autoformer,20,85,115.0,106.4064
Autoformer,20,86,114.0,108.35617
Autoformer,20,87,113.0,105.27623
Autoformer,20,88,112.0,106.334305
Autoformer,20,89,111.0,100.73538
Autoformer,20,90,110.0,99.21576
Autoformer,20,91,109.0,101.02969
Autoformer,20,92,108.0,99.17989
Autoformer,20,93,107.0,100.67196
Autoformer,20,94,106.0,101.00469
Autoformer,20,95,105.0,102.68269
Autoformer,20,96,104.0,106.4123
Autoformer,20,97,103.0,105.0419
Autoformer,20,98,102.0,108.19844
Autoformer,20,99,101.0,103.688805
Autoformer,20,100,100.0,105.640526
Autoformer,20,101,99.0,107.733406
Autoformer,20,102,98.0,97.022766
Autoformer,20,103,97.0,99.717224
Autoformer,20,104,96.0,94.07817
Autoformer,20,105,95.0,98.661224
Autoformer,20,106,94.0,98.14482
Autoformer,20,107,93.0,97.50005
Autoformer,20,108,92.0,98.508156
Autoformer,20,109,91.0,102.92634
Autoformer,20,110,90.0,106.04471
Autoformer,20,111,89.0,106.49273
Autoformer,20,112,88.0,97.453995
Autoformer,20,113,87.0,104.99697
Autoformer,20,114,86.0,100.0735
Autoformer,20,115,85.0,100.4924
Autoformer,20,116,84.0,98.52936
Autoformer,20,117,83.0,92.102196
Autoformer,20,118,82.0,96.00828
Autoformer,20,119,81.0,97.34757
Autoformer,20,120,80.0,100.150085
Autoformer,20,121,79.0,96.057724
Autoformer,20,122,78.0,97.422005
Autoformer,20,123,77.0,97.03923
Autoformer,20,124,76.0,92.53488
Autoformer,20,125,75.0,90.650085
Autoformer,20,126,74.0,82.660774
Autoformer,20,127,73.0,82.33204
Autoformer,20,128,72.0,80.9756
Autoformer,20,129,71.0,83.028595
Autoformer,20,130,70.0,79.173164
Autoformer,20,131,69.0,72.72456
Autoformer,20,132,68.0,74.481094
Autoformer,20,133,67.0,81.31836
Autoformer,20,134,66.0,81.194176
Autoformer,20,135,65.0,83.34249
Autoformer,20,136,64.0,83.95701
Autoformer,20,137,63.0,87.636
Autoformer,20,138,62.0,80.75841
Autoformer,20,139,61.0,88.999176
Autoformer,20,140,60.0,89.63321
Autoformer,20,141,59.0,90.79992
Autoformer,20,142,58.0,81.00296
Autoformer,20,143,57.0,75.59053
Autoformer,20,144,56.0,72.48168
Autoformer,20,145,55.0,70.710396
Autoformer,20,146,54.0,84.59184
Autoformer,20,147,53.0,75.8384
Autoformer,20,148,52.0,72.67031
Autoformer,20,149,51.0,67.27702
Autoformer,20,150,50.0,67.20425
Autoformer,20,151,49.0,66.7384
Autoformer,20,152,48.0,66.62863
Autoformer,20,153,47.0,63.48697
Autoformer,20,154,46.0,60.994644
Autoformer,20,155,45.0,59.29308
Autoformer,20,156,44.0,51.555862
Autoformer,20,157,43.0,53.21908
Autoformer,20,158,42.0,49.62345
Autoformer,20,159,41.0,54.597363
Autoformer,20,160,40.0,54.029293
Autoformer,20,161,39.0,52.233044
Autoformer,20,162,38.0,45.819847
Autoformer,20,163,37.0,46.525208
Autoformer,20,164,36.0,46.54581
Autoformer,20,165,35.0,52.37718
Autoformer,20,166,34.0,49.525814
Autoformer,20,167,33.0,48.742485
Autoformer,20,168,32.0,38.85314
Autoformer,20,169,31.0,35.377266
Autoformer,20,170,30.0,33.337223
Autoformer,20,171,29.0,33.059986
Autoformer,20,172,28.0,30.763344
Autoformer,20,173,27.0,30.25899
Autoformer,20,174,26.0,31.654465
Autoformer,20,175,25.0,32.09722
Autoformer,20,176,24.0,31.710373
Autoformer,20,177,23.0,28.58189
Autoformer,20,178,22.0,29.690044
Autoformer,20,179,21.0,23.90458
Autoformer,20,180,20.0,15.465495
Autoformer,20,181,19.0,17.635307
Autoformer,20,182,18.0,12.967148
Autoformer,20,183,17.0,8.345635
Autoformer,20,184,16.0,11.883988
Autoformer,21,30,125.0,126.82703
Autoformer,21,31,125.0,124.68792
Autoformer,21,32,125.0,124.01239
Autoformer,21,33,125.0,120.04917
Autoformer,21,34,125.0,122.52858
Autoformer,21,35,125.0,122.07086
Autoformer,21,36,125.0,122.99183
Autoformer,21,37,125.0,123.3925
Autoformer,21,38,125.0,123.7203
Autoformer,21,39,125.0,125.11403
Autoformer,21,40,125.0,123.87539
Autoformer,21,41,125.0,120.03879
Autoformer,21,42,125.0,120.95341
Autoformer,21,43,125.0,119.38574
Autoformer,21,44,125.0,121.588646
Autoformer,21,45,125.0,120.034355
Autoformer,21,46,125.0,120.38577
Autoformer,21,47,125.0,121.2684
Autoformer,21,48,125.0,121.63111
Autoformer,21,49,125.0,123.32518
Autoformer,21,50,125.0,123.37301
Autoformer,21,51,125.0,123.51651
Autoformer,21,52,125.0,122.79187
Autoformer,21,53,125.0,123.40192
Autoformer,21,54,125.0,122.9285
Autoformer,21,55,125.0,123.41767
Autoformer,21,56,125.0,123.48712
Autoformer,21,57,125.0,122.704056
Autoformer,21,58,125.0,122.967834
Autoformer,21,59,125.0,122.67283
Autoformer,21,60,125.0,120.75051
Autoformer,21,61,125.0,120.5082
Autoformer,21,62,125.0,121.7597
Autoformer,21,63,125.0,121.29041
Autoformer,21,64,125.0,121.264595
Autoformer,21,65,125.0,120.04159
Autoformer,21,66,125.0,119.374306
Autoformer,21,67,125.0,118.568726
Autoformer,21,68,125.0,120.19924
Autoformer,21,69,125.0,118.78312
Autoformer,21,70,125.0,122.97007
Autoformer,21,71,125.0,125.63936
Autoformer,21,72,125.0,124.953514
Autoformer,21,73,125.0,125.362465
Autoformer,21,74,125.0,122.356346
Autoformer,21,75,125.0,121.43511
Autoformer,21,76,125.0,121.500046
Autoformer,21,77,125.0,119.87507
Autoformer,21,78,125.0,118.75614
Autoformer,21,79,125.0,119.46655
Autoformer,21,80,125.0,121.23438
Autoformer,21,81,124.0,122.08486
Autoformer,21,82,123.0,124.49076
Autoformer,21,83,122.0,120.26066
Autoformer,21,84,121.0,121.33499
Autoformer,21,85,120.0,120.70624
Autoformer,21,86,119.0,122.56141
Autoformer,21,87,118.0,119.949196
Autoformer,21,88,117.0,114.04385
Autoformer,21,89,116.0,116.85789
Autoformer,21,90,115.0,118.49543
Autoformer,21,91,114.0,119.71415
Autoformer,21,92,113.0,119.80243
Autoformer,21,93,112.0,121.83371
Autoformer,21,94,111.0,121.83937
Autoformer,21,95,110.0,122.72535
Autoformer,21,96,109.0,121.096466
Autoformer,21,97,108.0,118.36014
Autoformer,21,98,107.0,117.96224
Autoformer,21,99,106.0,114.748146
Autoformer,21,100,105.0,113.86111
Autoformer,21,101,104.0,114.29594
Autoformer,21,102,103.0,116.8328
Autoformer,21,103,102.0,117.95839
Autoformer,21,104,101.0,118.42973
Autoformer,21,105,100.0,119.5219
Autoformer,21,106,99.0,119.81378
Autoformer,21,107,98.0,114.34476
Autoformer,21,108,97.0,114.5851
Autoformer,21,109,96.0,110.66083
Autoformer,21,110,95.0,113.355576
Autoformer,21,111,94.0,110.0465
Autoformer,21,112,93.0,111.104034
Autoformer,21,113,92.0,111.25411
Autoformer,21,114,91.0,112.13125
Autoformer,21,115,90.0,115.23911
Autoformer,21,116,89.0,108.301384
Autoformer,21,117,88.0,112.70276
Autoformer,21,118,87.0,106.746056
Autoformer,21,119,86.0,111.47556
Autoformer,21,120,85.0,111.13719
Autoformer,21,121,84.0,109.164314
Autoformer,21,122,83.0,103.76846
Autoformer,21,123,82.0,108.25675
Autoformer,21,124,81.0,104.76322
Autoformer,21,125,80.0,106.0332
Autoformer,21,126,79.0,103.16133
Autoformer,21,127,78.0,100.33486
Autoformer,21,128,77.0,103.67953
Autoformer,21,129,76.0,105.38005
Autoformer,21,130,75.0,104.487434
Autoformer,21,131,74.0,99.80033
Autoformer,21,132,73.0,95.33258
Autoformer,21,133,72.0,99.76607
Autoformer,21,134,71.0,101.42575
Autoformer,21,135,70.0,98.19574
Autoformer,21,136,69.0,97.17194
Autoformer,21,137,68.0,96.89779
Autoformer,21,138,67.0,98.18925
Autoformer,21,139,66.0,90.798775
Autoformer,21,140,65.0,89.808685
Autoformer,21,141,64.0,90.54406
Autoformer,21,142,63.0,86.51243
Autoformer,21,143,62.0,86.82114
Autoformer,21,144,61.0,80.46786
Autoformer,21,145,60.0,84.14929
Autoformer,21,146,59.0,80.72787
Autoformer,21,147,58.0,78.68515
Autoformer,21,148,57.0,73.21289
Autoformer,22,30,120.0,119.45477
Autoformer,22,31,119.0,115.9018
Autoformer,22,32,118.0,117.63298
Autoformer,22,33,117.0,118.06573
Autoformer,22,34,116.0,119.58469
Autoformer,22,35,115.0,121.65538
Autoformer,22,36,114.0,112.19038
Autoformer,22,37,113.0,113.02658
Autoformer,22,38,112.0,115.30728
Autoformer,22,39,111.0,119.113976
Autoformer,23,30,125.0,123.64188
Autoformer,23,31,125.0,123.237816
Autoformer,23,32,125.0,125.43928
Autoformer,23,33,125.0,123.80663
Autoformer,23,34,125.0,123.941956
Autoformer,23,35,125.0,123.62235
Autoformer,23,36,125.0,121.571106
Autoformer,23,37,125.0,123.7083
Autoformer,23,38,125.0,122.97847
Autoformer,23,39,125.0,124.40386
Autoformer,23,40,125.0,122.273254
Autoformer,23,41,125.0,123.78194
Autoformer,23,42,125.0,122.19969
Autoformer,23,43,125.0,123.64235
Autoformer,23,44,125.0,123.351135
Autoformer,23,45,125.0,123.363785
Autoformer,23,46,125.0,122.96222
Autoformer,23,47,125.0,124.03628
Autoformer,23,48,125.0,123.81423
Autoformer,23,49,125.0,123.27015
Autoformer,23,50,125.0,123.99569
Autoformer,23,51,125.0,123.28899
Autoformer,23,52,125.0,122.5851
Autoformer,23,53,125.0,123.09416
Autoformer,23,54,125.0,128.4683
Autoformer,23,55,125.0,126.67874
Autoformer,23,56,125.0,126.95087
Autoformer,23,57,125.0,126.49555
Autoformer,23,58,125.0,124.58832
Autoformer,23,59,125.0,122.48171
Autoformer,23,60,125.0,122.60295
Autoformer,23,61,125.0,121.03133
Autoformer,23,62,125.0,122.21057
Autoformer,23,63,125.0,126.950035
Autoformer,23,64,125.0,126.0125
Autoformer,23,65,125.0,125.14176
Autoformer,23,66,125.0,122.980576
Autoformer,23,67,125.0,124.513145
Autoformer,23,68,125.0,121.99155
Autoformer,23,69,125.0,123.32767
Autoformer,23,70,125.0,123.068344
Autoformer,23,71,125.0,123.13653
Autoformer,23,72,125.0,120.76552
Autoformer,23,73,125.0,122.80676
Autoformer,23,74,125.0,124.128395
Autoformer,23,75,125.0,125.22226
Autoformer,23,76,125.0,125.14841
Autoformer,23,77,125.0,123.58484
Autoformer,23,78,125.0,121.95608
Autoformer,23,79,125.0,124.13021
Autoformer,23,80,125.0,120.33794
Autoformer,23,81,125.0,124.25506
Autoformer,23,82,125.0,124.109436
Autoformer,23,83,125.0,125.21266
Autoformer,23,84,125.0,123.48079
Autoformer,23,85,125.0,123.75344
Autoformer,23,86,125.0,124.7841
Autoformer,23,87,125.0,122.87801
Autoformer,23,88,125.0,124.23861
Autoformer,23,89,125.0,123.36273
Autoformer,23,90,125.0,128.50659
Autoformer,23,91,125.0,124.5896
Autoformer,23,92,125.0,124.5588
Autoformer,23,93,125.0,123.171684
Autoformer,23,94,125.0,120.22888
Autoformer,23,95,125.0,119.62676
Autoformer,23,96,125.0,123.312126
Autoformer,23,97,125.0,119.29169
Autoformer,23,98,125.0,120.8304
Autoformer,23,99,125.0,121.21058
Autoformer,23,100,125.0,120.82348
Autoformer,23,101,125.0,121.7206
Autoformer,23,102,125.0,121.18606
Autoformer,23,103,125.0,122.085655
Autoformer,23,104,125.0,122.81698
Autoformer,23,105,125.0,122.57365
Autoformer,23,106,125.0,121.31166
Autoformer,23,107,125.0,120.33705
Autoformer,23,108,125.0,122.74171
Autoformer,23,109,125.0,123.115654
Autoformer,23,110,125.0,122.036835
Autoformer,23,111,125.0,125.199135
Autoformer,23,112,125.0,124.13466
Autoformer,23,113,125.0,122.601326
Autoformer,23,114,125.0,122.30123
Autoformer,23,115,125.0,121.28445
Autoformer,23,116,125.0,122.94099
Autoformer,23,117,125.0,122.95003
Autoformer,23,118,125.0,124.72094
Autoformer,23,119,124.0,122.41251
Autoformer,23,120,123.0,118.85392
Autoformer,23,121,122.0,121.314545
Autoformer,23,122,121.0,121.04893
Autoformer,23,123,120.0,121.063225
Autoformer,23,124,119.0,119.59302
Autoformer,23,125,118.0,117.674644
Autoformer,23,126,117.0,119.729546
Autoformer,23,127,116.0,118.112755
Autoformer,23,128,115.0,122.567406
Autoformer,23,129,114.0,124.17225
Autoformer,23,130,113.0,121.35043
Autoformer,24,30,125.0,112.94711
Autoformer,24,31,125.0,111.32133
Autoformer,24,32,125.0,110.19144
Autoformer,24,33,125.0,113.64329
Autoformer,24,34,125.0,111.297935
Autoformer,24,35,125.0,114.19344
Autoformer,24,36,125.0,116.694534
Autoformer,24,37,125.0,115.14775
Autoformer,24,38,125.0,113.958145
Autoformer,24,39,125.0,115.411766
Autoformer,24,40,125.0,117.6595
Autoformer,24,41,125.0,121.80056
Autoformer,24,42,125.0,121.33242
Autoformer,24,43,125.0,119.74314
Autoformer,24,44,125.0,119.39327
Autoformer,24,45,125.0,116.20707
Autoformer,24,46,125.0,115.738014
Autoformer,24,47,125.0,114.64491
Autoformer,24,48,125.0,114.61421
Autoformer,24,49,125.0,117.736916
Autoformer,24,50,125.0,111.025375
Autoformer,24,51,125.0,116.74647
Autoformer,24,52,125.0,113.994774
Autoformer,24,53,125.0,117.547806
Autoformer,24,54,125.0,114.47746
Autoformer,24,55,125.0,116.474525
Autoformer,24,56,125.0,119.76151
Autoformer,24,57,125.0,119.03048
Autoformer,24,58,125.0,113.88568
Autoformer,24,59,125.0,116.93486
Autoformer,24,60,125.0,116.660736
Autoformer,24,61,125.0,116.78583
Autoformer,24,62,125.0,115.817825
Autoformer,24,63,125.0,115.81851
Autoformer,24,64,125.0,113.47852
Autoformer,24,65,125.0,112.757164
Autoformer,24,66,125.0,113.88442
Autoformer,24,67,125.0,113.30802
Autoformer,24,68,125.0,116.155396
Autoformer,24,69,125.0,113.56538
Autoformer,24,70,125.0,114.294556
Autoformer,24,71,125.0,108.256195
Autoformer,24,72,125.0,111.10506
Autoformer,24,73,125.0,112.22198
Autoformer,24,74,125.0,117.053474
Autoformer,24,75,125.0,111.31437
Autoformer,24,76,125.0,115.01712
Autoformer,24,77,125.0,113.62759
Autoformer,24,78,125.0,110.85943
Autoformer,24,79,125.0,109.806244
Autoformer,24,80,125.0,111.228874
Autoformer,24,81,125.0,107.30562
Autoformer,24,82,124.0,107.619576
Autoformer,24,83,123.0,111.93062
Autoformer,24,84,122.0,112.29738
Autoformer,24,85,121.0,109.538155
Autoformer,24,86,120.0,108.20081
Autoformer,24,87,119.0,108.736115
Autoformer,24,88,118.0,108.13227
Autoformer,24,89,117.0,106.97057
Autoformer,24,90,116.0,111.106926
Autoformer,24,91,115.0,109.52489
Autoformer,24,92,114.0,109.38085
Autoformer,24,93,113.0,109.59746
Autoformer,24,94,112.0,112.62515
Autoformer,24,95,111.0,112.078735
Autoformer,24,96,110.0,114.438156
Autoformer,24,97,109.0,110.150185
Autoformer,24,98,108.0,106.199646
Autoformer,24,99,107.0,103.63486
Autoformer,24,100,106.0,100.18538
Autoformer,24,101,105.0,101.40937
Autoformer,24,102,104.0,102.77681
Autoformer,24,103,103.0,104.27908
Autoformer,24,104,102.0,101.36576
Autoformer,24,105,101.0,102.09727
Autoformer,24,106,100.0,106.98056
Autoformer,24,107,99.0,104.71716
Autoformer,24,108,98.0,103.3387
Autoformer,24,109,97.0,101.914764
Autoformer,24,110,96.0,102.22451
Autoformer,24,111,95.0,103.07476
Autoformer,24,112,94.0,98.12029
Autoformer,24,113,93.0,99.32661
Autoformer,24,114,92.0,98.720184
Autoformer,24,115,91.0,95.08934
Autoformer,24,116,90.0,96.51437
Autoformer,24,117,89.0,98.35381
Autoformer,24,118,88.0,95.689575
Autoformer,24,119,87.0,97.31043
Autoformer,24,120,86.0,94.174614
Autoformer,24,121,85.0,95.48652
Autoformer,24,122,84.0,94.09902
Autoformer,24,123,83.0,94.482475
Autoformer,24,124,82.0,92.943756
Autoformer,24,125,81.0,94.784164
Autoformer,24,126,80.0,91.10194
Autoformer,24,127,79.0,90.81152
Autoformer,24,128,78.0,91.783554
Autoformer,24,129,77.0,89.54036
Autoformer,24,130,76.0,84.881516
Autoformer,24,131,75.0,84.99027
Autoformer,24,132,74.0,86.2696
Autoformer,24,133,73.0,82.831024
Autoformer,24,134,72.0,88.48643
Autoformer,24,135,71.0,84.27296
Autoformer,24,136,70.0,84.960335
Autoformer,24,137,69.0,80.80212
Autoformer,24,138,68.0,80.19721
Autoformer,24,139,67.0,73.66536
Autoformer,24,140,66.0,71.43421
Autoformer,24,141,65.0,75.00572
Autoformer,24,142,64.0,74.51745
Autoformer,24,143,63.0,73.19214
Autoformer,24,144,62.0,68.79728
Autoformer,24,145,61.0,67.88973
Autoformer,24,146,60.0,65.107925
Autoformer,24,147,59.0,68.61143
Autoformer,24,148,58.0,64.78335
Autoformer,24,149,57.0,60.701622
Autoformer,24,150,56.0,63.131603
Autoformer,24,151,55.0,58.53865
Autoformer,24,152,54.0,56.8358
Autoformer,24,153,53.0,61.733036
Autoformer,24,154,52.0,61.97471
Autoformer,24,155,51.0,59.4687
Autoformer,24,156,50.0,58.831154
Autoformer,24,157,49.0,58.07372
Autoformer,24,158,48.0,57.197144
Autoformer,24,159,47.0,52.74897
Autoformer,24,160,46.0,50.244816
Autoformer,24,161,45.0,47.74364
Autoformer,24,162,44.0,45.42445
Autoformer,24,163,43.0,42.14476
Autoformer,24,164,42.0,44.596767
Autoformer,24,165,41.0,44.767765
Autoformer,24,166,40.0,46.155865
Autoformer,24,167,39.0,44.10484
Autoformer,24,168,38.0,40.1059
Autoformer,24,169,37.0,35.252655
Autoformer,24,170,36.0,34.343365
Autoformer,24,171,35.0,32.806625
Autoformer,24,172,34.0,31.055275
Autoformer,24,173,33.0,29.846125
Autoformer,24,174,32.0,28.956333
Autoformer,24,175,31.0,27.479315
Autoformer,24,176,30.0,28.694056
Autoformer,24,177,29.0,26.906042
Autoformer,24,178,28.0,28.876015
Autoformer,24,179,27.0,26.299103
Autoformer,24,180,26.0,23.934772
Autoformer,24,181,25.0,23.262222
Autoformer,24,182,24.0,23.66999
Autoformer,24,183,23.0,22.280878
Autoformer,24,184,22.0,20.782223
Autoformer,24,185,21.0,19.81538
Autoformer,24,186,20.0,18.221844
Autoformer,25,30,125.0,120.37498
Autoformer,25,31,125.0,118.421844
Autoformer,25,32,125.0,118.26715
Autoformer,25,33,125.0,119.49113
Autoformer,25,34,125.0,118.041016
Autoformer,25,35,125.0,121.47408
Autoformer,25,36,125.0,120.68082
Autoformer,25,37,125.0,118.246185
Autoformer,25,38,125.0,122.14477
Autoformer,25,39,125.0,117.58969
Autoformer,25,40,125.0,119.38558
Autoformer,25,41,125.0,116.55916
Autoformer,25,42,125.0,116.065735
Autoformer,25,43,125.0,121.85512
Autoformer,25,44,125.0,118.82114
Autoformer,25,45,125.0,118.073265
Autoformer,25,46,125.0,122.288864
Autoformer,25,47,125.0,121.99686
Autoformer,25,48,125.0,119.590614
Autoformer,26,30,125.0,116.10885
Autoformer,26,31,125.0,114.80699
Autoformer,26,32,125.0,114.5326
Autoformer,26,33,125.0,113.65638
Autoformer,26,34,125.0,111.028786
Autoformer,26,35,125.0,111.81678
Autoformer,26,36,125.0,113.060295
Autoformer,26,37,125.0,115.58161
Autoformer,26,38,125.0,118.528465
Autoformer,26,39,125.0,115.282364
Autoformer,26,40,125.0,110.201744
Autoformer,26,41,125.0,111.52916
Autoformer,26,42,125.0,110.79789
Autoformer,26,43,125.0,114.36608
Autoformer,26,44,125.0,113.42877
Autoformer,26,45,125.0,111.04681
Autoformer,26,46,125.0,115.25528
Autoformer,26,47,125.0,112.972824
Autoformer,26,48,125.0,113.632256
Autoformer,26,49,125.0,113.55542
Autoformer,26,50,125.0,111.13645
Autoformer,26,51,125.0,113.810074
Autoformer,26,52,125.0,114.670265
Autoformer,26,53,125.0,114.364235
Autoformer,26,54,125.0,112.58889
Autoformer,26,55,125.0,111.83874
Autoformer,26,56,125.0,115.02132
Autoformer,26,57,125.0,112.751686
Autoformer,26,58,125.0,107.85047
Autoformer,26,59,125.0,108.73834
Autoformer,26,60,125.0,108.42588
Autoformer,26,61,125.0,109.09059
Autoformer,26,62,125.0,111.57338
Autoformer,26,63,125.0,111.320114
Autoformer,26,64,125.0,119.953125
Autoformer,26,65,125.0,115.91153
Autoformer,26,66,125.0,113.19626
Autoformer,26,67,125.0,105.62796
Autoformer,26,68,125.0,106.51581
Autoformer,26,69,125.0,108.14619
Autoformer,26,70,125.0,109.11998
Autoformer,26,71,124.0,108.07476
Autoformer,26,72,123.0,111.58081
Autoformer,26,73,122.0,110.17137
Autoformer,26,74,121.0,111.95629
Autoformer,26,75,120.0,111.877304
Autoformer,26,76,119.0,107.99579
Autoformer,27,30,125.0,123.488144
Autoformer,27,31,125.0,124.02424
Autoformer,27,32,125.0,122.84738
Autoformer,27,33,125.0,123.42572
Autoformer,27,34,125.0,119.803955
Autoformer,27,35,125.0,122.87503
Autoformer,27,36,125.0,122.845345
Autoformer,27,37,125.0,122.44305
Autoformer,27,38,125.0,122.71614
Autoformer,27,39,125.0,124.57993
Autoformer,27,40,125.0,123.87736
Autoformer,27,41,125.0,125.88928
Autoformer,27,42,125.0,124.14755
Autoformer,27,43,125.0,121.96979
Autoformer,27,44,125.0,124.36303
Autoformer,27,45,125.0,123.60011
Autoformer,27,46,125.0,123.94446
Autoformer,27,47,125.0,124.14859
Autoformer,27,48,125.0,123.545525
Autoformer,27,49,125.0,123.88041
Autoformer,27,50,125.0,124.56901
Autoformer,27,51,125.0,122.77907
Autoformer,27,52,125.0,123.18321
Autoformer,27,53,125.0,122.67993
Autoformer,27,54,125.0,126.95574
Autoformer,27,55,125.0,119.15081
Autoformer,27,56,125.0,122.83344
Autoformer,27,57,125.0,121.03228
Autoformer,27,58,125.0,123.351135
Autoformer,27,59,125.0,123.25894
Autoformer,27,60,125.0,123.058525
Autoformer,27,61,125.0,125.16138
Autoformer,27,62,125.0,125.21113
Autoformer,27,63,125.0,124.92552
Autoformer,27,64,125.0,123.29218
Autoformer,27,65,125.0,123.08262
Autoformer,27,66,125.0,124.42381
Autoformer,27,67,125.0,124.296814
Autoformer,27,68,125.0,126.157906
Autoformer,27,69,125.0,122.607
Autoformer,27,70,125.0,123.49647
Autoformer,27,71,125.0,119.487045
Autoformer,27,72,125.0,121.997604
Autoformer,27,73,125.0,121.7824
Autoformer,27,74,125.0,122.89957
Autoformer,27,75,125.0,123.65175
Autoformer,27,76,125.0,125.14215
Autoformer,27,77,125.0,121.94371
Autoformer,27,78,125.0,123.46787
Autoformer,27,79,125.0,123.161865
Autoformer,27,80,125.0,122.684204
Autoformer,27,81,125.0,123.45932
Autoformer,27,82,124.0,120.14715
Autoformer,27,83,123.0,123.30199
Autoformer,27,84,122.0,123.315315
Autoformer,27,85,121.0,124.25589
Autoformer,27,86,120.0,123.8429
Autoformer,27,87,119.0,124.90935
Autoformer,27,88,118.0,122.33263
Autoformer,27,89,117.0,122.92192
Autoformer,27,90,116.0,121.72939
Autoformer,27,91,115.0,121.62612
Autoformer,27,92,114.0,120.975075
Autoformer,27,93,113.0,119.04164
Autoformer,27,94,112.0,122.64777
Autoformer,27,95,111.0,124.08639
Autoformer,27,96,110.0,124.37364
Autoformer,27,97,109.0,123.07268
Autoformer,27,98,108.0,122.67456
Autoformer,27,99,107.0,119.224495
Autoformer,27,100,106.0,121.70337
Autoformer,27,101,105.0,126.17522
Autoformer,27,102,104.0,121.58017
Autoformer,27,103,103.0,123.24104
Autoformer,27,104,102.0,119.41503
Autoformer,27,105,101.0,121.255806
Autoformer,27,106,100.0,122.33902
Autoformer,27,107,99.0,119.81934
Autoformer,27,108,98.0,120.56616
Autoformer,27,109,97.0,119.91168
Autoformer,27,110,96.0,119.929016
Autoformer,27,111,95.0,120.18761
Autoformer,27,112,94.0,118.00606
Autoformer,27,113,93.0,121.54348
Autoformer,27,114,92.0,118.03761
Autoformer,27,115,91.0,114.425934
Autoformer,27,116,90.0,117.100334
Autoformer,27,117,89.0,115.02289
Autoformer,27,118,88.0,114.78914
Autoformer,27,119,87.0,118.45825
Autoformer,27,120,86.0,118.909485
Autoformer,27,121,85.0,117.31256
Autoformer,27,122,84.0,121.67883
Autoformer,27,123,83.0,121.27792
Autoformer,27,124,82.0,117.639824
Autoformer,27,125,81.0,119.965
Autoformer,27,126,80.0,117.92396
Autoformer,27,127,79.0,115.27873
Autoformer,27,128,78.0,114.00518
Autoformer,27,129,77.0,116.33095
Autoformer,27,130,76.0,118.036125
Autoformer,27,131,75.0,115.10743
Autoformer,27,132,74.0,110.94972
Autoformer,27,133,73.0,108.37467
Autoformer,27,134,72.0,110.918945
Autoformer,27,135,71.0,111.05095
Autoformer,27,136,70.0,109.56348
Autoformer,27,137,69.0,114.16375
Autoformer,27,138,68.0,117.764465
Autoformer,27,139,67.0,116.87651
Autoformer,27,140,66.0,112.16466
Autoformer,28,30,125.0,123.45859
Autoformer,28,31,125.0,119.32287
Autoformer,28,32,125.0,120.104294
Autoformer,28,33,125.0,117.46507
Autoformer,28,34,125.0,117.105804
Autoformer,28,35,125.0,118.42588
Autoformer,28,36,125.0,116.4941
Autoformer,28,37,125.0,120.05341
Autoformer,28,38,125.0,116.435265
Autoformer,28,39,125.0,117.449295
Autoformer,28,40,125.0,117.42453
Autoformer,28,41,125.0,120.63435
Autoformer,28,42,125.0,121.14785
Autoformer,28,43,125.0,120.91128
Autoformer,28,44,125.0,116.2551
Autoformer,28,45,125.0,120.434326
Autoformer,28,46,125.0,119.37202
Autoformer,28,47,125.0,119.5113
Autoformer,28,48,125.0,120.35033
Autoformer,28,49,125.0,115.289825
Autoformer,28,50,125.0,115.364365
Autoformer,28,51,125.0,115.81914
Autoformer,28,52,125.0,117.221634
Autoformer,28,53,125.0,116.940025
Autoformer,28,54,125.0,120.41097
Autoformer,28,55,125.0,116.80936
Autoformer,28,56,125.0,118.38235
Autoformer,28,57,125.0,119.90554
Autoformer,28,58,125.0,119.74951
Autoformer,28,59,125.0,119.057335
Autoformer,28,60,125.0,118.398926
Autoformer,28,61,125.0,114.11666
Autoformer,28,62,125.0,118.95471
Autoformer,28,63,125.0,114.28977
Autoformer,28,64,125.0,118.48216
Autoformer,28,65,125.0,119.975426
Autoformer,28,66,125.0,120.12156
Autoformer,28,67,125.0,116.634674
Autoformer,28,68,125.0,121.51435
Autoformer,28,69,125.0,118.73526
Autoformer,28,70,125.0,118.06587
Autoformer,28,71,125.0,117.89114
Autoformer,28,72,125.0,118.494865
Autoformer,28,73,125.0,118.95054
Autoformer,28,74,125.0,114.34815
Autoformer,28,75,125.0,119.80983
Autoformer,28,76,125.0,120.19757
Autoformer,28,77,125.0,119.23031
Autoformer,28,78,125.0,119.42049
Autoformer,28,79,125.0,122.248985
Autoformer,28,80,125.0,123.40831
Autoformer,28,81,125.0,119.72428
Autoformer,28,82,125.0,116.25972
Autoformer,28,83,125.0,114.7279
Autoformer,28,84,125.0,116.984184
Autoformer,28,85,125.0,117.169945
Autoformer,28,86,125.0,119.669685
Autoformer,28,87,125.0,116.70651
Autoformer,28,88,125.0,114.05793
Autoformer,28,89,125.0,121.79757
Autoformer,28,90,125.0,115.39007
Autoformer,28,91,125.0,116.974915
Autoformer,28,92,125.0,116.7257
Autoformer,28,93,125.0,115.232285
Autoformer,28,94,125.0,118.604935
Autoformer,28,95,125.0,114.13969
Autoformer,28,96,125.0,104.1813
Autoformer,28,97,125.0,110.253876
Autoformer,28,98,125.0,111.898476
Autoformer,28,99,125.0,116.129745
Autoformer,28,100,125.0,108.73667
Autoformer,28,101,125.0,112.30342
Autoformer,28,102,125.0,108.31438
Autoformer,28,103,125.0,109.82917
Autoformer,28,104,125.0,111.526054
Autoformer,28,105,125.0,114.80921
Autoformer,28,106,125.0,113.22472
Autoformer,28,107,125.0,114.32013
Autoformer,28,108,125.0,112.42767
Autoformer,28,109,125.0,108.17606
Autoformer,28,110,125.0,104.808235
Autoformer,28,111,125.0,108.85006
Autoformer,28,112,125.0,104.03104
Autoformer,28,113,125.0,105.70716
Autoformer,28,114,125.0,108.80329
Autoformer,28,115,125.0,111.666374
Autoformer,28,116,125.0,110.17824
Autoformer,28,117,125.0,111.267
Autoformer,28,118,125.0,117.36798
Autoformer,28,119,125.0,115.00006
Autoformer,28,120,125.0,114.28993
Autoformer,28,121,125.0,109.188866
Autoformer,28,122,125.0,110.61137
Autoformer,28,123,125.0,116.56352
Autoformer,28,124,125.0,108.76126
Autoformer,28,125,125.0,106.76759
Autoformer,28,126,125.0,101.050735
Autoformer,28,127,125.0,99.54872
Autoformer,28,128,125.0,98.658226
Autoformer,28,129,125.0,96.516
Autoformer,28,130,125.0,99.11069
Autoformer,28,131,124.0,107.182465
Autoformer,28,132,123.0,107.34879
Autoformer,28,133,122.0,105.75382
Autoformer,28,134,121.0,110.24063
Autoformer,28,135,120.0,110.07109
Autoformer,28,136,119.0,100.16225
Autoformer,28,137,118.0,106.21558
Autoformer,28,138,117.0,100.43405
Autoformer,28,139,116.0,101.31092
Autoformer,28,140,115.0,101.9524
Autoformer,28,141,114.0,98.86667
Autoformer,28,142,113.0,107.22782
Autoformer,28,143,112.0,99.51403
Autoformer,28,144,111.0,101.42235
Autoformer,28,145,110.0,102.30791
Autoformer,28,146,109.0,101.012535
Autoformer,28,147,108.0,108.87331
Autoformer,28,148,107.0,102.04368
Autoformer,28,149,106.0,103.31225
Autoformer,28,150,105.0,98.54718
Autoformer,28,151,104.0,90.516846
Autoformer,28,152,103.0,86.80984
Autoformer,28,153,102.0,99.31945
Autoformer,28,154,101.0,104.450005
Autoformer,28,155,100.0,100.642975
Autoformer,28,156,99.0,103.07092
Autoformer,28,157,98.0,99.28719
Autoformer,28,158,97.0,95.800064
Autoformer,29,30,125.0,117.53871
Autoformer,29,31,125.0,120.28366
Autoformer,29,32,125.0,119.881996
Autoformer,29,33,125.0,116.753174
Autoformer,29,34,125.0,119.62153
Autoformer,29,35,125.0,119.42973
Autoformer,29,36,125.0,121.098045
Autoformer,29,37,125.0,124.31231
Autoformer,29,38,125.0,123.14392
Autoformer,29,39,125.0,121.65771
Autoformer,29,40,125.0,119.30071
Autoformer,29,41,125.0,114.97092
Autoformer,29,42,125.0,118.35016
Autoformer,29,43,125.0,118.38215
Autoformer,29,44,125.0,116.88886
Autoformer,29,45,125.0,119.40968
Autoformer,29,46,125.0,121.91851
Autoformer,29,47,125.0,117.62876
Autoformer,29,48,125.0,116.22092
Autoformer,29,49,125.0,119.39319
Autoformer,29,50,125.0,109.714
Autoformer,29,51,125.0,118.31903
Autoformer,29,52,125.0,117.57615
Autoformer,29,53,125.0,115.923325
Autoformer,29,54,125.0,113.6769
Autoformer,29,55,125.0,113.42246
Autoformer,29,56,125.0,116.191696
Autoformer,29,57,125.0,113.846725
Autoformer,29,58,125.0,117.87861
Autoformer,29,59,125.0,119.110176
Autoformer,29,60,125.0,118.0786
Autoformer,29,61,125.0,119.03485
Autoformer,29,62,125.0,117.390076
Autoformer,29,63,125.0,118.59264
Autoformer,29,64,125.0,120.05097
Autoformer,29,65,125.0,119.11262
Autoformer,29,66,125.0,118.52934
Autoformer,29,67,125.0,119.834625
Autoformer,29,68,125.0,119.12843
Autoformer,29,69,125.0,116.42607
Autoformer,29,70,125.0,116.04066
Autoformer,29,71,125.0,118.482735
Autoformer,29,72,125.0,119.37645
Autoformer,29,73,125.0,118.28176
Autoformer,29,74,125.0,120.49213
Autoformer,29,75,125.0,119.72545
Autoformer,29,76,125.0,120.99846
Autoformer,29,77,125.0,123.83166
Autoformer,29,78,125.0,116.419044
Autoformer,29,79,125.0,115.96056
Autoformer,29,80,125.0,115.55371
Autoformer,29,81,125.0,114.925156
Autoformer,29,82,125.0,117.49542
Autoformer,29,83,125.0,119.12162
Autoformer,29,84,125.0,120.96612
Autoformer,29,85,125.0,121.61529
Autoformer,29,86,125.0,121.077446
Autoformer,29,87,125.0,115.44117
Autoformer,29,88,125.0,118.015526
Autoformer,29,89,125.0,117.84587
Autoformer,29,90,125.0,119.29061
Autoformer,29,91,125.0,116.20235
Autoformer,29,92,125.0,112.982414
Autoformer,29,93,125.0,112.82184
Autoformer,29,94,125.0,109.07389
Autoformer,29,95,125.0,109.769516
Autoformer,29,96,125.0,108.45109
Autoformer,29,97,125.0,114.80172
Autoformer,29,98,125.0,115.89081
Autoformer,29,99,125.0,119.669975
Autoformer,29,100,125.0,115.445595
Autoformer,29,101,125.0,112.274956
Autoformer,29,102,125.0,110.57271
Autoformer,29,103,125.0,114.21697
Autoformer,29,104,125.0,119.55963
Autoformer,29,105,125.0,120.132935
Autoformer,29,106,125.0,117.63584
Autoformer,29,107,125.0,120.835266
Autoformer,29,108,125.0,121.02853
Autoformer,29,109,125.0,117.96503
Autoformer,29,110,125.0,114.755974
Autoformer,29,111,125.0,115.26996
Autoformer,29,112,125.0,110.46652
Autoformer,29,113,125.0,110.14839
Autoformer,29,114,125.0,108.12944
Autoformer,29,115,125.0,109.68945
Autoformer,29,116,125.0,116.3613
Autoformer,29,117,125.0,117.308334
Autoformer,29,118,125.0,117.337395
Autoformer,29,119,125.0,110.42877
Autoformer,29,120,125.0,110.261284
Autoformer,29,121,125.0,110.8255
Autoformer,29,122,125.0,109.72641
Autoformer,29,123,125.0,109.61827
Autoformer,29,124,125.0,111.994125
Autoformer,29,125,125.0,111.70308
Autoformer,29,126,125.0,110.587296
Autoformer,29,127,125.0,107.58055
Autoformer,29,128,125.0,106.366745
Autoformer,29,129,125.0,106.786575
Autoformer,29,130,125.0,104.77952
Autoformer,29,131,125.0,108.98148
Autoformer,29,132,125.0,110.5695
Autoformer,29,133,125.0,102.54614
Autoformer,29,134,125.0,108.20893
Autoformer,29,135,125.0,103.13992
Autoformer,29,136,125.0,102.58916
Autoformer,29,137,124.0,101.1859
Autoformer,29,138,123.0,102.66515
Autoformer,29,139,122.0,99.98669
Autoformer,29,140,121.0,101.20667
Autoformer,29,141,120.0,105.686806
Autoformer,29,142,119.0,100.77656
Autoformer,29,143,118.0,103.10457
Autoformer,29,144,117.0,106.38774
Autoformer,29,145,116.0,101.74675
Autoformer,29,146,115.0,99.551765
Autoformer,29,147,114.0,99.294136
Autoformer,29,148,113.0,104.137985
Autoformer,29,149,112.0,104.21031
Autoformer,29,150,111.0,105.402245
Autoformer,29,151,110.0,104.679054
Autoformer,29,152,109.0,102.65941
Autoformer,29,153,108.0,102.75534
Autoformer,29,154,107.0,97.64412
Autoformer,29,155,106.0,98.86893
Autoformer,29,156,105.0,94.258865
Autoformer,29,157,104.0,100.01823
Autoformer,29,158,103.0,100.134346
Autoformer,29,159,102.0,96.03798
Autoformer,29,160,101.0,92.830734
Autoformer,29,161,100.0,83.47375
Autoformer,29,162,99.0,84.47747
Autoformer,29,163,98.0,88.0912
Autoformer,29,164,97.0,89.89152
Autoformer,29,165,96.0,95.39677
Autoformer,29,166,95.0,92.03413
Autoformer,29,167,94.0,96.6322
Autoformer,29,168,93.0,90.31521
Autoformer,29,169,92.0,91.29141
Autoformer,29,170,91.0,93.71166
Autoformer,29,171,90.0,91.44757
Autoformer,30,30,125.0,114.922775
Autoformer,30,31,125.0,117.60483
Autoformer,30,32,125.0,113.66239
Autoformer,30,33,125.0,117.02941
Autoformer,30,34,125.0,112.577515
Autoformer,30,35,125.0,116.673676
Autoformer,30,36,125.0,116.73078
Autoformer,30,37,125.0,112.226006
Autoformer,30,38,125.0,115.75471
Autoformer,30,39,125.0,108.42122
Autoformer,30,40,125.0,108.69205
Autoformer,30,41,125.0,114.106636
Autoformer,30,42,125.0,114.70962
Autoformer,30,43,125.0,119.49797
Autoformer,30,44,125.0,113.93813
Autoformer,30,45,125.0,108.44464
Autoformer,30,46,125.0,107.15949
Autoformer,30,47,125.0,114.601875
Autoformer,30,48,125.0,113.04819
Autoformer,30,49,125.0,116.91578
Autoformer,30,50,125.0,114.114006
Autoformer,30,51,125.0,107.915855
Autoformer,30,52,125.0,110.7934
Autoformer,30,53,125.0,111.36734
Autoformer,30,54,125.0,109.485405
Autoformer,30,55,125.0,112.06419
Autoformer,30,56,125.0,112.433846
Autoformer,30,57,125.0,110.85618
Autoformer,30,58,125.0,118.61483
Autoformer,30,59,125.0,119.5756
Autoformer,30,60,125.0,111.36767
Autoformer,30,61,125.0,102.39014
Autoformer,30,62,125.0,103.66467
Autoformer,30,63,125.0,110.56335
Autoformer,30,64,125.0,109.41023
Autoformer,30,65,125.0,116.38435
Autoformer,30,66,125.0,112.6771
Autoformer,30,67,125.0,113.5874
Autoformer,30,68,125.0,110.45062
Autoformer,30,69,125.0,110.60726
Autoformer,30,70,125.0,115.14151
Autoformer,30,71,125.0,118.36523
Autoformer,30,72,125.0,116.24536
Autoformer,30,73,125.0,119.25707
Autoformer,30,74,125.0,118.04655
Autoformer,30,75,125.0,113.03208
Autoformer,30,76,125.0,109.29124
Autoformer,30,77,125.0,109.22358
Autoformer,30,78,125.0,110.70774
Autoformer,30,79,125.0,118.218796
Autoformer,30,80,125.0,118.042465
Autoformer,30,81,125.0,109.177414
Autoformer,30,82,125.0,105.91875
Autoformer,30,83,125.0,104.399536
Autoformer,30,84,125.0,99.501335
Autoformer,30,85,125.0,105.390114
Autoformer,30,86,125.0,107.01359
Autoformer,30,87,125.0,107.5772
Autoformer,30,88,125.0,111.477745
Autoformer,30,89,125.0,112.62578
Autoformer,30,90,125.0,112.59575
Autoformer,30,91,125.0,116.094765
Autoformer,30,92,125.0,114.83024
Autoformer,30,93,125.0,109.68133
Autoformer,30,94,125.0,107.84074
Autoformer,30,95,125.0,113.335884
Autoformer,30,96,125.0,109.70476
Autoformer,30,97,125.0,108.723366
Autoformer,30,98,125.0,107.0436
Autoformer,30,99,125.0,103.532425
Autoformer,30,100,125.0,105.83829
Autoformer,30,101,125.0,102.734245
Autoformer,30,102,125.0,108.90731
Autoformer,30,103,125.0,111.48293
Autoformer,30,104,125.0,110.945114
Autoformer,30,105,125.0,110.92129
Autoformer,30,106,125.0,105.3466
Autoformer,30,107,125.0,103.75773
Autoformer,30,108,125.0,103.784904
Autoformer,30,109,125.0,106.9824
Autoformer,30,110,125.0,102.69275
Autoformer,30,111,125.0,97.894905
Autoformer,30,112,125.0,88.7812
Autoformer,30,113,125.0,101.06885
Autoformer,30,114,125.0,100.10302
Autoformer,30,115,125.0,101.81448
Autoformer,30,116,125.0,96.50786
Autoformer,30,117,125.0,83.66362
Autoformer,30,118,125.0,92.25681
Autoformer,30,119,125.0,83.79526
Autoformer,30,120,125.0,84.84537
Autoformer,30,121,125.0,85.043076
Autoformer,30,122,125.0,96.54927
Autoformer,30,123,125.0,86.30147
Autoformer,30,124,125.0,91.91824
Autoformer,30,125,125.0,96.793396
Autoformer,30,126,125.0,95.85069
Autoformer,30,127,125.0,90.66972
Autoformer,30,128,125.0,86.30964
Autoformer,30,129,125.0,95.187706
Autoformer,30,130,125.0,99.95913
Autoformer,30,131,125.0,85.69799
Autoformer,30,132,125.0,91.68654
Autoformer,30,133,125.0,91.60993
Autoformer,30,134,124.0,88.0619
Autoformer,30,135,123.0,91.810135
Autoformer,30,136,122.0,97.29728
Autoformer,30,137,121.0,92.64391
Autoformer,30,138,120.0,84.69262
Autoformer,30,139,119.0,88.704956
Autoformer,30,140,118.0,80.99598
Autoformer,30,141,117.0,90.40701
Autoformer,30,142,116.0,87.61985
Autoformer,30,143,115.0,93.17109
Autoformer,31,30,125.0,112.979004
Autoformer,31,31,125.0,110.90144
Autoformer,31,32,125.0,110.95997
Autoformer,31,33,125.0,107.52333
Autoformer,31,34,125.0,109.742905
Autoformer,31,35,125.0,107.60553
Autoformer,31,36,125.0,112.06071
Autoformer,31,37,125.0,109.59707
Autoformer,31,38,125.0,110.835045
Autoformer,31,39,125.0,109.71067
Autoformer,31,40,125.0,112.523544
Autoformer,31,41,125.0,109.947754
Autoformer,31,42,125.0,110.12009
Autoformer,31,43,125.0,108.10499
Autoformer,31,44,125.0,110.82117
Autoformer,31,45,125.0,105.29274
Autoformer,31,46,125.0,109.3208
Autoformer,31,47,125.0,108.087776
Autoformer,31,48,125.0,108.38096
Autoformer,31,49,125.0,108.05195
Autoformer,31,50,125.0,110.035
Autoformer,31,51,125.0,110.6694
Autoformer,31,52,125.0,109.68593
Autoformer,31,53,125.0,111.10846
Autoformer,31,54,125.0,107.46572
Autoformer,31,55,125.0,111.21679
Autoformer,31,56,125.0,106.99875
Autoformer,31,57,125.0,106.53714
Autoformer,31,58,125.0,109.20225
Autoformer,31,59,125.0,107.06663
Autoformer,31,60,125.0,109.85783
Autoformer,31,61,125.0,110.84482
Autoformer,31,62,125.0,116.391266
Autoformer,31,63,125.0,116.25392
Autoformer,31,64,125.0,112.411446
Autoformer,31,65,125.0,107.85837
Autoformer,31,66,125.0,106.609375
Autoformer,31,67,125.0,103.15514
Autoformer,31,68,125.0,101.59545
Autoformer,31,69,125.0,105.585556
Autoformer,31,70,125.0,100.82854
Autoformer,31,71,125.0,105.252556
Autoformer,31,72,125.0,101.397934
Autoformer,31,73,125.0,103.66357
Autoformer,31,74,125.0,106.75842
Autoformer,31,75,125.0,106.51259
Autoformer,31,76,125.0,106.144844
Autoformer,31,77,125.0,106.93293
Autoformer,31,78,125.0,104.03406
Autoformer,31,79,125.0,106.990845
Autoformer,31,80,124.0,105.42473
Autoformer,31,81,123.0,105.25437
Autoformer,31,82,122.0,110.29157
Autoformer,31,83,121.0,107.371254
Autoformer,31,84,120.0,110.97245
Autoformer,31,85,119.0,107.29374
Autoformer,31,86,118.0,106.13961
Autoformer,31,87,117.0,106.285774
Autoformer,31,88,116.0,105.09014
Autoformer,31,89,115.0,104.97449
Autoformer,31,90,114.0,103.405365
Autoformer,31,91,113.0,95.68246
Autoformer,31,92,112.0,93.7097
Autoformer,31,93,111.0,94.386856
Autoformer,31,94,110.0,95.37939
Autoformer,31,95,109.0,97.43875
Autoformer,31,96,108.0,101.82301
Autoformer,31,97,107.0,101.743706
Autoformer,31,98,106.0,101.998184
Autoformer,31,99,105.0,103.059425
Autoformer,31,100,104.0,101.02705
Autoformer,31,101,103.0,98.086845
Autoformer,31,102,102.0,90.80108
Autoformer,31,103,101.0,90.15695
Autoformer,31,104,100.0,85.32801
Autoformer,31,105,99.0,94.20725
Autoformer,31,106,98.0,94.955956
Autoformer,31,107,97.0,96.79415
Autoformer,31,108,96.0,98.50467
Autoformer,31,109,95.0,99.201805
Autoformer,31,110,94.0,101.27292
Autoformer,31,111,93.0,102.33152
Autoformer,31,112,92.0,101.11053
Autoformer,31,113,91.0,104.49009
Autoformer,31,114,90.0,104.95964
Autoformer,31,115,89.0,104.643555
Autoformer,31,116,88.0,99.42235
Autoformer,31,117,87.0,92.59118
Autoformer,31,118,86.0,88.29818
Autoformer,31,119,85.0,90.68784
Autoformer,31,120,84.0,92.858284
Autoformer,31,121,83.0,84.818115
Autoformer,31,122,82.0,84.13958
Autoformer,31,123,81.0,81.008
Autoformer,31,124,80.0,90.5299
Autoformer,31,125,79.0,88.461975
Autoformer,31,126,78.0,93.55351
Autoformer,31,127,77.0,93.876076
Autoformer,31,128,76.0,91.04965
Autoformer,31,129,75.0,88.13643
Autoformer,31,130,74.0,85.358765
Autoformer,31,131,73.0,86.87764
Autoformer,31,132,72.0,83.94181
Autoformer,31,133,71.0,88.96301
Autoformer,31,134,70.0,84.54637
Autoformer,31,135,69.0,84.62963
Autoformer,31,136,68.0,80.19481
Autoformer,31,137,67.0,72.78065
Autoformer,31,138,66.0,77.06955
Autoformer,31,139,65.0,73.718
Autoformer,31,140,64.0,80.82035
Autoformer,31,141,63.0,80.36635
Autoformer,31,142,62.0,78.5735
Autoformer,31,143,61.0,77.05745
Autoformer,31,144,60.0,75.60697
Autoformer,31,145,59.0,70.3316
Autoformer,31,146,58.0,70.76773
Autoformer,31,147,57.0,70.63001
Autoformer,31,148,56.0,65.30289
Autoformer,31,149,55.0,60.59683
Autoformer,31,150,54.0,56.367363
Autoformer,31,151,53.0,59.636814
Autoformer,31,152,52.0,56.895634
Autoformer,31,153,51.0,58.470604
Autoformer,31,154,50.0,54.481495
Autoformer,31,155,49.0,61.219433
Autoformer,31,156,48.0,62.27377
Autoformer,31,157,47.0,62.11718
Autoformer,31,158,46.0,64.2058
Autoformer,31,159,45.0,57.445614
Autoformer,31,160,44.0,55.462418
Autoformer,31,161,43.0,50.532204
Autoformer,31,162,42.0,45.015163
Autoformer,31,163,41.0,42.70062
Autoformer,31,164,40.0,46.86254
Autoformer,31,165,39.0,46.073597
Autoformer,31,166,38.0,50.416153
Autoformer,31,167,37.0,50.007446
Autoformer,31,168,36.0,44.439552
Autoformer,31,169,35.0,41.995117
Autoformer,31,170,34.0,39.379986
Autoformer,31,171,33.0,39.001286
Autoformer,31,172,32.0,40.800396
Autoformer,31,173,31.0,41.511127
Autoformer,31,174,30.0,39.648598
Autoformer,31,175,29.0,35.353386
Autoformer,31,176,28.0,29.012249
Autoformer,31,177,27.0,32.176197
Autoformer,31,178,26.0,28.148808
Autoformer,31,179,25.0,21.366035
Autoformer,31,180,24.0,20.086683
Autoformer,31,181,23.0,20.888386
Autoformer,31,182,22.0,19.140623
Autoformer,31,183,21.0,20.815477
Autoformer,31,184,20.0,19.861301
Autoformer,31,185,19.0,20.10881
Autoformer,31,186,18.0,16.565617
Autoformer,31,187,17.0,14.116196
Autoformer,31,188,16.0,16.172115
Autoformer,31,189,15.0,18.87401
Autoformer,31,190,14.0,15.142103
Autoformer,31,191,13.0,16.177166
Autoformer,31,192,12.0,9.985744
Autoformer,31,193,11.0,8.735098
Autoformer,31,194,10.0,7.9670506
Autoformer,31,195,9.0,9.089969
Autoformer,31,196,8.0,10.609824
Autoformer,32,30,125.0,114.21229
Autoformer,32,31,125.0,114.46832
Autoformer,32,32,125.0,117.62921
Autoformer,32,33,125.0,116.38704
Autoformer,32,34,125.0,117.209755
Autoformer,32,35,125.0,116.50706
Autoformer,32,36,125.0,115.201004
Autoformer,32,37,125.0,117.20994
Autoformer,32,38,125.0,112.85626
Autoformer,32,39,125.0,119.210724
Autoformer,32,40,125.0,118.736465
Autoformer,32,41,125.0,117.68706
Autoformer,32,42,125.0,114.63676
Autoformer,32,43,125.0,116.23105
Autoformer,32,44,125.0,114.74913
Autoformer,32,45,125.0,112.90452
Autoformer,32,46,125.0,112.061615
Autoformer,32,47,125.0,109.591705
Autoformer,32,48,125.0,109.93444
Autoformer,32,49,125.0,109.55431
Autoformer,32,50,125.0,118.00379
Autoformer,32,51,125.0,117.38715
Autoformer,32,52,125.0,116.4016
Autoformer,32,53,125.0,112.57454
Autoformer,32,54,125.0,110.297485
Autoformer,32,55,125.0,112.022446
Autoformer,32,56,125.0,112.00802
Autoformer,32,57,125.0,113.517235
Autoformer,32,58,125.0,116.35581
Autoformer,32,59,125.0,116.842476
Autoformer,32,60,125.0,117.55518
Autoformer,32,61,125.0,116.18252
Autoformer,32,62,125.0,116.81234
Autoformer,32,63,125.0,112.92213
Autoformer,32,64,125.0,109.41123
Autoformer,32,65,125.0,115.551186
Autoformer,32,66,125.0,112.09851
Autoformer,32,67,125.0,113.94348
Autoformer,32,68,125.0,112.42218
Autoformer,32,69,124.0,113.34068
Autoformer,32,70,123.0,111.535934
Autoformer,32,71,122.0,112.463295
Autoformer,32,72,121.0,110.89708
Autoformer,32,73,120.0,110.48051
Autoformer,32,74,119.0,108.3601
Autoformer,32,75,118.0,107.9654
Autoformer,32,76,117.0,108.93397
Autoformer,32,77,116.0,109.98901
Autoformer,32,78,115.0,109.989685
Autoformer,32,79,114.0,110.287704
Autoformer,32,80,113.0,107.601906
Autoformer,32,81,112.0,107.93568
Autoformer,32,82,111.0,106.49105
Autoformer,32,83,110.0,104.40314
Autoformer,32,84,109.0,109.75999
Autoformer,32,85,108.0,108.9171
Autoformer,32,86,107.0,106.81767
Autoformer,32,87,106.0,107.53825
Autoformer,32,88,105.0,111.34395
Autoformer,32,89,104.0,109.423256
Autoformer,32,90,103.0,108.92206
Autoformer,32,91,102.0,103.03675
Autoformer,32,92,101.0,104.03111
Autoformer,32,93,100.0,99.27939
Autoformer,32,94,99.0,102.11726
Autoformer,32,95,98.0,98.108734
Autoformer,32,96,97.0,104.09096
Autoformer,32,97,96.0,104.40679
Autoformer,32,98,95.0,102.36163
Autoformer,32,99,94.0,100.06433
Autoformer,32,100,93.0,99.96379
Autoformer,32,101,92.0,96.59722
Autoformer,32,102,91.0,98.01812
Autoformer,32,103,90.0,97.675
Autoformer,32,104,89.0,94.086555
Autoformer,32,105,88.0,94.428825
Autoformer,32,106,87.0,92.22432
Autoformer,32,107,86.0,92.72631
Autoformer,32,108,85.0,96.016304
Autoformer,32,109,84.0,93.07071
Autoformer,32,110,83.0,97.934654
Autoformer,32,111,82.0,95.150566
Autoformer,32,112,81.0,93.42771
Autoformer,32,113,80.0,94.601295
Autoformer,32,114,79.0,95.95138
Autoformer,32,115,78.0,95.164894
Autoformer,32,116,77.0,96.7176
Autoformer,32,117,76.0,96.78941
Autoformer,32,118,75.0,93.66785
Autoformer,32,119,74.0,86.55525
Autoformer,32,120,73.0,79.564514
Autoformer,32,121,72.0,87.28702
Autoformer,32,122,71.0,87.22955
Autoformer,32,123,70.0,88.29577
Autoformer,32,124,69.0,90.93823
Autoformer,32,125,68.0,90.030266
Autoformer,32,126,67.0,90.29634
Autoformer,32,127,66.0,89.240326
Autoformer,32,128,65.0,89.38967
Autoformer,32,129,64.0,76.92256
Autoformer,32,130,63.0,76.912834
Autoformer,32,131,62.0,79.58762
Autoformer,32,132,61.0,75.14947
Autoformer,32,133,60.0,73.62465
Autoformer,32,134,59.0,75.11199
Autoformer,32,135,58.0,69.913734
Autoformer,32,136,57.0,67.588135
Autoformer,32,137,56.0,66.68751
Autoformer,32,138,55.0,65.54362
Autoformer,32,139,54.0,65.35411
Autoformer,32,140,53.0,68.414215
Autoformer,32,141,52.0,64.280464
Autoformer,32,142,51.0,59.94932
Autoformer,32,143,50.0,55.523598
Autoformer,32,144,49.0,54.338505
Autoformer,32,145,48.0,55.044506
Autoformer,33,30,125.0,92.33513
Autoformer,33,31,125.0,89.12642
Autoformer,33,32,124.0,88.61741
Autoformer,33,33,123.0,83.63911
Autoformer,33,34,122.0,88.86287
Autoformer,33,35,121.0,98.2345
Autoformer,33,36,120.0,104.19774
Autoformer,33,37,119.0,96.87614
Autoformer,33,38,118.0,91.998856
Autoformer,33,39,117.0,87.796844
Autoformer,33,40,116.0,81.85927
Autoformer,33,41,115.0,87.14455
Autoformer,33,42,114.0,85.28577
Autoformer,33,43,113.0,89.35627
Autoformer,33,44,112.0,83.84226
Autoformer,33,45,111.0,85.71741
Autoformer,33,46,110.0,89.81395
Autoformer,33,47,109.0,92.29116
Autoformer,33,48,108.0,87.32854
Autoformer,33,49,107.0,87.12053
Autoformer,33,50,106.0,90.11073
Autoformer,34,30,125.0,118.60765
Autoformer,34,31,125.0,116.54142
Autoformer,34,32,125.0,116.78625
Autoformer,34,33,125.0,116.23623
Autoformer,34,34,125.0,118.16426
Autoformer,34,35,125.0,119.38872
Autoformer,34,36,125.0,121.71077
Autoformer,34,37,125.0,119.585
Autoformer,34,38,125.0,120.12568
Autoformer,34,39,125.0,116.76478
Autoformer,34,40,125.0,112.22499
Autoformer,34,41,125.0,114.06379
Autoformer,34,42,125.0,116.2232
Autoformer,34,43,125.0,114.58052
Autoformer,34,44,125.0,118.48753
Autoformer,34,45,125.0,119.98917
Autoformer,34,46,125.0,120.99234
Autoformer,34,47,125.0,121.05272
Autoformer,34,48,125.0,117.74906
Autoformer,34,49,125.0,119.85107
Autoformer,34,50,125.0,117.51955
Autoformer,34,51,125.0,118.47115
Autoformer,34,52,125.0,119.40678
Autoformer,34,53,125.0,116.64515
Autoformer,34,54,125.0,118.81729
Autoformer,34,55,125.0,118.58664
Autoformer,34,56,125.0,117.61339
Autoformer,34,57,125.0,117.063416
Autoformer,34,58,125.0,116.33913
Autoformer,34,59,125.0,112.30028
Autoformer,34,60,125.0,113.258766
Autoformer,34,61,125.0,115.2896
Autoformer,34,62,125.0,110.60734
Autoformer,34,63,125.0,112.08448
Autoformer,34,64,125.0,108.259735
Autoformer,34,65,125.0,115.5548
Autoformer,34,66,125.0,112.14721
Autoformer,34,67,125.0,115.438675
Autoformer,34,68,125.0,114.26529
Autoformer,34,69,125.0,118.86517
Autoformer,34,70,125.0,113.854324
Autoformer,34,71,125.0,114.87588
Autoformer,34,72,125.0,112.76727
Autoformer,34,73,125.0,112.1983
Autoformer,34,74,125.0,117.303185
Autoformer,34,75,125.0,117.59635
Autoformer,34,76,125.0,118.534096
Autoformer,34,77,125.0,117.30121
Autoformer,34,78,125.0,115.53371
Autoformer,34,79,125.0,114.06388
Autoformer,34,80,125.0,113.968185
Autoformer,34,81,125.0,113.97701
Autoformer,34,82,125.0,111.09126
Autoformer,34,83,125.0,116.26589
Autoformer,34,84,125.0,116.34968
Autoformer,34,85,125.0,114.880974
Autoformer,34,86,124.0,114.664154
Autoformer,34,87,123.0,117.46552
Autoformer,34,88,122.0,118.51441
Autoformer,34,89,121.0,115.50982
Autoformer,34,90,120.0,114.56866
Autoformer,34,91,119.0,113.53291
Autoformer,34,92,118.0,116.83142
Autoformer,34,93,117.0,118.32347
Autoformer,34,94,116.0,114.28768
Autoformer,34,95,115.0,113.040634
Autoformer,34,96,114.0,111.96307
Autoformer,34,97,113.0,117.92695
Autoformer,34,98,112.0,109.7197
Autoformer,34,99,111.0,113.01243
Autoformer,34,100,110.0,115.95474
Autoformer,34,101,109.0,107.70028
Autoformer,34,102,108.0,111.4659
Autoformer,34,103,107.0,117.154106
Autoformer,34,104,106.0,116.13138
Autoformer,34,105,105.0,111.82624
Autoformer,34,106,104.0,109.86258
Autoformer,34,107,103.0,109.76418
Autoformer,34,108,102.0,109.42715
Autoformer,34,109,101.0,109.89306
Autoformer,34,110,100.0,111.70936
Autoformer,34,111,99.0,110.92163
Autoformer,34,112,98.0,115.59808
Autoformer,34,113,97.0,113.115456
Autoformer,34,114,96.0,111.907684
Autoformer,34,115,95.0,110.15264
Autoformer,34,116,94.0,107.075
Autoformer,34,117,93.0,107.94218
Autoformer,34,118,92.0,104.79165
Autoformer,34,119,91.0,110.85969
Autoformer,34,120,90.0,110.60893
Autoformer,34,121,89.0,114.64952
Autoformer,34,122,88.0,111.44778
Autoformer,34,123,87.0,112.07442
Autoformer,34,124,86.0,111.61911
Autoformer,34,125,85.0,111.77189
Autoformer,34,126,84.0,112.35108
Autoformer,34,127,83.0,111.35866
Autoformer,34,128,82.0,107.77545
Autoformer,34,129,81.0,108.754684
Autoformer,34,130,80.0,110.65159
Autoformer,34,131,79.0,114.49972
Autoformer,34,132,78.0,111.787254
Autoformer,34,133,77.0,112.22615
Autoformer,34,134,76.0,107.54012
Autoformer,34,135,75.0,107.68686
Autoformer,34,136,74.0,108.046196
Autoformer,34,137,73.0,109.44863
Autoformer,34,138,72.0,105.46953
Autoformer,34,139,71.0,105.448296
Autoformer,34,140,70.0,108.50295
Autoformer,34,141,69.0,102.019684
Autoformer,34,142,68.0,101.9267
Autoformer,34,143,67.0,100.626595
Autoformer,34,144,66.0,101.81659
Autoformer,34,145,65.0,102.24023
Autoformer,34,146,64.0,98.661285
Autoformer,34,147,63.0,101.86183
Autoformer,34,148,62.0,102.92904
Autoformer,34,149,61.0,103.20425
Autoformer,34,150,60.0,99.11572
Autoformer,34,151,59.0,98.68499
Autoformer,34,152,58.0,93.47234
Autoformer,34,153,57.0,96.67539
Autoformer,34,154,56.0,95.28977
Autoformer,34,155,55.0,96.88693
Autoformer,34,156,54.0,99.04021
Autoformer,34,157,53.0,100.628296
Autoformer,34,158,52.0,93.55575
Autoformer,34,159,51.0,92.85958
Autoformer,34,160,50.0,91.44504
Autoformer,34,161,49.0,90.38817
Autoformer,34,162,48.0,85.66789
Autoformer,34,163,47.0,87.044304
Autoformer,34,164,46.0,90.163376
Autoformer,34,165,45.0,92.358025
Autoformer,34,166,44.0,91.54416
Autoformer,34,167,43.0,90.092674
Autoformer,34,168,42.0,86.881096
Autoformer,34,169,41.0,76.44969
Autoformer,34,170,40.0,75.14649
Autoformer,34,171,39.0,61.05145
Autoformer,34,172,38.0,61.951225
Autoformer,34,173,37.0,79.919556
Autoformer,34,174,36.0,83.17471
Autoformer,34,175,35.0,81.80179
Autoformer,34,176,34.0,78.29411
Autoformer,34,177,33.0,69.448105
Autoformer,34,178,32.0,68.68371
Autoformer,34,179,31.0,66.71691
Autoformer,34,180,30.0,65.154106
Autoformer,34,181,29.0,59.512753
Autoformer,34,182,28.0,58.00577
Autoformer,34,183,27.0,45.24164
Autoformer,34,184,26.0,37.117706
Autoformer,34,185,25.0,33.514175
Autoformer,34,186,24.0,30.52687
Autoformer,34,187,23.0,30.004639
Autoformer,34,188,22.0,26.267334
Autoformer,34,189,21.0,20.65565
Autoformer,34,190,20.0,22.686747
Autoformer,34,191,19.0,18.461382
Autoformer,34,192,18.0,22.064909
Autoformer,34,193,17.0,17.845377
Autoformer,34,194,16.0,21.790274
Autoformer,34,195,15.0,15.694408
Autoformer,34,196,14.0,16.016521
Autoformer,34,197,13.0,10.578589
Autoformer,34,198,12.0,8.425986
Autoformer,34,199,11.0,4.827082
Autoformer,34,200,10.0,1.5476923
Autoformer,34,201,9.0,0.56696683
Autoformer,34,202,8.0,1.534283
Autoformer,34,203,7.0,-1.0769851
Autoformer,35,30,125.0,105.77159
Autoformer,35,31,125.0,105.64002
Autoformer,35,32,125.0,107.9169
Autoformer,35,33,125.0,107.26307
Autoformer,35,34,125.0,105.291855
Autoformer,35,35,125.0,105.25071
Autoformer,35,36,125.0,101.04438
Autoformer,35,37,125.0,100.29856
Autoformer,35,38,125.0,99.59919
Autoformer,35,39,125.0,99.93913
Autoformer,35,40,125.0,100.40619
Autoformer,35,41,125.0,105.411476
Autoformer,35,42,125.0,112.376175
Autoformer,35,43,125.0,113.79486
Autoformer,35,44,125.0,97.04631
Autoformer,35,45,125.0,95.702225
Autoformer,35,46,125.0,88.42663
Autoformer,35,47,125.0,97.79579
Autoformer,35,48,125.0,100.642624
Autoformer,35,49,125.0,106.502686
Autoformer,35,50,125.0,101.70262
Autoformer,35,51,125.0,99.41869
Autoformer,35,52,125.0,97.173485
Autoformer,35,53,125.0,98.67559
Autoformer,35,54,125.0,103.729935
Autoformer,35,55,125.0,100.2535
Autoformer,35,56,125.0,89.87834
Autoformer,35,57,125.0,89.37945
Autoformer,35,58,125.0,84.38003
Autoformer,35,59,125.0,91.41777
Autoformer,35,60,125.0,96.14509
Autoformer,35,61,125.0,106.70227
Autoformer,35,62,125.0,101.34294
Autoformer,35,63,125.0,103.69242
Autoformer,35,64,125.0,99.82717
Autoformer,35,65,125.0,104.805374
Autoformer,35,66,125.0,99.25738
Autoformer,35,67,125.0,95.03737
Autoformer,35,68,125.0,97.19468
Autoformer,35,69,125.0,97.06601
Autoformer,35,70,125.0,98.1568
Autoformer,35,71,125.0,106.10894
Autoformer,35,72,125.0,105.75787
Autoformer,35,73,125.0,106.35097
Autoformer,35,74,125.0,108.508446
Autoformer,35,75,125.0,101.82089
Autoformer,35,76,125.0,101.99672
Autoformer,35,77,125.0,105.58605
Autoformer,35,78,125.0,97.38327
Autoformer,35,79,125.0,99.73323
Autoformer,35,80,125.0,97.49807
Autoformer,35,81,125.0,99.98224
Autoformer,35,82,125.0,95.69272
Autoformer,35,83,125.0,97.59972
Autoformer,35,84,125.0,90.271545
Autoformer,35,85,124.0,98.3311
Autoformer,35,86,123.0,102.381645
Autoformer,35,87,122.0,94.89725
Autoformer,35,88,121.0,101.34018
Autoformer,35,89,120.0,97.46802
Autoformer,35,90,119.0,95.426315
Autoformer,35,91,118.0,88.470985
Autoformer,35,92,117.0,85.6974
Autoformer,35,93,116.0,82.91804
Autoformer,35,94,115.0,92.02645
Autoformer,35,95,114.0,88.228485
Autoformer,35,96,113.0,93.01469
Autoformer,35,97,112.0,84.61529
Autoformer,35,98,111.0,88.20012
Autoformer,35,99,110.0,90.44171
Autoformer,35,100,109.0,76.45318
Autoformer,35,101,108.0,75.04486
Autoformer,35,102,107.0,78.39786
Autoformer,35,103,106.0,82.67056
Autoformer,35,104,105.0,85.65222
Autoformer,35,105,104.0,83.97322
Autoformer,35,106,103.0,96.47263
Autoformer,35,107,102.0,90.57143
Autoformer,35,108,101.0,98.49529
Autoformer,35,109,100.0,94.503395
Autoformer,35,110,99.0,90.31255
Autoformer,35,111,98.0,83.851456
Autoformer,35,112,97.0,84.58991
Autoformer,35,113,96.0,81.40888
Autoformer,35,114,95.0,77.63972
Autoformer,35,115,94.0,78.95583
Autoformer,35,116,93.0,84.843864
Autoformer,35,117,92.0,80.14571
Autoformer,35,118,91.0,78.95986
Autoformer,35,119,90.0,77.64761
Autoformer,35,120,89.0,78.77889
Autoformer,35,121,88.0,73.506714
Autoformer,35,122,87.0,82.52537
Autoformer,35,123,86.0,77.23859
Autoformer,35,124,85.0,74.93193
Autoformer,35,125,84.0,81.58497
Autoformer,35,126,83.0,80.6344
Autoformer,35,127,82.0,80.03957
Autoformer,35,128,81.0,71.244934
Autoformer,35,129,80.0,70.350334
Autoformer,35,130,79.0,71.45431
Autoformer,35,131,78.0,64.92488
Autoformer,35,132,77.0,59.333084
Autoformer,35,133,76.0,58.770645
Autoformer,35,134,75.0,62.844883
Autoformer,35,135,74.0,59.114132
Autoformer,35,136,73.0,55.213684
Autoformer,35,137,72.0,65.732475
Autoformer,35,138,71.0,66.48306
Autoformer,35,139,70.0,68.57714
Autoformer,35,140,69.0,67.435814
Autoformer,35,141,68.0,70.76229
Autoformer,35,142,67.0,66.52604
Autoformer,35,143,66.0,59.497272
Autoformer,35,144,65.0,55.768322
Autoformer,35,145,64.0,54.275852
Autoformer,35,146,63.0,50.498276
Autoformer,35,147,62.0,44.86624
Autoformer,35,148,61.0,41.267857
Autoformer,35,149,60.0,47.66865
Autoformer,35,150,59.0,50.75705
Autoformer,35,151,58.0,51.12037
Autoformer,35,152,57.0,48.288784
Autoformer,35,153,56.0,42.860817
Autoformer,35,154,55.0,39.807674
Autoformer,35,155,54.0,45.36171
Autoformer,35,156,53.0,45.46383
Autoformer,35,157,52.0,41.60302
Autoformer,35,158,51.0,39.429718
Autoformer,35,159,50.0,37.810448
Autoformer,35,160,49.0,36.87929
Autoformer,35,161,48.0,34.956974
Autoformer,35,162,47.0,40.113754
Autoformer,35,163,46.0,35.488144
Autoformer,35,164,45.0,42.934345
Autoformer,35,165,44.0,35.81661
Autoformer,35,166,43.0,37.847652
Autoformer,35,167,42.0,33.905907
Autoformer,35,168,41.0,26.040956
Autoformer,35,169,40.0,24.805243
Autoformer,35,170,39.0,29.66957
Autoformer,35,171,38.0,30.722336
Autoformer,35,172,37.0,30.398129
Autoformer,35,173,36.0,25.877705
Autoformer,35,174,35.0,29.165781
Autoformer,35,175,34.0,25.40856
Autoformer,35,176,33.0,20.49873
Autoformer,35,177,32.0,17.098978
Autoformer,35,178,31.0,23.350918
Autoformer,35,179,30.0,21.472408
Autoformer,35,180,29.0,20.676683
Autoformer,35,181,28.0,18.490269
Autoformer,35,182,27.0,16.650078
Autoformer,35,183,26.0,17.161736
Autoformer,35,184,25.0,18.758474
Autoformer,35,185,24.0,16.686367
Autoformer,35,186,23.0,15.584772
Autoformer,35,187,22.0,11.0986805
Autoformer,35,188,21.0,11.563419
Autoformer,35,189,20.0,13.55977
Autoformer,35,190,19.0,14.682626
Autoformer,35,191,18.0,18.26308
Autoformer,35,192,17.0,16.047009
Autoformer,35,193,16.0,12.96908
Autoformer,35,194,15.0,12.638669
Autoformer,35,195,14.0,8.401412
Autoformer,35,196,13.0,9.905859
Autoformer,35,197,12.0,6.6244187
Autoformer,35,198,11.0,5.0121694
Autoformer,36,30,115.0,92.75147
Autoformer,36,31,114.0,95.32751
Autoformer,36,32,113.0,93.27872
Autoformer,36,33,112.0,87.11795
Autoformer,36,34,111.0,89.08279
Autoformer,36,35,110.0,93.89386
Autoformer,36,36,109.0,93.2575
Autoformer,36,37,108.0,85.448944
Autoformer,36,38,107.0,85.68387
Autoformer,36,39,106.0,81.56689
Autoformer,36,40,105.0,76.23338
Autoformer,36,41,104.0,76.1252
Autoformer,36,42,103.0,73.73522
Autoformer,36,43,102.0,78.258835
Autoformer,36,44,101.0,78.09155
Autoformer,36,45,100.0,82.59931
Autoformer,36,46,99.0,84.431946
Autoformer,36,47,98.0,80.99269
Autoformer,36,48,97.0,79.45056
Autoformer,36,49,96.0,80.43765
Autoformer,36,50,95.0,82.2082
Autoformer,36,51,94.0,89.38068
Autoformer,36,52,93.0,82.04605
Autoformer,36,53,92.0,86.70612
Autoformer,36,54,91.0,90.20358
Autoformer,36,55,90.0,80.37743
Autoformer,36,56,89.0,81.89903
Autoformer,36,57,88.0,80.37704
Autoformer,36,58,87.0,86.859535
Autoformer,36,59,86.0,82.68732
Autoformer,36,60,85.0,76.92151
Autoformer,36,61,84.0,66.90984
Autoformer,36,62,83.0,82.53221
Autoformer,36,63,82.0,83.95062
Autoformer,36,64,81.0,90.73166
Autoformer,36,65,80.0,81.38541
Autoformer,36,66,79.0,77.379524
Autoformer,36,67,78.0,77.68639
Autoformer,36,68,77.0,84.748085
Autoformer,36,69,76.0,75.51771
Autoformer,36,70,75.0,78.41073
Autoformer,36,71,74.0,67.23895
Autoformer,36,72,73.0,64.84583
Autoformer,36,73,72.0,65.54584
Autoformer,36,74,71.0,60.888393
Autoformer,36,75,70.0,67.39505
Autoformer,36,76,69.0,70.806305
Autoformer,36,77,68.0,71.17078
Autoformer,36,78,67.0,63.556206
Autoformer,36,79,66.0,62.94636
Autoformer,36,80,65.0,63.033825
Autoformer,36,81,64.0,61.238846
Autoformer,36,82,63.0,61.565353
Autoformer,36,83,62.0,55.8018
Autoformer,36,84,61.0,53.93501
Autoformer,36,85,60.0,55.157734
Autoformer,36,86,59.0,64.165115
Autoformer,36,87,58.0,62.16895
Autoformer,36,88,57.0,71.99956
Autoformer,36,89,56.0,60.708637
Autoformer,36,90,55.0,58.539112
Autoformer,36,91,54.0,50.266556
Autoformer,36,92,53.0,52.68159
Autoformer,36,93,52.0,52.822414
Autoformer,36,94,51.0,46.592964
Autoformer,36,95,50.0,50.717896
Autoformer,36,96,49.0,42.001648
Autoformer,36,97,48.0,54.64135
Autoformer,36,98,47.0,52.63892
Autoformer,36,99,46.0,57.905994
Autoformer,36,100,45.0,54.445
Autoformer,36,101,44.0,50.08331
Autoformer,36,102,43.0,45.57929
Autoformer,36,103,42.0,39.57468
Autoformer,36,104,41.0,39.058727
Autoformer,36,105,40.0,34.780186
Autoformer,36,106,39.0,40.177544
Autoformer,36,107,38.0,36.767727
Autoformer,36,108,37.0,32.35505
Autoformer,36,109,36.0,31.464716
Autoformer,36,110,35.0,29.191156
Autoformer,36,111,34.0,34.293907
Autoformer,36,112,33.0,36.093716
Autoformer,36,113,32.0,28.104034
Autoformer,36,114,31.0,24.2364
Autoformer,36,115,30.0,23.857836
Autoformer,36,116,29.0,26.609274
Autoformer,36,117,28.0,22.886692
Autoformer,36,118,27.0,23.468945
Autoformer,36,119,26.0,22.345427
Autoformer,36,120,25.0,27.949665
Autoformer,36,121,24.0,24.566238
Autoformer,36,122,23.0,20.21576
Autoformer,36,123,22.0,19.059502
Autoformer,36,124,21.0,13.703456
Autoformer,36,125,20.0,11.949248
Autoformer,36,126,19.0,12.830942
Autoformer,37,30,112.0,120.879166
Autoformer,37,31,111.0,117.60843
Autoformer,37,32,110.0,121.13479
Autoformer,37,33,109.0,121.22813
Autoformer,37,34,108.0,127.36764
Autoformer,37,35,107.0,124.49906
Autoformer,37,36,106.0,122.261024
Autoformer,37,37,105.0,118.453636
Autoformer,37,38,104.0,120.48775
Autoformer,37,39,103.0,121.29452
Autoformer,37,40,102.0,118.71603
Autoformer,37,41,101.0,121.6416
Autoformer,37,42,100.0,120.8126
Autoformer,37,43,99.0,124.790794
Autoformer,37,44,98.0,123.91604
Autoformer,37,45,97.0,122.3852
Autoformer,37,46,96.0,121.37647
Autoformer,37,47,95.0,121.58222
Autoformer,37,48,94.0,119.974266
Autoformer,37,49,93.0,119.58915
Autoformer,37,50,92.0,120.98737
Autoformer,37,51,91.0,122.2293
Autoformer,37,52,90.0,122.93459
Autoformer,37,53,89.0,122.39047
Autoformer,37,54,88.0,120.35907
Autoformer,37,55,87.0,122.02751
Autoformer,37,56,86.0,121.37536
Autoformer,37,57,85.0,122.128654
Autoformer,37,58,84.0,120.74185
Autoformer,37,59,83.0,124.34995
Autoformer,37,60,82.0,119.22457
Autoformer,37,61,81.0,121.07955
Autoformer,37,62,80.0,121.88126
Autoformer,37,63,79.0,120.40309
Autoformer,37,64,78.0,119.83553
Autoformer,37,65,77.0,122.03438
Autoformer,37,66,76.0,122.917984
Autoformer,37,67,75.0,123.1866
Autoformer,37,68,74.0,120.55793
Autoformer,37,69,73.0,119.12557
Autoformer,37,70,72.0,118.76958
Autoformer,37,71,71.0,118.12456
Autoformer,37,72,70.0,118.69944
Autoformer,37,73,69.0,116.75864
Autoformer,37,74,68.0,121.3456
Autoformer,37,75,67.0,119.42464
Autoformer,37,76,66.0,120.189
Autoformer,37,77,65.0,120.96523
Autoformer,37,78,64.0,119.1343
Autoformer,37,79,63.0,119.39145
Autoformer,37,80,62.0,117.127426
Autoformer,37,81,61.0,120.77815
Autoformer,37,82,60.0,115.43076
Autoformer,37,83,59.0,116.726395
Autoformer,37,84,58.0,114.94559
Autoformer,37,85,57.0,118.9814
Autoformer,37,86,56.0,118.41067
Autoformer,37,87,55.0,123.76806
Autoformer,37,88,54.0,122.40813
Autoformer,37,89,53.0,117.318924
Autoformer,37,90,52.0,116.968895
Autoformer,37,91,51.0,115.84432
Autoformer,37,92,50.0,111.47653
Autoformer,37,93,49.0,110.891815
Autoformer,37,94,48.0,108.529335
Autoformer,37,95,47.0,111.68558
Autoformer,37,96,46.0,106.40718
Autoformer,37,97,45.0,113.27524
Autoformer,37,98,44.0,108.52708
Autoformer,37,99,43.0,116.465805
Autoformer,37,100,42.0,112.443924
Autoformer,37,101,41.0,112.68646
Autoformer,37,102,40.0,111.8035
Autoformer,37,103,39.0,117.30903
Autoformer,37,104,38.0,112.33697
Autoformer,37,105,37.0,114.66289
Autoformer,37,106,36.0,112.22252
Autoformer,37,107,35.0,109.67624
Autoformer,37,108,34.0,97.26769
Autoformer,37,109,33.0,95.68883
Autoformer,37,110,32.0,89.32171
Autoformer,37,111,31.0,86.92079
Autoformer,37,112,30.0,87.1366
Autoformer,37,113,29.0,77.920715
Autoformer,37,114,28.0,84.25355
Autoformer,37,115,27.0,79.710655
Autoformer,37,116,26.0,85.707085
Autoformer,37,117,25.0,70.41346
Autoformer,37,118,24.0,71.03738
Autoformer,37,119,23.0,67.7506
Autoformer,37,120,22.0,67.08993
Autoformer,37,121,21.0,56.257294
Autoformer,38,30,125.0,96.42276
Autoformer,38,31,125.0,100.20641
Autoformer,38,32,125.0,99.881256
Autoformer,38,33,125.0,88.25824
Autoformer,38,34,125.0,82.61874
Autoformer,38,35,125.0,80.145386
Autoformer,38,36,125.0,86.39839
Autoformer,38,37,125.0,93.12933
Autoformer,38,38,125.0,91.71252
Autoformer,38,39,125.0,92.7505
Autoformer,38,40,125.0,92.5539
Autoformer,38,41,125.0,97.25883
Autoformer,38,42,125.0,97.54511
Autoformer,38,43,125.0,91.960846
Autoformer,38,44,125.0,95.26504
Autoformer,38,45,125.0,91.65316
Autoformer,38,46,125.0,84.131355
Autoformer,38,47,125.0,91.221176
Autoformer,38,48,125.0,84.04465
Autoformer,38,49,125.0,74.24503
Autoformer,38,50,125.0,76.041855
Autoformer,38,51,124.0,86.523994
Autoformer,38,52,123.0,89.442276
Autoformer,38,53,122.0,90.68789
Autoformer,38,54,121.0,79.23752
Autoformer,38,55,120.0,78.58241
Autoformer,38,56,119.0,76.97825
Autoformer,38,57,118.0,76.705505
Autoformer,38,58,117.0,88.17356
Autoformer,38,59,116.0,91.02233
Autoformer,38,60,115.0,93.94645
Autoformer,38,61,114.0,93.00813
Autoformer,38,62,113.0,86.24065
Autoformer,38,63,112.0,81.019775
Autoformer,38,64,111.0,78.09125
Autoformer,38,65,110.0,76.90787
Autoformer,38,66,109.0,80.85802
Autoformer,38,67,108.0,80.89556
Autoformer,38,68,107.0,91.06663
Autoformer,38,69,106.0,92.99551
Autoformer,38,70,105.0,84.35325
Autoformer,38,71,104.0,71.90546
Autoformer,38,72,103.0,77.41637
Autoformer,38,73,102.0,74.7116
Autoformer,38,74,101.0,74.677765
Autoformer,38,75,100.0,76.78717
Autoformer,38,76,99.0,77.94596
Autoformer,38,77,98.0,77.00878
Autoformer,38,78,97.0,82.78558
Autoformer,38,79,96.0,84.20392
Autoformer,38,80,95.0,78.06341
Autoformer,38,81,94.0,76.15058
Autoformer,38,82,93.0,76.50031
Autoformer,38,83,92.0,74.04509
Autoformer,38,84,91.0,76.26321
Autoformer,38,85,90.0,74.01254
Autoformer,38,86,89.0,83.627495
Autoformer,38,87,88.0,76.72878
Autoformer,38,88,87.0,76.77113
Autoformer,38,89,86.0,81.41124
Autoformer,38,90,85.0,72.113754
Autoformer,38,91,84.0,73.52487
Autoformer,38,92,83.0,62.78537
Autoformer,38,93,82.0,68.47267
Autoformer,38,94,81.0,72.01899
Autoformer,38,95,80.0,74.60306
Autoformer,38,96,79.0,80.257195
Autoformer,38,97,78.0,80.47262
Autoformer,38,98,77.0,80.70382
Autoformer,38,99,76.0,67.871315
Autoformer,38,100,75.0,63.86597
Autoformer,38,101,74.0,61.710804
Autoformer,38,102,73.0,62.14263
Autoformer,38,103,72.0,58.96638
Autoformer,38,104,71.0,59.296738
Autoformer,38,105,70.0,57.32426
Autoformer,38,106,69.0,58.936428
Autoformer,38,107,68.0,63.715736
Autoformer,38,108,67.0,63.738968
Autoformer,38,109,66.0,66.52762
Autoformer,38,110,65.0,69.48885
Autoformer,38,111,64.0,60.494007
Autoformer,38,112,63.0,56.412613
Autoformer,38,113,62.0,55.72082
Autoformer,38,114,61.0,53.092945
Autoformer,38,115,60.0,53.80792
Autoformer,38,116,59.0,52.42123
Autoformer,38,117,58.0,52.417995
Autoformer,38,118,57.0,55.611755
Autoformer,38,119,56.0,48.669003
Autoformer,38,120,55.0,51.77175
Autoformer,38,121,54.0,48.52608
Autoformer,38,122,53.0,51.024532
Autoformer,38,123,52.0,44.209034
Autoformer,38,124,51.0,41.55443
Autoformer,38,125,50.0,40.05097
Autoformer,39,30,125.0,115.85369
Autoformer,39,31,125.0,120.011314
Autoformer,39,32,125.0,115.86971
Autoformer,39,33,125.0,117.342964
Autoformer,39,34,125.0,118.09755
Autoformer,39,35,125.0,119.48749
Autoformer,39,36,125.0,119.0989
Autoformer,39,37,125.0,117.4819
Autoformer,40,30,125.0,98.97084
Autoformer,40,31,125.0,94.79221
Autoformer,40,32,125.0,95.27065
Autoformer,40,33,125.0,94.91233
Autoformer,40,34,125.0,87.914474
Autoformer,40,35,125.0,90.185905
Autoformer,40,36,125.0,83.31612
Autoformer,40,37,124.0,86.94914
Autoformer,40,38,123.0,87.51033
Autoformer,40,39,122.0,89.035095
Autoformer,40,40,121.0,88.45983
Autoformer,40,41,120.0,93.52406
Autoformer,40,42,119.0,93.253784
Autoformer,40,43,118.0,89.958786
Autoformer,40,44,117.0,93.320076
Autoformer,40,45,116.0,89.53282
Autoformer,40,46,115.0,91.74859
Autoformer,40,47,114.0,92.3527
Autoformer,40,48,113.0,95.20785
Autoformer,40,49,112.0,92.35294
Autoformer,40,50,111.0,96.17776
Autoformer,40,51,110.0,92.559975
Autoformer,40,52,109.0,99.30142
Autoformer,40,53,108.0,85.14645
Autoformer,40,54,107.0,78.88025
Autoformer,40,55,106.0,77.910255
Autoformer,40,56,105.0,80.02439
Autoformer,40,57,104.0,74.69486
Autoformer,40,58,103.0,83.14867
Autoformer,40,59,102.0,76.19162
Autoformer,40,60,101.0,80.496956
Autoformer,40,61,100.0,77.70145
Autoformer,40,62,99.0,88.38902
Autoformer,40,63,98.0,86.684235
Autoformer,40,64,97.0,94.723564
Autoformer,40,65,96.0,83.13496
Autoformer,40,66,95.0,76.14089
Autoformer,40,67,94.0,75.083595
Autoformer,40,68,93.0,76.29315
Autoformer,40,69,92.0,72.167
Autoformer,40,70,91.0,70.43629
Autoformer,40,71,90.0,66.10849
Autoformer,40,72,89.0,73.61159
Autoformer,40,73,88.0,79.33442
Autoformer,40,74,87.0,75.27835
Autoformer,40,75,86.0,71.997635
Autoformer,40,76,85.0,71.503296
Autoformer,40,77,84.0,68.25481
Autoformer,40,78,83.0,69.40986
Autoformer,40,79,82.0,73.101006
Autoformer,40,80,81.0,76.532036
Autoformer,40,81,80.0,78.516075
Autoformer,40,82,79.0,82.08471
Autoformer,40,83,78.0,85.44658
Autoformer,40,84,77.0,77.807884
Autoformer,40,85,76.0,83.1901
Autoformer,40,86,75.0,72.60042
Autoformer,40,87,74.0,64.24258
Autoformer,40,88,73.0,66.15392
Autoformer,40,89,72.0,71.19119
Autoformer,40,90,71.0,67.69116
Autoformer,40,91,70.0,80.15051
Autoformer,40,92,69.0,69.234436
Autoformer,40,93,68.0,64.48064
Autoformer,40,94,67.0,64.4979
Autoformer,40,95,66.0,62.044907
Autoformer,40,96,65.0,60.212543
Autoformer,40,97,64.0,58.29108
Autoformer,40,98,63.0,67.22846
Autoformer,40,99,62.0,64.45692
Autoformer,40,100,61.0,65.7866
Autoformer,40,101,60.0,59.0935
Autoformer,40,102,59.0,57.631317
Autoformer,40,103,58.0,51.19762
Autoformer,40,104,57.0,52.655148
Autoformer,40,105,56.0,48.342567
Autoformer,40,106,55.0,50.376354
Autoformer,40,107,54.0,51.62786
Autoformer,40,108,53.0,45.40481
Autoformer,40,109,52.0,47.998917
Autoformer,40,110,51.0,47.19285
Autoformer,40,111,50.0,46.644695
Autoformer,40,112,49.0,49.000916
Autoformer,40,113,48.0,52.36955
Autoformer,40,114,47.0,46.18502
Autoformer,40,115,46.0,43.29823
Autoformer,40,116,45.0,43.07777
Autoformer,40,117,44.0,38.278297
Autoformer,40,118,43.0,38.31124
Autoformer,40,119,42.0,41.041084
Autoformer,40,120,41.0,40.202
Autoformer,40,121,40.0,32.686836
Autoformer,40,122,39.0,34.53197
Autoformer,40,123,38.0,32.090996
Autoformer,40,124,37.0,31.619518
Autoformer,40,125,36.0,28.947426
Autoformer,40,126,35.0,28.44145
Autoformer,40,127,34.0,27.83896
Autoformer,40,128,33.0,24.633265
Autoformer,40,129,32.0,28.559645
Autoformer,40,130,31.0,25.739265
Autoformer,40,131,30.0,27.692348
Autoformer,40,132,29.0,28.722496
Autoformer,40,133,28.0,26.436186
Autoformer,41,30,111.0,122.96821
Autoformer,41,31,110.0,123.49223
Autoformer,41,32,109.0,123.71217
Autoformer,41,33,108.0,122.12494
Autoformer,41,34,107.0,124.124794
Autoformer,41,35,106.0,122.11809
Autoformer,41,36,105.0,122.37537
Autoformer,41,37,104.0,122.78495
Autoformer,41,38,103.0,122.55336
Autoformer,41,39,102.0,120.867516
Autoformer,41,40,101.0,123.16799
Autoformer,41,41,100.0,122.97658
Autoformer,41,42,99.0,123.03696
Autoformer,41,43,98.0,120.41285
Autoformer,41,44,97.0,122.54701
Autoformer,41,45,96.0,121.49384
Autoformer,41,46,95.0,123.47012
Autoformer,41,47,94.0,122.17761
Autoformer,41,48,93.0,122.73436
Autoformer,41,49,92.0,122.89512
Autoformer,41,50,91.0,122.623634
Autoformer,41,51,90.0,120.34997
Autoformer,41,52,89.0,123.87236
Autoformer,41,53,88.0,124.719734
Autoformer,41,54,87.0,127.23229
Autoformer,41,55,86.0,125.078926
Autoformer,41,56,85.0,123.76118
Autoformer,41,57,84.0,123.603264
Autoformer,41,58,83.0,125.40857
Autoformer,41,59,82.0,123.73947
Autoformer,41,60,81.0,124.83429
Autoformer,41,61,80.0,122.56806
Autoformer,41,62,79.0,121.89708
Autoformer,41,63,78.0,122.02225
Autoformer,41,64,77.0,122.02411
Autoformer,41,65,76.0,122.954285
Autoformer,41,66,75.0,123.909065
Autoformer,41,67,74.0,125.590225
Autoformer,41,68,73.0,126.26284
Autoformer,41,69,72.0,126.199196
Autoformer,41,70,71.0,121.97937
Autoformer,41,71,70.0,122.72356
Autoformer,41,72,69.0,123.19567
Autoformer,41,73,68.0,124.32631
Autoformer,41,74,67.0,123.49079
Autoformer,41,75,66.0,123.82524
Autoformer,41,76,65.0,123.490906
Autoformer,41,77,64.0,124.27228
Autoformer,41,78,63.0,119.20762
Autoformer,41,79,62.0,122.24811
Autoformer,41,80,61.0,122.4887
Autoformer,41,81,60.0,121.25041
Autoformer,41,82,59.0,119.1423
Autoformer,41,83,58.0,122.135056
Autoformer,41,84,57.0,120.3739
Autoformer,41,85,56.0,113.83493
Autoformer,41,86,55.0,121.93377
Autoformer,41,87,54.0,123.29025
Autoformer,41,88,53.0,119.26989
Autoformer,41,89,52.0,120.21565
Autoformer,41,90,51.0,114.96939
Autoformer,41,91,50.0,120.45623
Autoformer,41,92,49.0,121.97443
Autoformer,41,93,48.0,123.04968
Autoformer,41,94,47.0,118.71198
Autoformer,41,95,46.0,119.077095
Autoformer,41,96,45.0,120.87482
Autoformer,41,97,44.0,121.05231
Autoformer,41,98,43.0,117.46654
Autoformer,41,99,42.0,114.290215
Autoformer,41,100,41.0,109.8224
Autoformer,41,101,40.0,112.03363
Autoformer,41,102,39.0,103.38139
Autoformer,41,103,38.0,109.684395
Autoformer,41,104,37.0,104.34081
Autoformer,41,105,36.0,109.04441
Autoformer,41,106,35.0,102.027534
Autoformer,41,107,34.0,109.22974
Autoformer,41,108,33.0,93.54135
Autoformer,41,109,32.0,107.03932
Autoformer,41,110,31.0,96.46568
Autoformer,41,111,30.0,106.84615
Autoformer,41,112,29.0,91.66575
Autoformer,41,113,28.0,83.77075
Autoformer,41,114,27.0,89.95488
Autoformer,41,115,26.0,86.09817
Autoformer,41,116,25.0,98.29023
Autoformer,41,117,24.0,91.93399
Autoformer,41,118,23.0,86.1599
Autoformer,41,119,22.0,72.77142
Autoformer,41,120,21.0,69.76091
Autoformer,41,121,20.0,58.112988
Autoformer,41,122,19.0,56.701694
Autoformer,41,123,18.0,60.41216
Autoformer,42,30,125.0,123.66182
Autoformer,42,31,125.0,127.13372
Autoformer,42,32,125.0,122.89515
Autoformer,42,33,125.0,125.84869
Autoformer,42,34,125.0,124.850464
Autoformer,42,35,125.0,123.061295
Autoformer,42,36,125.0,123.488686
Autoformer,42,37,125.0,122.57888
Autoformer,42,38,125.0,121.4042
Autoformer,42,39,125.0,125.238205
Autoformer,42,40,125.0,123.81343
Autoformer,42,41,125.0,125.47269
Autoformer,42,42,124.0,122.21184
Autoformer,42,43,123.0,123.15342
Autoformer,42,44,122.0,126.21352
Autoformer,42,45,121.0,125.91034
Autoformer,42,46,120.0,126.029396
Autoformer,42,47,119.0,125.11107
Autoformer,42,48,118.0,124.18901
Autoformer,42,49,117.0,126.051315
Autoformer,42,50,116.0,123.839226
Autoformer,42,51,115.0,123.95888
Autoformer,42,52,114.0,126.50462
Autoformer,42,53,113.0,124.778336
Autoformer,42,54,112.0,125.55256
Autoformer,42,55,111.0,125.78168
Autoformer,42,56,110.0,120.91439
Autoformer,42,57,109.0,124.56082
Autoformer,42,58,108.0,122.014175
Autoformer,42,59,107.0,121.12473
Autoformer,42,60,106.0,122.172646
Autoformer,42,61,105.0,123.443756
Autoformer,42,62,104.0,123.413
Autoformer,42,63,103.0,125.74237
Autoformer,42,64,102.0,119.95271
Autoformer,42,65,101.0,121.88779
Autoformer,42,66,100.0,121.43854
Autoformer,42,67,99.0,122.39433
Autoformer,42,68,98.0,122.09798
Autoformer,42,69,97.0,119.665695
Autoformer,42,70,96.0,121.83825
Autoformer,42,71,95.0,123.55308
Autoformer,42,72,94.0,125.24948
Autoformer,42,73,93.0,123.926056
Autoformer,42,74,92.0,124.4762
Autoformer,42,75,91.0,123.90905
Autoformer,42,76,90.0,122.83698
Autoformer,42,77,89.0,122.338104
Autoformer,42,78,88.0,125.040436
Autoformer,42,79,87.0,121.04138
Autoformer,42,80,86.0,121.92366
Autoformer,42,81,85.0,120.90562
Autoformer,42,82,84.0,120.842804
Autoformer,42,83,83.0,124.10845
Autoformer,42,84,82.0,122.502556
Autoformer,42,85,81.0,122.462105
Autoformer,42,86,80.0,119.910706
Autoformer,42,87,79.0,122.16575
Autoformer,42,88,78.0,120.50703
Autoformer,42,89,77.0,123.09521
Autoformer,42,90,76.0,123.42193
Autoformer,42,91,75.0,121.752235
Autoformer,42,92,74.0,121.061874
Autoformer,42,93,73.0,122.10169
Autoformer,42,94,72.0,123.65497
Autoformer,42,95,71.0,125.00676
Autoformer,42,96,70.0,121.69268
Autoformer,42,97,69.0,118.72201
Autoformer,42,98,68.0,117.659035
Autoformer,42,99,67.0,116.272224
Autoformer,42,100,66.0,115.71447
Autoformer,42,101,65.0,120.13955
Autoformer,42,102,64.0,122.80358
Autoformer,42,103,63.0,119.25819
Autoformer,42,104,62.0,119.16686
Autoformer,42,105,61.0,120.06133
Autoformer,42,106,60.0,120.20265
Autoformer,42,107,59.0,118.51736
Autoformer,42,108,58.0,114.06621
Autoformer,42,109,57.0,115.613884
Autoformer,42,110,56.0,111.596565
Autoformer,42,111,55.0,116.36048
Autoformer,42,112,54.0,118.03287
Autoformer,42,113,53.0,118.236465
Autoformer,42,114,52.0,114.55322
Autoformer,42,115,51.0,110.214516
Autoformer,42,116,50.0,115.04427
Autoformer,42,117,49.0,107.56137
Autoformer,42,118,48.0,115.81825
Autoformer,42,119,47.0,114.17368
Autoformer,42,120,46.0,116.60136
Autoformer,42,121,45.0,113.21887
Autoformer,42,122,44.0,109.96465
Autoformer,42,123,43.0,111.2163
Autoformer,42,124,42.0,108.97693
Autoformer,42,125,41.0,104.64297
Autoformer,42,126,40.0,112.08392
Autoformer,42,127,39.0,111.19556
Autoformer,42,128,38.0,107.603065
Autoformer,42,129,37.0,104.17716
Autoformer,42,130,36.0,91.80672
Autoformer,42,131,35.0,91.27234
Autoformer,42,132,34.0,87.38007
Autoformer,42,133,33.0,99.59639
Autoformer,42,134,32.0,82.65746
Autoformer,42,135,31.0,80.996605
Autoformer,42,136,30.0,76.55742
Autoformer,42,137,29.0,79.13342
Autoformer,42,138,28.0,79.648834
Autoformer,42,139,27.0,67.34458
Autoformer,42,140,26.0,65.68705
Autoformer,42,141,25.0,59.794674
Autoformer,42,142,24.0,58.151875
Autoformer,42,143,23.0,48.399117
Autoformer,42,144,22.0,48.01424
Autoformer,42,145,21.0,53.732983
Autoformer,42,146,20.0,49.08799
Autoformer,42,147,19.0,51.4152
Autoformer,42,148,18.0,27.006367
Autoformer,42,149,17.0,26.50662
Autoformer,42,150,16.0,19.855198
Autoformer,42,151,15.0,13.06837
Autoformer,42,152,14.0,13.084688
Autoformer,42,153,13.0,16.32935
Autoformer,42,154,12.0,7.597012
Autoformer,42,155,11.0,6.401164
Autoformer,42,156,10.0,4.111666
Autoformer,43,30,125.0,118.793106
Autoformer,43,31,125.0,120.9686
Autoformer,43,32,125.0,121.44629
Autoformer,43,33,125.0,120.4317
Autoformer,43,34,125.0,121.253334
Autoformer,43,35,125.0,119.55919
Autoformer,43,36,125.0,120.04817
Autoformer,43,37,125.0,120.21098
Autoformer,43,38,125.0,119.85939
Autoformer,43,39,125.0,118.80439
Autoformer,43,40,125.0,118.76403
Autoformer,43,41,125.0,118.427765
Autoformer,43,42,125.0,120.05628
Autoformer,43,43,125.0,122.59385
Autoformer,43,44,125.0,122.898964
Autoformer,43,45,125.0,120.53274
Autoformer,43,46,125.0,117.05215
Autoformer,43,47,125.0,120.57662
Autoformer,43,48,125.0,121.02335
Autoformer,43,49,125.0,120.97868
Autoformer,43,50,125.0,119.22848
Autoformer,43,51,125.0,115.00131
Autoformer,43,52,125.0,116.059616
Autoformer,43,53,125.0,115.53009
Autoformer,43,54,125.0,116.56981
Autoformer,43,55,125.0,117.05059
Autoformer,43,56,125.0,117.62361
Autoformer,43,57,125.0,119.50109
Autoformer,43,58,125.0,123.75748
Autoformer,43,59,125.0,122.98828
Autoformer,43,60,125.0,124.13294
Autoformer,43,61,125.0,123.91257
Autoformer,43,62,125.0,120.15464
Autoformer,43,63,125.0,117.161
Autoformer,43,64,125.0,120.99842
Autoformer,43,65,125.0,120.49779
Autoformer,43,66,125.0,122.78295
Autoformer,43,67,125.0,120.40363
Autoformer,43,68,125.0,122.94697
Autoformer,43,69,125.0,118.84825
Autoformer,43,70,125.0,119.10561
Autoformer,43,71,125.0,117.23876
Autoformer,43,72,125.0,116.39794
Autoformer,43,73,125.0,117.057236
Autoformer,43,74,125.0,110.21588
Autoformer,43,75,125.0,118.02472
Autoformer,43,76,125.0,117.55233
Autoformer,43,77,125.0,118.53829
Autoformer,43,78,125.0,120.45248
Autoformer,43,79,125.0,119.85285
Autoformer,43,80,125.0,112.63892
Autoformer,43,81,125.0,115.22825
Autoformer,43,82,125.0,116.55129
Autoformer,43,83,125.0,116.14178
Autoformer,43,84,125.0,117.856514
Autoformer,43,85,125.0,120.54544
Autoformer,43,86,125.0,119.878716
Autoformer,43,87,125.0,117.78599
Autoformer,43,88,125.0,120.493835
Autoformer,43,89,125.0,118.07758
Autoformer,43,90,125.0,119.04533
Autoformer,43,91,125.0,113.87018
Autoformer,43,92,125.0,114.83147
Autoformer,43,93,125.0,115.409325
Autoformer,43,94,125.0,115.147484
Autoformer,43,95,125.0,111.29753
Autoformer,43,96,125.0,115.207375
Autoformer,43,97,125.0,116.34534
Autoformer,43,98,125.0,118.61022
Autoformer,43,99,125.0,118.58431
Autoformer,43,100,125.0,117.206436
Autoformer,43,101,125.0,114.78178
Autoformer,43,102,125.0,112.74819
Autoformer,43,103,125.0,114.328255
Autoformer,43,104,125.0,107.5406
Autoformer,43,105,125.0,111.852165
Autoformer,43,106,125.0,106.19506
Autoformer,43,107,124.0,111.22132
Autoformer,43,108,123.0,112.590355
Autoformer,43,109,122.0,113.60449
Autoformer,43,110,121.0,108.27822
Autoformer,43,111,120.0,107.695175
Autoformer,43,112,119.0,107.00314
Autoformer,43,113,118.0,111.072685
Autoformer,43,114,117.0,109.05376
Autoformer,43,115,116.0,109.77062
Autoformer,43,116,115.0,110.43792
Autoformer,43,117,114.0,108.72152
Autoformer,43,118,113.0,107.910446
Autoformer,43,119,112.0,107.773926
Autoformer,43,120,111.0,116.34037
Autoformer,43,121,110.0,115.58617
Autoformer,43,122,109.0,112.9042
Autoformer,43,123,108.0,109.011734
Autoformer,43,124,107.0,107.51268
Autoformer,43,125,106.0,111.769554
Autoformer,43,126,105.0,113.0728
Autoformer,43,127,104.0,109.829605
Autoformer,43,128,103.0,108.21644
Autoformer,43,129,102.0,102.135445
Autoformer,43,130,101.0,97.88773
Autoformer,43,131,100.0,102.64189
Autoformer,43,132,99.0,108.30372
Autoformer,43,133,98.0,112.55785
Autoformer,43,134,97.0,109.774796
Autoformer,43,135,96.0,112.45945
Autoformer,43,136,95.0,108.364395
Autoformer,43,137,94.0,111.79404
Autoformer,43,138,93.0,110.08942
Autoformer,43,139,92.0,105.35855
Autoformer,43,140,91.0,102.77648
Autoformer,43,141,90.0,98.264885
Autoformer,43,142,89.0,104.29776
Autoformer,43,143,88.0,96.120026
Autoformer,43,144,87.0,101.91336
Autoformer,43,145,86.0,95.74657
Autoformer,43,146,85.0,98.65747
Autoformer,43,147,84.0,99.43632
Autoformer,43,148,83.0,92.29805
Autoformer,43,149,82.0,94.16899
Autoformer,43,150,81.0,101.893875
Autoformer,43,151,80.0,97.66545
Autoformer,43,152,79.0,100.559135
Autoformer,43,153,78.0,98.672386
Autoformer,43,154,77.0,96.8159
Autoformer,43,155,76.0,103.231895
Autoformer,43,156,75.0,93.93455
Autoformer,43,157,74.0,95.7039
Autoformer,43,158,73.0,97.81065
Autoformer,43,159,72.0,94.90105
Autoformer,43,160,71.0,96.7098
Autoformer,43,161,70.0,100.507225
Autoformer,43,162,69.0,92.66684
Autoformer,43,163,68.0,93.29729
Autoformer,43,164,67.0,89.94377
Autoformer,43,165,66.0,93.28579
Autoformer,43,166,65.0,90.56378
Autoformer,43,167,64.0,83.36928
Autoformer,43,168,63.0,85.30661
Autoformer,43,169,62.0,81.43342
Autoformer,43,170,61.0,80.51817
Autoformer,43,171,60.0,79.564705
Autoformer,43,172,59.0,74.34592
Autoformer,44,30,125.0,118.22521
Autoformer,44,31,125.0,117.102875
Autoformer,44,32,125.0,116.95377
Autoformer,44,33,125.0,114.51137
Autoformer,44,34,125.0,109.11317
Autoformer,44,35,125.0,113.97026
Autoformer,44,36,125.0,114.41559
Autoformer,44,37,125.0,114.67744
Autoformer,44,38,125.0,118.1763
Autoformer,44,39,124.0,112.7839
Autoformer,44,40,123.0,115.93537
Autoformer,44,41,122.0,112.99532
Autoformer,44,42,121.0,115.82856
Autoformer,44,43,120.0,113.17459
Autoformer,44,44,119.0,114.18462
Autoformer,44,45,118.0,112.201775
Autoformer,44,46,117.0,108.35586
Autoformer,44,47,116.0,108.403244
Autoformer,44,48,115.0,105.81508
Autoformer,44,49,114.0,108.939705
Autoformer,44,50,113.0,113.74781
Autoformer,44,51,112.0,113.0737
Autoformer,44,52,111.0,113.879906
Autoformer,44,53,110.0,112.26357
Autoformer,44,54,109.0,112.55993
Autoformer,45,30,125.0,99.77097
Autoformer,45,31,125.0,95.70769
Autoformer,45,32,125.0,87.978294
Autoformer,45,33,125.0,92.66481
Autoformer,45,34,125.0,92.72214
Autoformer,45,35,125.0,93.54484
Autoformer,45,36,125.0,89.93753
Autoformer,45,37,125.0,94.28633
Autoformer,45,38,125.0,92.14379
Autoformer,45,39,125.0,90.80739
Autoformer,45,40,125.0,96.621124
Autoformer,45,41,125.0,94.2526
Autoformer,45,42,125.0,96.06764
Autoformer,45,43,125.0,96.54793
Autoformer,45,44,125.0,97.536095
Autoformer,45,45,125.0,98.75942
Autoformer,45,46,125.0,89.01328
Autoformer,45,47,125.0,86.0088
Autoformer,45,48,125.0,88.95556
Autoformer,45,49,125.0,96.32485
Autoformer,45,50,125.0,91.995125
Autoformer,45,51,125.0,98.80162
Autoformer,45,52,125.0,95.72682
Autoformer,45,53,125.0,95.16093
Autoformer,45,54,125.0,93.156006
Autoformer,45,55,125.0,93.46835
Autoformer,45,56,125.0,98.7027
Autoformer,45,57,125.0,97.790306
Autoformer,45,58,125.0,100.85036
Autoformer,45,59,125.0,92.67864
Autoformer,45,60,125.0,98.40171
Autoformer,45,61,125.0,93.340645
Autoformer,45,62,125.0,94.09599
Autoformer,45,63,125.0,95.5238
Autoformer,45,64,125.0,97.26854
Autoformer,45,65,125.0,97.864044
Autoformer,45,66,125.0,91.790665
Autoformer,45,67,125.0,89.12675
Autoformer,45,68,125.0,90.52313
Autoformer,45,69,125.0,99.57285
Autoformer,45,70,125.0,101.98633
Autoformer,45,71,125.0,97.663765
Autoformer,45,72,125.0,93.20278
Autoformer,45,73,125.0,95.52987
Autoformer,45,74,125.0,91.28277
Autoformer,45,75,125.0,97.25734
Autoformer,45,76,125.0,97.808754
Autoformer,45,77,125.0,100.89018
Autoformer,45,78,125.0,96.17555
Autoformer,45,79,125.0,94.65045
Autoformer,45,80,125.0,96.62051
Autoformer,45,81,125.0,89.91188
Autoformer,45,82,125.0,93.06302
Autoformer,45,83,125.0,91.1051
Autoformer,45,84,125.0,99.86314
Autoformer,45,85,125.0,96.87821
Autoformer,45,86,125.0,95.18971
Autoformer,45,87,125.0,95.90514
Autoformer,45,88,125.0,94.621185
Autoformer,45,89,125.0,91.730415
Autoformer,45,90,125.0,91.66422
Autoformer,45,91,125.0,87.14805
Autoformer,45,92,125.0,90.088356
Autoformer,45,93,125.0,85.592545
Autoformer,45,94,125.0,94.006325
Autoformer,45,95,125.0,93.52126
Autoformer,45,96,125.0,93.97679
Autoformer,45,97,125.0,100.31867
Autoformer,45,98,125.0,89.14175
Autoformer,45,99,125.0,87.22906
Autoformer,45,100,125.0,88.573784
Autoformer,45,101,125.0,96.60113
Autoformer,45,102,125.0,96.469154
Autoformer,45,103,125.0,91.47655
Autoformer,45,104,125.0,92.18808
Autoformer,45,105,125.0,89.37028
Autoformer,45,106,125.0,94.74724
Autoformer,45,107,125.0,96.72467
Autoformer,45,108,125.0,90.568954
Autoformer,45,109,125.0,84.72885
Autoformer,45,110,125.0,82.896484
Autoformer,45,111,125.0,83.5077
Autoformer,45,112,125.0,79.29807
Autoformer,45,113,125.0,90.61494
Autoformer,45,114,125.0,87.753716
Autoformer,45,115,125.0,92.39497
Autoformer,45,116,125.0,89.03774
Autoformer,45,117,125.0,79.71682
Autoformer,45,118,125.0,80.58914
Autoformer,45,119,125.0,86.66536
Autoformer,45,120,125.0,86.73114
Autoformer,45,121,125.0,87.7225
Autoformer,45,122,125.0,85.009766
Autoformer,45,123,125.0,89.96788
Autoformer,45,124,125.0,94.664154
Autoformer,45,125,125.0,94.701126
Autoformer,45,126,125.0,87.33776
Autoformer,45,127,125.0,86.17894
Autoformer,45,128,125.0,77.09156
Autoformer,45,129,125.0,74.85218
Autoformer,45,130,125.0,74.95971
Autoformer,45,131,125.0,71.266426
Autoformer,45,132,125.0,73.70412
Autoformer,45,133,125.0,89.89995
Autoformer,45,134,125.0,91.044075
Autoformer,45,135,125.0,86.89951
Autoformer,45,136,125.0,77.12846
Autoformer,45,137,125.0,75.41652
Autoformer,45,138,125.0,65.02658
Autoformer,45,139,125.0,70.7219
Autoformer,45,140,125.0,74.54456
Autoformer,45,141,125.0,76.65997
Autoformer,45,142,124.0,77.77771
Autoformer,45,143,123.0,77.56409
Autoformer,45,144,122.0,71.80366
Autoformer,45,145,121.0,77.88093
Autoformer,45,146,120.0,79.47403
Autoformer,45,147,119.0,76.05047
Autoformer,45,148,118.0,74.06232
Autoformer,45,149,117.0,68.04
Autoformer,45,150,116.0,65.03528
Autoformer,45,151,115.0,66.932884
Autoformer,45,152,114.0,59.41313
Autoformer,46,30,125.0,102.65987
Autoformer,46,31,125.0,104.57652
Autoformer,46,32,125.0,102.993866
Autoformer,46,33,125.0,102.00146
Autoformer,46,34,125.0,101.79156
Autoformer,46,35,125.0,102.463936
Autoformer,46,36,125.0,101.41717
Autoformer,46,37,125.0,93.7711
Autoformer,46,38,125.0,104.66698
Autoformer,46,39,125.0,106.46526
Autoformer,46,40,125.0,98.9687
Autoformer,46,41,125.0,97.92073
Autoformer,46,42,125.0,99.35097
Autoformer,46,43,125.0,95.823204
Autoformer,46,44,125.0,98.523346
Autoformer,46,45,125.0,108.43017
Autoformer,46,46,125.0,107.875336
Autoformer,46,47,125.0,110.179726
Autoformer,46,48,125.0,106.440315
Autoformer,46,49,125.0,108.29892
Autoformer,46,50,125.0,103.75848
Autoformer,46,51,125.0,101.81976
Autoformer,46,52,125.0,96.87775
Autoformer,46,53,125.0,96.11028
Autoformer,46,54,125.0,93.69844
Autoformer,46,55,125.0,98.97935
Autoformer,46,56,125.0,84.78414
Autoformer,46,57,125.0,90.39441
Autoformer,46,58,125.0,95.13413
Autoformer,46,59,125.0,100.51754
Autoformer,46,60,125.0,101.70191
Autoformer,46,61,125.0,93.65981
Autoformer,46,62,125.0,95.313736
Autoformer,46,63,125.0,92.411095
Autoformer,46,64,125.0,100.47578
Autoformer,46,65,125.0,97.246155
Autoformer,46,66,125.0,100.82864
Autoformer,46,67,125.0,95.166275
Autoformer,46,68,125.0,98.70292
Autoformer,46,69,124.0,100.947754
Autoformer,46,70,123.0,97.378784
Autoformer,46,71,122.0,94.45786
Autoformer,46,72,121.0,91.96895
Autoformer,46,73,120.0,91.6508
Autoformer,46,74,119.0,92.23415
Autoformer,46,75,118.0,92.578705
Autoformer,46,76,117.0,97.11837
Autoformer,46,77,116.0,94.4954
Autoformer,46,78,115.0,86.98181
Autoformer,46,79,114.0,90.63692
Autoformer,46,80,113.0,83.42329
Autoformer,46,81,112.0,86.00522
Autoformer,46,82,111.0,95.9305
Autoformer,46,83,110.0,95.03452
Autoformer,46,84,109.0,100.27001
Autoformer,46,85,108.0,92.96859
Autoformer,46,86,107.0,91.53274
Autoformer,46,87,106.0,91.5425
Autoformer,46,88,105.0,87.20069
Autoformer,46,89,104.0,84.2719
Autoformer,46,90,103.0,91.73531
Autoformer,46,91,102.0,90.259544
Autoformer,46,92,101.0,88.32254
Autoformer,46,93,100.0,85.00315
Autoformer,46,94,99.0,83.019684
Autoformer,46,95,98.0,81.10843
Autoformer,46,96,97.0,83.30643
Autoformer,46,97,96.0,78.21269
Autoformer,46,98,95.0,76.76936
Autoformer,46,99,94.0,86.11064
Autoformer,46,100,93.0,83.789825
Autoformer,46,101,92.0,81.62375
Autoformer,46,102,91.0,88.39116
Autoformer,46,103,90.0,85.73877
Autoformer,46,104,89.0,85.11154
Autoformer,46,105,88.0,81.22984
Autoformer,46,106,87.0,79.704475
Autoformer,46,107,86.0,79.24601
Autoformer,46,108,85.0,74.15367
Autoformer,46,109,84.0,81.27509
Autoformer,46,110,83.0,82.2496
Autoformer,46,111,82.0,68.188484
Autoformer,46,112,81.0,71.73986
Autoformer,46,113,80.0,75.43564
Autoformer,46,114,79.0,72.35254
Autoformer,46,115,78.0,72.24255
Autoformer,46,116,77.0,80.08199
Autoformer,46,117,76.0,76.15569
Autoformer,46,118,75.0,76.5064
Autoformer,46,119,74.0,75.16705
Autoformer,46,120,73.0,72.25912
Autoformer,46,121,72.0,64.3073
Autoformer,46,122,71.0,65.73045
Autoformer,46,123,70.0,63.067837
Autoformer,46,124,69.0,67.29608
Autoformer,46,125,68.0,58.36587
Autoformer,46,126,67.0,58.047604
Autoformer,46,127,66.0,59.553497
Autoformer,46,128,65.0,55.457954
Autoformer,46,129,64.0,56.480766
Autoformer,46,130,63.0,52.933125
Autoformer,46,131,62.0,53.716522
Autoformer,46,132,61.0,53.02155
Autoformer,46,133,60.0,54.60586
Autoformer,46,134,59.0,52.38435
Autoformer,46,135,58.0,52.64819
Autoformer,46,136,57.0,50.42305
Autoformer,46,137,56.0,52.275627
Autoformer,46,138,55.0,50.515953
Autoformer,46,139,54.0,46.672882
Autoformer,46,140,53.0,48.28268
Autoformer,46,141,52.0,49.640068
Autoformer,46,142,51.0,48.614975
Autoformer,46,143,50.0,49.828182
Autoformer,46,144,49.0,47.197117
Autoformer,46,145,48.0,42.982323
Autoformer,46,146,47.0,41.438293
Autoformer,47,30,125.0,103.45942
Autoformer,47,31,125.0,107.8026
Autoformer,47,32,125.0,102.462616
Autoformer,47,33,125.0,105.36584
Autoformer,47,34,125.0,106.35943
Autoformer,47,35,125.0,112.33887
Autoformer,47,36,125.0,115.17686
Autoformer,47,37,125.0,105.01718
Autoformer,47,38,125.0,106.87934
Autoformer,47,39,125.0,104.679756
Autoformer,47,40,125.0,103.64315
Autoformer,47,41,125.0,103.79207
Autoformer,47,42,125.0,91.779495
Autoformer,47,43,125.0,102.115234
Autoformer,47,44,125.0,104.802574
Autoformer,47,45,125.0,106.439705
Autoformer,47,46,125.0,101.22867
Autoformer,47,47,125.0,108.16975
Autoformer,47,48,125.0,105.281
Autoformer,47,49,125.0,94.857834
Autoformer,47,50,125.0,97.50514
Autoformer,47,51,125.0,107.028465
Autoformer,47,52,125.0,103.91548
Autoformer,47,53,125.0,110.76837
Autoformer,47,54,125.0,111.40666
Autoformer,47,55,125.0,105.37685
Autoformer,47,56,125.0,101.97484
Autoformer,47,57,125.0,97.26847
Autoformer,47,58,125.0,101.95662
Autoformer,47,59,125.0,102.66242
Autoformer,47,60,125.0,102.19031
Autoformer,47,61,125.0,100.70574
Autoformer,47,62,125.0,107.52289
Autoformer,47,63,125.0,107.68645
Autoformer,47,64,125.0,108.2405
Autoformer,47,65,125.0,96.008995
Autoformer,47,66,125.0,86.58879
Autoformer,47,67,125.0,92.183655
Autoformer,47,68,125.0,103.16138
Autoformer,47,69,125.0,109.51651
Autoformer,47,70,125.0,103.469574
Autoformer,47,71,125.0,106.94597
Autoformer,47,72,125.0,101.36394
Autoformer,47,73,125.0,107.684814
Autoformer,48,30,125.0,110.51206
Autoformer,48,31,125.0,114.09259
Autoformer,48,32,125.0,112.62443
Autoformer,48,33,125.0,112.884705
Autoformer,48,34,125.0,113.17679
Autoformer,48,35,125.0,113.48636
Autoformer,48,36,125.0,111.929565
Autoformer,48,37,125.0,112.22769
Autoformer,48,38,125.0,113.68211
Autoformer,48,39,125.0,114.288414
Autoformer,48,40,125.0,112.08655
Autoformer,48,41,125.0,118.0733
Autoformer,48,42,125.0,115.64487
Autoformer,48,43,125.0,111.58446
Autoformer,48,44,125.0,103.96827
Autoformer,48,45,125.0,111.23314
Autoformer,48,46,124.0,111.18903
Autoformer,48,47,123.0,110.909225
Autoformer,48,48,122.0,106.571945
Autoformer,48,49,121.0,108.23446
Autoformer,48,50,120.0,105.523254
Autoformer,48,51,119.0,113.687126
Autoformer,48,52,118.0,114.20482
Autoformer,48,53,117.0,112.27798
Autoformer,48,54,116.0,113.41976
Autoformer,48,55,115.0,113.63531
Autoformer,48,56,114.0,114.96618
Autoformer,48,57,113.0,115.07445
Autoformer,48,58,112.0,115.5631
Autoformer,48,59,111.0,112.916405
Autoformer,48,60,110.0,116.83885
Autoformer,48,61,109.0,111.18407
Autoformer,48,62,108.0,106.66437
Autoformer,48,63,107.0,107.73603
Autoformer,48,64,106.0,111.83255
Autoformer,48,65,105.0,106.800026
Autoformer,48,66,104.0,114.62055
Autoformer,48,67,103.0,114.05186
Autoformer,48,68,102.0,108.99618
Autoformer,48,69,101.0,108.6087
Autoformer,48,70,100.0,109.83254
Autoformer,48,71,99.0,105.40814
Autoformer,48,72,98.0,101.819016
Autoformer,48,73,97.0,103.81443
Autoformer,48,74,96.0,102.906494
Autoformer,48,75,95.0,106.748924
Autoformer,48,76,94.0,105.127594
Autoformer,48,77,93.0,104.51348
Autoformer,48,78,92.0,104.64219
Autoformer,49,30,125.0,121.51402
Autoformer,49,31,125.0,122.85707
Autoformer,49,32,125.0,118.79345
Autoformer,49,33,125.0,117.571396
Autoformer,49,34,125.0,117.97774
Autoformer,49,35,125.0,117.79707
Autoformer,49,36,125.0,119.02858
Autoformer,49,37,125.0,120.68533
Autoformer,49,38,125.0,118.77529
Autoformer,49,39,125.0,116.470795
Autoformer,49,40,125.0,115.77646
Autoformer,49,41,125.0,119.86407
Autoformer,49,42,125.0,118.21577
Autoformer,49,43,125.0,119.055534
Autoformer,49,44,125.0,119.16288
Autoformer,49,45,125.0,119.31951
Autoformer,49,46,125.0,113.42914
Autoformer,49,47,125.0,115.58611
Autoformer,49,48,125.0,118.529755
Autoformer,49,49,125.0,116.33111
Autoformer,49,50,125.0,116.35239
Autoformer,49,51,125.0,114.63637
Autoformer,49,52,125.0,114.27469
Autoformer,49,53,125.0,111.37925
Autoformer,49,54,125.0,113.75029
Autoformer,49,55,125.0,115.96527
Autoformer,49,56,125.0,117.314735
Autoformer,49,57,125.0,118.39033
Autoformer,49,58,125.0,118.1043
Autoformer,49,59,125.0,117.82705
Autoformer,49,60,125.0,118.58291
Autoformer,49,61,125.0,118.28872
Autoformer,49,62,125.0,120.206314
Autoformer,49,63,125.0,119.83578
Autoformer,49,64,125.0,118.887215
Autoformer,49,65,125.0,117.1885
Autoformer,49,66,125.0,118.21502
Autoformer,49,67,125.0,119.26841
Autoformer,49,68,125.0,118.93265
Autoformer,49,69,125.0,117.78278
Autoformer,49,70,125.0,118.140976
Autoformer,49,71,125.0,120.10763
Autoformer,49,72,125.0,120.4131
Autoformer,49,73,125.0,123.56387
Autoformer,49,74,125.0,119.168236
Autoformer,49,75,125.0,117.35881
Autoformer,49,76,125.0,118.34353
Autoformer,49,77,125.0,118.123184
Autoformer,49,78,125.0,120.534805
Autoformer,49,79,125.0,119.34356
Autoformer,49,80,125.0,118.59579
Autoformer,49,81,125.0,118.480995
Autoformer,49,82,125.0,117.18583
Autoformer,49,83,125.0,119.452576
Autoformer,49,84,125.0,119.59615
Autoformer,49,85,125.0,120.96416
Autoformer,49,86,125.0,123.41206
Autoformer,49,87,125.0,120.06265
Autoformer,49,88,125.0,117.33397
Autoformer,49,89,125.0,117.4989
Autoformer,49,90,125.0,115.867836
Autoformer,49,91,125.0,117.41546
Autoformer,49,92,125.0,116.424965
Autoformer,49,93,125.0,114.70832
Autoformer,49,94,125.0,113.55393
Autoformer,49,95,125.0,113.65588
Autoformer,49,96,125.0,115.532036
Autoformer,49,97,125.0,116.44259
Autoformer,49,98,125.0,119.35319
Autoformer,49,99,125.0,124.15135
Autoformer,49,100,125.0,119.18486
Autoformer,49,101,125.0,125.89986
Autoformer,49,102,125.0,121.58928
Autoformer,49,103,125.0,121.48684
Autoformer,49,104,125.0,119.086426
Autoformer,49,105,125.0,119.62208
Autoformer,49,106,125.0,118.35738
Autoformer,49,107,125.0,117.89649
Autoformer,49,108,125.0,115.97027
Autoformer,49,109,125.0,116.99455
Autoformer,49,110,125.0,114.254585
Autoformer,49,111,125.0,118.38217
Autoformer,49,112,125.0,113.80079
Autoformer,49,113,125.0,113.15755
Autoformer,49,114,125.0,113.54148
Autoformer,49,115,125.0,117.99899
Autoformer,49,116,125.0,118.45543
Autoformer,49,117,125.0,117.10501
Autoformer,49,118,125.0,118.82353
Autoformer,49,119,125.0,114.69067
Autoformer,49,120,125.0,115.68341
Autoformer,49,121,125.0,113.456345
Autoformer,49,122,125.0,113.654205
Autoformer,49,123,125.0,114.97113
Autoformer,49,124,125.0,117.618515
Autoformer,49,125,125.0,121.15746
Autoformer,49,126,125.0,118.56408
Autoformer,49,127,125.0,118.89601
Autoformer,49,128,125.0,120.23575
Autoformer,49,129,125.0,116.40685
Autoformer,49,130,125.0,120.37458
Autoformer,49,131,125.0,118.79375
Autoformer,49,132,125.0,116.55606
Autoformer,49,133,125.0,115.73217
Autoformer,49,134,125.0,116.71009
Autoformer,49,135,125.0,115.7468
Autoformer,49,136,125.0,116.61568
Autoformer,49,137,125.0,116.529816
Autoformer,49,138,125.0,117.01337
Autoformer,49,139,125.0,114.006836
Autoformer,49,140,125.0,114.04629
Autoformer,49,141,125.0,115.25814
Autoformer,49,142,125.0,112.8882
Autoformer,49,143,125.0,113.845024
Autoformer,49,144,125.0,114.62348
Autoformer,49,145,125.0,113.858604
Autoformer,49,146,125.0,113.18955
Autoformer,49,147,125.0,112.39017
Autoformer,49,148,125.0,116.4001
Autoformer,49,149,125.0,111.74788
Autoformer,49,150,125.0,112.61098
Autoformer,49,151,125.0,115.049385
Autoformer,49,152,125.0,118.61504
Autoformer,49,153,125.0,119.23944
Autoformer,49,154,125.0,118.36928
Autoformer,49,155,125.0,118.69548
Autoformer,49,156,125.0,117.09699
Autoformer,49,157,125.0,117.89344
Autoformer,49,158,125.0,116.362564
Autoformer,49,159,125.0,117.94933
Autoformer,49,160,125.0,115.88072
Autoformer,49,161,125.0,116.694725
Autoformer,49,162,125.0,115.49665
Autoformer,49,163,125.0,115.93626
Autoformer,49,164,125.0,113.18439
Autoformer,49,165,125.0,116.39982
Autoformer,49,166,125.0,112.817604
Autoformer,49,167,125.0,109.63401
Autoformer,49,168,125.0,109.37148
Autoformer,49,169,125.0,106.84018
Autoformer,49,170,125.0,111.08236
Autoformer,49,171,125.0,114.90655
Autoformer,49,172,125.0,112.564705
Autoformer,49,173,125.0,112.80387
Autoformer,49,174,125.0,115.05917
Autoformer,49,175,125.0,115.299515
Autoformer,49,176,125.0,115.41302
Autoformer,49,177,125.0,116.7277
Autoformer,49,178,125.0,115.69945
Autoformer,49,179,125.0,116.811134
Autoformer,49,180,125.0,118.40782
Autoformer,49,181,125.0,115.90708
Autoformer,49,182,125.0,115.084015
Autoformer,49,183,125.0,116.76318
Autoformer,49,184,125.0,116.66125
Autoformer,49,185,125.0,116.67799
Autoformer,49,186,125.0,115.97374
Autoformer,49,187,125.0,112.399216
Autoformer,49,188,125.0,114.50806
Autoformer,49,189,125.0,113.16056
Autoformer,49,190,125.0,108.3135
Autoformer,49,191,125.0,111.601166
Autoformer,49,192,125.0,112.859245
Autoformer,49,193,125.0,112.00903
Autoformer,49,194,125.0,110.87724
Autoformer,49,195,125.0,114.771736
Autoformer,49,196,125.0,112.392525
Autoformer,49,197,125.0,110.868805
Autoformer,49,198,125.0,111.70914
Autoformer,49,199,125.0,112.12699
Autoformer,49,200,124.0,111.78047
Autoformer,49,201,123.0,116.6477
Autoformer,49,202,122.0,108.89022
Autoformer,49,203,121.0,110.23308
Autoformer,49,204,120.0,111.782906
Autoformer,49,205,119.0,108.796486
Autoformer,49,206,118.0,106.8451
Autoformer,49,207,117.0,105.55615
Autoformer,49,208,116.0,105.88912
Autoformer,49,209,115.0,101.86787
Autoformer,49,210,114.0,100.198326
Autoformer,49,211,113.0,100.34808
Autoformer,49,212,112.0,101.46112
Autoformer,49,213,111.0,106.605804
Autoformer,49,214,110.0,106.075554
Autoformer,49,215,109.0,105.04857
Autoformer,49,216,108.0,107.735085
Autoformer,49,217,107.0,105.12806
Autoformer,49,218,106.0,106.22232
Autoformer,49,219,105.0,101.04027
Autoformer,49,220,104.0,105.90419
Autoformer,49,221,103.0,105.1613
Autoformer,49,222,102.0,112.11596
Autoformer,49,223,101.0,109.0146
Autoformer,49,224,100.0,111.288635
Autoformer,49,225,99.0,109.646095
Autoformer,49,226,98.0,105.4368
Autoformer,49,227,97.0,106.350685
Autoformer,49,228,96.0,101.39777
Autoformer,49,229,95.0,104.161156
Autoformer,49,230,94.0,99.89036
Autoformer,49,231,93.0,97.54269
Autoformer,49,232,92.0,101.718956
Autoformer,49,233,91.0,100.511505
Autoformer,49,234,90.0,96.1354
Autoformer,49,235,89.0,110.93141
Autoformer,49,236,88.0,107.718704
Autoformer,49,237,87.0,97.09657
Autoformer,49,238,86.0,92.83227
Autoformer,49,239,85.0,98.02681
Autoformer,49,240,84.0,96.506546
Autoformer,49,241,83.0,98.21002
Autoformer,49,242,82.0,95.728134
Autoformer,49,243,81.0,91.34942
Autoformer,49,244,80.0,90.094635
Autoformer,49,245,79.0,97.38418
Autoformer,49,246,78.0,90.58495
Autoformer,49,247,77.0,90.506615
Autoformer,49,248,76.0,87.667076
Autoformer,49,249,75.0,92.95267
Autoformer,49,250,74.0,84.59198
Autoformer,49,251,73.0,87.40713
Autoformer,49,252,72.0,84.68679
Autoformer,49,253,71.0,86.34097
Autoformer,49,254,70.0,86.97979
Autoformer,49,255,69.0,93.93747
Autoformer,49,256,68.0,92.73451
Autoformer,49,257,67.0,87.92569
Autoformer,49,258,66.0,94.89546
Autoformer,49,259,65.0,85.75607
Autoformer,49,260,64.0,78.820816
Autoformer,49,261,63.0,83.22511
Autoformer,49,262,62.0,88.67802
Autoformer,49,263,61.0,74.8861
Autoformer,49,264,60.0,82.70533
Autoformer,49,265,59.0,78.38327
Autoformer,49,266,58.0,72.277214
Autoformer,49,267,57.0,59.255165
Autoformer,49,268,56.0,64.00066
Autoformer,49,269,55.0,62.565704
Autoformer,49,270,54.0,59.69504
Autoformer,49,271,53.0,63.09579
Autoformer,49,272,52.0,62.264076
Autoformer,49,273,51.0,60.76092
Autoformer,49,274,50.0,59.17982
Autoformer,49,275,49.0,53.016758
Autoformer,49,276,48.0,59.901173
Autoformer,49,277,47.0,57.476734
Autoformer,49,278,46.0,59.897705
Autoformer,49,279,45.0,47.065666
Autoformer,49,280,44.0,45.887104
Autoformer,49,281,43.0,44.794975
Autoformer,49,282,42.0,47.376816
Autoformer,49,283,41.0,47.119778
Autoformer,49,284,40.0,51.603867
Autoformer,49,285,39.0,53.145683
Autoformer,49,286,38.0,44.95371
Autoformer,49,287,37.0,37.944324
Autoformer,49,288,36.0,33.691837
Autoformer,49,289,35.0,32.91208
Autoformer,49,290,34.0,28.707558
Autoformer,49,291,33.0,29.176771
Autoformer,49,292,32.0,30.0748
Autoformer,49,293,31.0,25.621565
Autoformer,49,294,30.0,15.726776
Autoformer,49,295,29.0,16.553305
Autoformer,49,296,28.0,14.383714
Autoformer,49,297,27.0,15.360247
Autoformer,49,298,26.0,14.840582
Autoformer,49,299,25.0,20.77075
Autoformer,49,300,24.0,15.077678
Autoformer,49,301,23.0,14.189037
Autoformer,49,302,22.0,13.801846
Autoformer,49,303,21.0,9.152374
Autoformer,50,30,123.0,122.094025
Autoformer,50,31,122.0,118.21632
Autoformer,50,32,121.0,120.18439
Autoformer,50,33,120.0,114.74855
Autoformer,50,34,119.0,115.00264
Autoformer,50,35,118.0,110.575905
Autoformer,50,36,117.0,116.52298
Autoformer,50,37,116.0,118.25381
Autoformer,50,38,115.0,119.409805
Autoformer,50,39,114.0,117.48066
Autoformer,50,40,113.0,114.93424
Autoformer,50,41,112.0,114.53528
Autoformer,50,42,111.0,116.07454
Autoformer,50,43,110.0,114.114784
Autoformer,50,44,109.0,111.73677
Autoformer,50,45,108.0,111.42182
Autoformer,50,46,107.0,108.610245
Autoformer,50,47,106.0,107.09024
Autoformer,50,48,105.0,111.96392
Autoformer,50,49,104.0,111.82111
Autoformer,50,50,103.0,111.638435
Autoformer,50,51,102.0,109.3495
Autoformer,50,52,101.0,114.22022
Autoformer,50,53,100.0,112.13633
Autoformer,50,54,99.0,121.44247
Autoformer,50,55,98.0,119.135895
Autoformer,50,56,97.0,123.079475
Autoformer,50,57,96.0,114.12218
Autoformer,50,58,95.0,111.677536
Autoformer,50,59,94.0,107.836975
Autoformer,50,60,93.0,112.0986
Autoformer,50,61,92.0,115.1767
Autoformer,50,62,91.0,117.38929
Autoformer,50,63,90.0,114.07063
Autoformer,50,64,89.0,114.38597
Autoformer,50,65,88.0,109.79149
Autoformer,50,66,87.0,108.6719
Autoformer,50,67,86.0,112.24616
Autoformer,50,68,85.0,110.41895
Autoformer,50,69,84.0,107.5894
Autoformer,50,70,83.0,110.53305
Autoformer,50,71,82.0,106.73324
Autoformer,50,72,81.0,106.64471
Autoformer,50,73,80.0,104.706604
Autoformer,50,74,79.0,101.91652
Autoformer,51,30,125.0,115.55309
Autoformer,51,31,125.0,115.20233
Autoformer,51,32,125.0,113.29211
Autoformer,51,33,125.0,119.990105
Autoformer,51,34,125.0,118.98382
Autoformer,51,35,125.0,121.015755
Autoformer,51,36,125.0,118.23783
Autoformer,51,37,125.0,118.95688
Autoformer,51,38,125.0,115.808556
Autoformer,51,39,125.0,115.93425
Autoformer,51,40,125.0,117.475204
Autoformer,51,41,125.0,114.07143
Autoformer,51,42,125.0,114.1191
Autoformer,51,43,125.0,114.8698
Autoformer,51,44,125.0,111.61094
Autoformer,51,45,125.0,114.35409
Autoformer,51,46,125.0,118.53739
Autoformer,51,47,125.0,119.56958
Autoformer,51,48,125.0,118.358696
Autoformer,51,49,125.0,117.64172
Autoformer,51,50,125.0,118.8341
Autoformer,51,51,125.0,122.46791
Autoformer,51,52,125.0,121.14107
Autoformer,51,53,125.0,121.409645
Autoformer,51,54,125.0,116.92826
Autoformer,51,55,125.0,116.35287
Autoformer,51,56,125.0,116.656876
Autoformer,51,57,125.0,115.07491
Autoformer,51,58,125.0,117.76987
Autoformer,51,59,125.0,120.83412
Autoformer,51,60,125.0,119.774925
Autoformer,51,61,125.0,122.172874
Autoformer,51,62,125.0,119.50171
Autoformer,51,63,125.0,117.96852
Autoformer,51,64,125.0,119.68888
Autoformer,51,65,125.0,121.17592
Autoformer,51,66,125.0,119.92075
Autoformer,51,67,125.0,122.653076
Autoformer,51,68,125.0,121.467995
Autoformer,51,69,125.0,122.153275
Autoformer,51,70,125.0,121.598656
Autoformer,51,71,125.0,120.24702
Autoformer,51,72,125.0,120.27288
Autoformer,51,73,125.0,118.14371
Autoformer,51,74,125.0,116.82209
Autoformer,51,75,125.0,116.24293
Autoformer,51,76,125.0,117.90038
Autoformer,51,77,125.0,120.119286
Autoformer,51,78,125.0,118.87514
Autoformer,51,79,125.0,119.4579
Autoformer,51,80,125.0,119.184135
Autoformer,51,81,125.0,115.73121
Autoformer,51,82,125.0,119.79956
Autoformer,51,83,125.0,118.6787
Autoformer,51,84,125.0,116.05255
Autoformer,51,85,125.0,118.05047
Autoformer,51,86,125.0,117.9378
Autoformer,51,87,125.0,116.15569
Autoformer,51,88,125.0,114.9785
Autoformer,51,89,125.0,114.55392
Autoformer,51,90,125.0,113.166336
Autoformer,51,91,125.0,117.78716
Autoformer,51,92,125.0,118.02751
Autoformer,51,93,125.0,115.02413
Autoformer,51,94,125.0,115.076965
Autoformer,51,95,125.0,115.88944
Autoformer,51,96,125.0,116.40143
Autoformer,51,97,125.0,119.131935
Autoformer,51,98,125.0,117.62549
Autoformer,51,99,125.0,112.67614
Autoformer,51,100,125.0,114.52572
Autoformer,51,101,125.0,113.90185
Autoformer,51,102,125.0,115.335144
Autoformer,51,103,125.0,116.65079
Autoformer,51,104,125.0,116.2527
Autoformer,51,105,125.0,115.25542
Autoformer,51,106,125.0,114.80799
Autoformer,51,107,125.0,117.4409
Autoformer,51,108,125.0,116.98996
Autoformer,51,109,125.0,115.47619
Autoformer,51,110,125.0,117.786415
Autoformer,51,111,125.0,117.19004
Autoformer,51,112,125.0,117.531784
Autoformer,51,113,125.0,117.269615
Autoformer,51,114,125.0,112.27733
Autoformer,51,115,125.0,111.14486
Autoformer,51,116,125.0,109.4231
Autoformer,51,117,125.0,119.2245
Autoformer,51,118,125.0,113.35677
Autoformer,51,119,125.0,111.25476
Autoformer,51,120,125.0,118.39395
Autoformer,51,121,125.0,107.278625
Autoformer,51,122,125.0,108.56369
Autoformer,51,123,125.0,107.713875
Autoformer,51,124,125.0,106.24913
Autoformer,51,125,125.0,103.29584
Autoformer,51,126,125.0,114.03489
Autoformer,51,127,125.0,114.578674
Autoformer,51,128,125.0,111.72234
Autoformer,51,129,125.0,114.91192
Autoformer,51,130,125.0,107.71961
Autoformer,51,131,125.0,110.2405
Autoformer,51,132,125.0,108.40929
Autoformer,51,133,125.0,111.11871
Autoformer,51,134,124.0,110.89244
Autoformer,51,135,123.0,105.459564
Autoformer,51,136,122.0,115.184654
Autoformer,51,137,121.0,106.61505
Autoformer,51,138,120.0,108.79212
Autoformer,51,139,119.0,108.395676
Autoformer,51,140,118.0,112.510056
Autoformer,51,141,117.0,105.47129
Autoformer,51,142,116.0,101.2167
Autoformer,51,143,115.0,105.07406
Autoformer,51,144,114.0,104.36909
Autoformer,52,30,125.0,124.907104
Autoformer,52,31,125.0,123.93766
Autoformer,52,32,125.0,124.70058
Autoformer,52,33,125.0,123.05858
Autoformer,52,34,125.0,122.39216
Autoformer,52,35,125.0,122.787964
Autoformer,52,36,125.0,123.34862
Autoformer,52,37,125.0,122.57041
Autoformer,52,38,125.0,123.62356
Autoformer,52,39,125.0,124.753365
Autoformer,52,40,125.0,120.95292
Autoformer,52,41,125.0,120.892845
Autoformer,52,42,125.0,121.95332
Autoformer,52,43,125.0,122.01343
Autoformer,52,44,125.0,120.70155
Autoformer,52,45,125.0,121.74269
Autoformer,52,46,125.0,119.11855
Autoformer,52,47,125.0,122.573494
Autoformer,52,48,125.0,122.92046
Autoformer,52,49,125.0,123.61432
Autoformer,52,50,125.0,127.429405
Autoformer,52,51,125.0,124.956894
Autoformer,52,52,125.0,123.182884
Autoformer,52,53,125.0,121.42916
Autoformer,52,54,125.0,122.83254
Autoformer,52,55,125.0,121.48079
Autoformer,52,56,125.0,126.40446
Autoformer,52,57,125.0,125.25217
Autoformer,52,58,125.0,118.685104
Autoformer,52,59,125.0,123.907745
Autoformer,52,60,125.0,123.527596
Autoformer,52,61,125.0,122.91571
Autoformer,52,62,125.0,122.12374
Autoformer,52,63,125.0,121.89619
Autoformer,52,64,125.0,120.13821
Autoformer,52,65,125.0,124.98301
Autoformer,52,66,125.0,124.66755
Autoformer,52,67,125.0,123.17158
Autoformer,52,68,125.0,122.760635
Autoformer,52,69,125.0,125.727615
Autoformer,52,70,125.0,125.20165
Autoformer,52,71,125.0,123.69741
Autoformer,52,72,125.0,123.2109
Autoformer,52,73,125.0,121.39038
Autoformer,52,74,125.0,125.8572
Autoformer,52,75,125.0,123.0164
Autoformer,52,76,125.0,125.4726
Autoformer,52,77,125.0,124.68938
Autoformer,52,78,125.0,121.90882
Autoformer,52,79,125.0,119.57456
Autoformer,52,80,125.0,121.70751
Autoformer,52,81,125.0,119.59408
Autoformer,52,82,125.0,117.58585
Autoformer,52,83,125.0,121.240456
Autoformer,52,84,125.0,122.6636
Autoformer,52,85,125.0,123.14505
Autoformer,52,86,125.0,121.95508
Autoformer,52,87,125.0,119.54192
Autoformer,52,88,125.0,121.532974
Autoformer,52,89,125.0,120.10406
Autoformer,52,90,125.0,122.926926
Autoformer,52,91,125.0,123.36438
Autoformer,52,92,125.0,122.644554
Autoformer,52,93,125.0,121.80073
Autoformer,52,94,124.0,120.55863
Autoformer,52,95,123.0,121.683174
Autoformer,52,96,122.0,119.666794
Autoformer,52,97,121.0,123.13573
Autoformer,52,98,120.0,120.44755
Autoformer,52,99,119.0,120.45046
Autoformer,52,100,118.0,119.537926
Autoformer,52,101,117.0,116.61456
Autoformer,52,102,116.0,116.46957
Autoformer,52,103,115.0,119.96318
Autoformer,52,104,114.0,117.93799
Autoformer,52,105,113.0,119.99811
Autoformer,52,106,112.0,120.82785
Autoformer,52,107,111.0,122.22761
Autoformer,52,108,110.0,119.410095
Autoformer,52,109,109.0,119.52834
Autoformer,52,110,108.0,123.22501
Autoformer,52,111,107.0,122.211845
Autoformer,52,112,106.0,119.97142
Autoformer,52,113,105.0,119.11624
Autoformer,52,114,104.0,117.984406
Autoformer,52,115,103.0,120.398895
Autoformer,52,116,102.0,116.30988
Autoformer,52,117,101.0,116.44808
Autoformer,52,118,100.0,116.02412
Autoformer,52,119,99.0,114.96023
Autoformer,52,120,98.0,113.25479
Autoformer,52,121,97.0,112.83065
Autoformer,52,122,96.0,116.70075
Autoformer,52,123,95.0,115.69152
Autoformer,52,124,94.0,112.99169
Autoformer,52,125,93.0,118.48174
Autoformer,52,126,92.0,116.48156
Autoformer,52,127,91.0,116.44357
Autoformer,52,128,90.0,115.79123
Autoformer,52,129,89.0,112.05889
Autoformer,52,130,88.0,111.03388
Autoformer,52,131,87.0,114.34777
Autoformer,52,132,86.0,109.69965
Autoformer,52,133,85.0,110.8582
Autoformer,52,134,84.0,108.46289
Autoformer,52,135,83.0,103.89402
Autoformer,52,136,82.0,108.776825
Autoformer,52,137,81.0,103.768005
Autoformer,52,138,80.0,108.326836
Autoformer,52,139,79.0,104.834625
Autoformer,52,140,78.0,100.82316
Autoformer,52,141,77.0,98.47293
Autoformer,52,142,76.0,99.498726
Autoformer,52,143,75.0,98.76553
Autoformer,52,144,74.0,102.43908
Autoformer,52,145,73.0,96.92072
Autoformer,52,146,72.0,96.64851
Autoformer,52,147,71.0,95.327354
Autoformer,52,148,70.0,97.03443
Autoformer,52,149,69.0,95.94488
Autoformer,52,150,68.0,94.17545
Autoformer,52,151,67.0,93.98433
Autoformer,52,152,66.0,91.56423
Autoformer,52,153,65.0,89.19532
Autoformer,52,154,64.0,87.66274
Autoformer,52,155,63.0,88.13146
Autoformer,52,156,62.0,86.70626
Autoformer,52,157,61.0,87.66888
Autoformer,52,158,60.0,85.38745
Autoformer,52,159,59.0,83.17544
Autoformer,52,160,58.0,79.43769
Autoformer,52,161,57.0,81.30032
Autoformer,52,162,56.0,82.76133
Autoformer,52,163,55.0,83.51187
Autoformer,52,164,54.0,77.907585
Autoformer,52,165,53.0,77.42776
Autoformer,52,166,52.0,75.949585
Autoformer,52,167,51.0,72.80424
Autoformer,52,168,50.0,67.93244
Autoformer,52,169,49.0,64.66006
Autoformer,52,170,48.0,63.78926
Autoformer,52,171,47.0,64.47343
Autoformer,52,172,46.0,62.516895
Autoformer,52,173,45.0,60.67184
Autoformer,52,174,44.0,55.567722
Autoformer,52,175,43.0,54.17041
Autoformer,52,176,42.0,54.93329
Autoformer,52,177,41.0,59.458073
Autoformer,52,178,40.0,53.006886
Autoformer,52,179,39.0,49.86332
Autoformer,52,180,38.0,47.01563
Autoformer,52,181,37.0,42.785465
Autoformer,52,182,36.0,44.152695
Autoformer,52,183,35.0,48.02307
Autoformer,52,184,34.0,49.291924
Autoformer,52,185,33.0,46.955883
Autoformer,52,186,32.0,41.845505
Autoformer,52,187,31.0,38.989273
Autoformer,52,188,30.0,36.434715
Autoformer,52,189,29.0,33.864937
Autoformer,53,30,125.0,121.66915
Autoformer,53,31,125.0,120.43
Autoformer,53,32,125.0,123.13813
Autoformer,53,33,125.0,123.60722
Autoformer,53,34,125.0,120.29549
Autoformer,53,35,125.0,122.35556
Autoformer,53,36,125.0,121.67461
Autoformer,53,37,125.0,117.77484
Autoformer,53,38,125.0,116.32634
Autoformer,53,39,125.0,118.75836
Autoformer,53,40,125.0,117.06213
Autoformer,53,41,125.0,118.2625
Autoformer,53,42,125.0,118.86235
Autoformer,53,43,125.0,118.99092
Autoformer,53,44,125.0,121.8494
Autoformer,53,45,125.0,119.45025
Autoformer,53,46,125.0,123.12428
Autoformer,53,47,125.0,121.73874
Autoformer,53,48,125.0,121.151184
Autoformer,53,49,125.0,118.89821
Autoformer,53,50,125.0,119.226135
Autoformer,53,51,125.0,116.02005
Autoformer,53,52,125.0,116.54043
Autoformer,53,53,125.0,116.282585
Autoformer,53,54,125.0,112.99652
Autoformer,53,55,125.0,115.01525
Autoformer,53,56,125.0,117.30796
Autoformer,53,57,125.0,114.668434
Autoformer,53,58,125.0,114.01307
Autoformer,53,59,125.0,115.049385
Autoformer,53,60,125.0,118.91918
Autoformer,53,61,125.0,118.94106
Autoformer,53,62,125.0,116.16381
Autoformer,53,63,125.0,121.205894
Autoformer,53,64,125.0,119.225365
Autoformer,53,65,125.0,117.250885
Autoformer,53,66,124.0,116.452156
Autoformer,53,67,123.0,113.7244
Autoformer,53,68,122.0,114.32294
Autoformer,53,69,121.0,114.63762
Autoformer,53,70,120.0,114.70829
Autoformer,53,71,119.0,116.812584
Autoformer,53,72,118.0,114.43045
Autoformer,53,73,117.0,112.99888
Autoformer,53,74,116.0,111.9758
Autoformer,53,75,115.0,113.61141
Autoformer,53,76,114.0,115.005714
Autoformer,53,77,113.0,114.80896
Autoformer,53,78,112.0,115.3677
Autoformer,53,79,111.0,116.06862
Autoformer,53,80,110.0,116.33356
Autoformer,53,81,109.0,115.68945
Autoformer,53,82,108.0,117.30956
Autoformer,53,83,107.0,120.4297
Autoformer,53,84,106.0,116.369156
Autoformer,53,85,105.0,118.56593
Autoformer,53,86,104.0,111.42763
Autoformer,53,87,103.0,114.906944
Autoformer,53,88,102.0,109.70337
Autoformer,53,89,101.0,113.53614
Autoformer,53,90,100.0,109.58264
Autoformer,53,91,99.0,109.03725
Autoformer,53,92,98.0,108.123955
Autoformer,53,93,97.0,106.85931
Autoformer,53,94,96.0,104.48613
Autoformer,53,95,95.0,113.20888
Autoformer,53,96,94.0,107.833885
Autoformer,53,97,93.0,106.49583
Autoformer,53,98,92.0,101.98477
Autoformer,53,99,91.0,106.358955
Autoformer,53,100,90.0,105.563446
Autoformer,53,101,89.0,110.928154
Autoformer,53,102,88.0,111.20024
Autoformer,53,103,87.0,110.35342
Autoformer,53,104,86.0,107.33228
Autoformer,53,105,85.0,108.52321
Autoformer,53,106,84.0,104.76328
Autoformer,53,107,83.0,103.85226
Autoformer,53,108,82.0,102.41757
Autoformer,53,109,81.0,100.169426
Autoformer,53,110,80.0,99.03097
Autoformer,53,111,79.0,101.52718
Autoformer,53,112,78.0,101.40617
Autoformer,53,113,77.0,97.74313
Autoformer,53,114,76.0,96.02642
Autoformer,53,115,75.0,89.234406
Autoformer,53,116,74.0,89.84602
Autoformer,53,117,73.0,89.65045
Autoformer,53,118,72.0,86.36921
Autoformer,53,119,71.0,84.100716
Autoformer,53,120,70.0,82.39571
Autoformer,53,121,69.0,95.71596
Autoformer,53,122,68.0,97.37236
Autoformer,53,123,67.0,95.64723
Autoformer,53,124,66.0,93.73374
Autoformer,53,125,65.0,94.91689
Autoformer,53,126,64.0,91.476746
Autoformer,53,127,63.0,87.156525
Autoformer,53,128,62.0,86.80198
Autoformer,53,129,61.0,83.109924
Autoformer,53,130,60.0,80.05431
Autoformer,53,131,59.0,81.79368
Autoformer,53,132,58.0,78.54299
Autoformer,53,133,57.0,76.41311
Autoformer,53,134,56.0,74.96723
Autoformer,53,135,55.0,71.86934
Autoformer,53,136,54.0,74.33322
Autoformer,53,137,53.0,71.50115
Autoformer,53,138,52.0,72.161224
Autoformer,53,139,51.0,69.0375
Autoformer,53,140,50.0,71.52925
Autoformer,53,141,49.0,68.38287
Autoformer,53,142,48.0,66.04218
Autoformer,53,143,47.0,62.318127
Autoformer,53,144,46.0,60.520966
Autoformer,53,145,45.0,55.565365
Autoformer,53,146,44.0,52.89006
Autoformer,53,147,43.0,50.492657
Autoformer,53,148,42.0,52.681507
Autoformer,53,149,41.0,47.871857
Autoformer,53,150,40.0,53.225704
Autoformer,53,151,39.0,47.601368
Autoformer,53,152,38.0,44.72725
Autoformer,53,153,37.0,46.648003
Autoformer,53,154,36.0,46.63814
Autoformer,53,155,35.0,47.256916
Autoformer,53,156,34.0,43.92701
Autoformer,53,157,33.0,39.381676
Autoformer,53,158,32.0,33.012123
Autoformer,53,159,31.0,34.41842
Autoformer,53,160,30.0,35.874416
Autoformer,53,161,29.0,35.328228
Autoformer,53,162,28.0,33.5406
Autoformer,53,163,27.0,34.252808
Autoformer,53,164,26.0,30.040401
Autoformer,54,30,125.0,123.7127
Autoformer,54,31,125.0,123.48355
Autoformer,54,32,125.0,121.270424
Autoformer,54,33,125.0,123.167175
Autoformer,54,34,125.0,123.10248
Autoformer,54,35,125.0,121.97885
Autoformer,54,36,125.0,121.90274
Autoformer,54,37,125.0,122.50757
Autoformer,54,38,125.0,119.02133
Autoformer,54,39,125.0,121.25451
Autoformer,54,40,125.0,124.50536
Autoformer,54,41,125.0,122.23237
Autoformer,54,42,125.0,122.58833
Autoformer,54,43,125.0,123.466034
Autoformer,54,44,125.0,122.572426
Autoformer,54,45,125.0,124.231735
Autoformer,54,46,125.0,120.40541
Autoformer,54,47,125.0,121.796
Autoformer,54,48,125.0,121.44565
Autoformer,54,49,125.0,120.52121
Autoformer,54,50,125.0,119.806625
Autoformer,54,51,125.0,122.28859
Autoformer,54,52,125.0,121.306595
Autoformer,54,53,125.0,120.50363
Autoformer,54,54,125.0,121.81569
Autoformer,54,55,125.0,121.63372
Autoformer,54,56,125.0,121.66731
Autoformer,54,57,125.0,120.550644
Autoformer,54,58,125.0,120.107376
Autoformer,54,59,125.0,119.42983
Autoformer,54,60,125.0,119.94133
Autoformer,54,61,125.0,121.76466
Autoformer,54,62,125.0,124.54125
Autoformer,54,63,125.0,125.75502
Autoformer,54,64,125.0,124.96056
Autoformer,54,65,125.0,123.50816
Autoformer,54,66,125.0,122.22108
Autoformer,54,67,125.0,123.38703
Autoformer,54,68,125.0,124.1268
Autoformer,54,69,125.0,121.232445
Autoformer,54,70,125.0,121.94729
Autoformer,54,71,125.0,119.81241
Autoformer,54,72,125.0,120.38825
Autoformer,54,73,125.0,121.0174
Autoformer,54,74,125.0,119.95904
Autoformer,54,75,125.0,122.53266
Autoformer,54,76,125.0,121.61086
Autoformer,54,77,125.0,119.637146
Autoformer,54,78,125.0,120.06077
Autoformer,54,79,125.0,120.05988
Autoformer,54,80,125.0,117.71783
Autoformer,54,81,125.0,122.79773
Autoformer,54,82,125.0,122.520966
Autoformer,54,83,125.0,123.82138
Autoformer,54,84,125.0,123.252686
Autoformer,54,85,125.0,119.734
Autoformer,54,86,125.0,120.29349
Autoformer,54,87,125.0,119.80577
Autoformer,54,88,125.0,120.555916
Autoformer,54,89,125.0,119.60807
Autoformer,54,90,125.0,118.49713
Autoformer,54,91,125.0,120.34629
Autoformer,54,92,125.0,118.9962
Autoformer,54,93,125.0,123.67539
Autoformer,54,94,124.0,123.05062
Autoformer,54,95,123.0,122.75387
Autoformer,54,96,122.0,119.90635
Autoformer,54,97,121.0,118.428986
Autoformer,54,98,120.0,119.50019
Autoformer,54,99,119.0,121.053474
Autoformer,54,100,118.0,121.20556
Autoformer,54,101,117.0,119.62385
Autoformer,54,102,116.0,117.57534
Autoformer,54,103,115.0,114.50264
Autoformer,54,104,114.0,114.726166
Autoformer,54,105,113.0,117.609924
Autoformer,54,106,112.0,113.368164
Autoformer,54,107,111.0,118.536125
Autoformer,54,108,110.0,118.954216
Autoformer,54,109,109.0,118.71472
Autoformer,54,110,108.0,110.84995
Autoformer,54,111,107.0,110.40236
Autoformer,54,112,106.0,112.32863
Autoformer,54,113,105.0,116.2277
Autoformer,54,114,104.0,117.122925
Autoformer,54,115,103.0,118.88147
Autoformer,54,116,102.0,117.73088
Autoformer,54,117,101.0,121.962036
Autoformer,54,118,100.0,117.172165
Autoformer,54,119,99.0,116.562904
Autoformer,54,120,98.0,111.23242
Autoformer,54,121,97.0,112.78141
Autoformer,55,30,125.0,120.1568
Autoformer,55,31,125.0,126.388916
Autoformer,55,32,125.0,122.11904
Autoformer,55,33,125.0,122.40264
Autoformer,55,34,125.0,120.17862
Autoformer,55,35,125.0,118.254005
Autoformer,55,36,125.0,120.92075
Autoformer,55,37,125.0,121.948784
Autoformer,55,38,125.0,118.65814
Autoformer,55,39,125.0,118.74731
Autoformer,55,40,125.0,115.78839
Autoformer,55,41,125.0,115.74465
Autoformer,55,42,125.0,121.95151
Autoformer,55,43,125.0,119.8055
Autoformer,55,44,125.0,120.94017
Autoformer,55,45,125.0,120.93869
Autoformer,55,46,125.0,120.375404
Autoformer,55,47,125.0,116.27988
Autoformer,55,48,125.0,115.266396
Autoformer,55,49,125.0,116.03267
Autoformer,55,50,125.0,118.05666
Autoformer,55,51,125.0,115.99816
Autoformer,55,52,125.0,115.18025
Autoformer,55,53,125.0,114.52059
Autoformer,55,54,125.0,114.56374
Autoformer,55,55,125.0,115.946526
Autoformer,55,56,125.0,116.63745
Autoformer,55,57,125.0,115.7561
Autoformer,55,58,125.0,117.086914
Autoformer,55,59,125.0,118.30446
Autoformer,55,60,125.0,119.208046
Autoformer,55,61,125.0,119.680595
Autoformer,55,62,125.0,121.11706
Autoformer,55,63,125.0,120.65367
Autoformer,55,64,125.0,121.399284
Autoformer,55,65,125.0,118.30765
Autoformer,55,66,125.0,117.99998
Autoformer,55,67,125.0,121.05297
Autoformer,55,68,125.0,118.30222
Autoformer,55,69,125.0,116.193016
Autoformer,55,70,125.0,118.853355
Autoformer,55,71,125.0,117.10183
Autoformer,55,72,125.0,115.36249
Autoformer,55,73,125.0,115.38947
Autoformer,55,74,125.0,114.60737
Autoformer,55,75,125.0,112.65666
Autoformer,55,76,125.0,114.308395
Autoformer,55,77,125.0,117.032
Autoformer,55,78,125.0,116.96903
Autoformer,55,79,125.0,116.95873
Autoformer,55,80,125.0,117.8469
Autoformer,55,81,125.0,116.46193
Autoformer,55,82,125.0,113.396706
Autoformer,55,83,125.0,112.53628
Autoformer,55,84,125.0,113.07098
Autoformer,55,85,125.0,116.476875
Autoformer,55,86,125.0,120.24262
Autoformer,55,87,125.0,120.086586
Autoformer,55,88,125.0,118.539055
Autoformer,55,89,125.0,118.42814
Autoformer,55,90,125.0,117.51827
Autoformer,55,91,125.0,114.80005
Autoformer,55,92,125.0,108.75707
Autoformer,55,93,125.0,106.10834
Autoformer,55,94,125.0,110.57746
Autoformer,55,95,125.0,117.26435
Autoformer,55,96,125.0,118.674484
Autoformer,55,97,125.0,116.18582
Autoformer,55,98,125.0,117.2503
Autoformer,55,99,125.0,115.40666
Autoformer,55,100,125.0,117.14234
Autoformer,55,101,125.0,113.42141
Autoformer,55,102,125.0,108.14465
Autoformer,55,103,125.0,109.586266
Autoformer,55,104,125.0,114.33202
Autoformer,55,105,125.0,111.08748
Autoformer,55,106,125.0,112.18221
Autoformer,55,107,125.0,106.18295
Autoformer,55,108,125.0,111.400986
Autoformer,55,109,125.0,116.436195
Autoformer,55,110,125.0,114.49062
Autoformer,55,111,125.0,114.830475
Autoformer,55,112,125.0,112.919586
Autoformer,55,113,125.0,115.16955
Autoformer,56,30,121.0,102.51198
Autoformer,56,31,120.0,106.31324
Autoformer,56,32,119.0,104.56933
Autoformer,56,33,118.0,103.73319
Autoformer,56,34,117.0,99.84542
Autoformer,56,35,116.0,97.894135
Autoformer,56,36,115.0,104.59242
Autoformer,56,37,114.0,105.17347
Autoformer,56,38,113.0,101.971664
Autoformer,56,39,112.0,98.90757
Autoformer,56,40,111.0,91.51947
Autoformer,56,41,110.0,97.21855
Autoformer,56,42,109.0,96.73703
Autoformer,56,43,108.0,100.40968
Autoformer,56,44,107.0,93.24623
Autoformer,56,45,106.0,95.57473
Autoformer,56,46,105.0,97.962944
Autoformer,56,47,104.0,104.586975
Autoformer,56,48,103.0,106.85979
Autoformer,56,49,102.0,98.70181
Autoformer,56,50,101.0,87.95359
Autoformer,56,51,100.0,92.015076
Autoformer,56,52,99.0,93.870094
Autoformer,56,53,98.0,100.9816
Autoformer,56,54,97.0,95.84859
Autoformer,56,55,96.0,90.88445
Autoformer,56,56,95.0,87.29351
Autoformer,56,57,94.0,79.94191
Autoformer,56,58,93.0,88.47128
Autoformer,56,59,92.0,91.49995
Autoformer,56,60,91.0,100.231766
Autoformer,56,61,90.0,105.62016
Autoformer,56,62,89.0,97.16791
Autoformer,56,63,88.0,78.456436
Autoformer,56,64,87.0,93.07077
Autoformer,56,65,86.0,86.55263
Autoformer,56,66,85.0,89.25464
Autoformer,56,67,84.0,84.59303
Autoformer,56,68,83.0,86.91327
Autoformer,56,69,82.0,90.149605
Autoformer,56,70,81.0,89.661194
Autoformer,56,71,80.0,80.81685
Autoformer,56,72,79.0,74.576164
Autoformer,56,73,78.0,82.73136
Autoformer,56,74,77.0,60.25756
Autoformer,56,75,76.0,71.479195
Autoformer,56,76,75.0,70.42952
Autoformer,56,77,74.0,78.61299
Autoformer,56,78,73.0,86.40142
Autoformer,56,79,72.0,82.81554
Autoformer,56,80,71.0,81.88642
Autoformer,56,81,70.0,74.033165
Autoformer,56,82,69.0,83.136734
Autoformer,56,83,68.0,72.337135
Autoformer,56,84,67.0,74.21084
Autoformer,56,85,66.0,66.91724
Autoformer,56,86,65.0,73.97037
Autoformer,56,87,64.0,62.676174
Autoformer,56,88,63.0,62.164055
Autoformer,56,89,62.0,56.785843
Autoformer,56,90,61.0,64.90677
Autoformer,56,91,60.0,66.29597
Autoformer,56,92,59.0,69.727715
Autoformer,56,93,58.0,77.24854
Autoformer,56,94,57.0,67.63079
Autoformer,56,95,56.0,57.228622
Autoformer,56,96,55.0,56.35435
Autoformer,56,97,54.0,50.73545
Autoformer,56,98,53.0,53.27669
Autoformer,56,99,52.0,63.874577
Autoformer,56,100,51.0,51.719627
Autoformer,56,101,50.0,55.115772
Autoformer,56,102,49.0,60.548832
Autoformer,56,103,48.0,50.605713
Autoformer,56,104,47.0,60.321125
Autoformer,56,105,46.0,52.83767
Autoformer,56,106,45.0,55.81413
Autoformer,56,107,44.0,43.023544
Autoformer,56,108,43.0,40.43872
Autoformer,56,109,42.0,35.699368
Autoformer,56,110,41.0,32.341515
Autoformer,56,111,40.0,30.969652
Autoformer,56,112,39.0,31.79068
Autoformer,56,113,38.0,25.977255
Autoformer,56,114,37.0,14.596285
Autoformer,56,115,36.0,16.300602
Autoformer,56,116,35.0,16.798096
Autoformer,56,117,34.0,22.599543
Autoformer,56,118,33.0,23.490774
Autoformer,56,119,32.0,22.68295
Autoformer,56,120,31.0,24.64529
Autoformer,56,121,30.0,14.988519
Autoformer,56,122,29.0,13.18156
Autoformer,56,123,28.0,9.366016
Autoformer,56,124,27.0,17.710617
Autoformer,56,125,26.0,17.942207
Autoformer,56,126,25.0,10.287604
Autoformer,56,127,24.0,11.364677
Autoformer,56,128,23.0,7.319396
Autoformer,56,129,22.0,9.343884
Autoformer,56,130,21.0,11.245105
Autoformer,56,131,20.0,9.225081
Autoformer,56,132,19.0,5.0385814
Autoformer,56,133,18.0,4.1793585
Autoformer,56,134,17.0,5.473919
Autoformer,56,135,16.0,4.4142227
Autoformer,56,136,15.0,6.8475266
Autoformer,57,30,125.0,121.75309
Autoformer,57,31,125.0,116.978874
Autoformer,57,32,125.0,114.98234
Autoformer,57,33,125.0,113.208885
Autoformer,57,34,125.0,114.05599
Autoformer,57,35,125.0,115.98633
Autoformer,57,36,125.0,115.90058
Autoformer,57,37,125.0,115.81894
Autoformer,57,38,125.0,122.97132
Autoformer,57,39,125.0,118.17562
Autoformer,57,40,125.0,116.276024
Autoformer,57,41,125.0,113.7537
Autoformer,57,42,125.0,114.93089
Autoformer,57,43,125.0,111.44074
Autoformer,57,44,125.0,119.39155
Autoformer,57,45,125.0,118.33322
Autoformer,57,46,125.0,119.24885
Autoformer,57,47,125.0,121.5733
Autoformer,57,48,125.0,116.43281
Autoformer,57,49,125.0,116.29548
Autoformer,57,50,125.0,113.0173
Autoformer,57,51,125.0,111.9051
Autoformer,57,52,125.0,113.94953
Autoformer,57,53,125.0,115.88036
Autoformer,57,54,125.0,119.622154
Autoformer,57,55,125.0,113.325615
Autoformer,57,56,125.0,116.91818
Autoformer,57,57,125.0,110.63973
Autoformer,57,58,125.0,119.12597
Autoformer,57,59,125.0,117.27931
Autoformer,57,60,125.0,120.41779
Autoformer,57,61,125.0,120.306114
Autoformer,57,62,125.0,116.36586
Autoformer,57,63,125.0,106.92567
Autoformer,57,64,125.0,109.93814
Autoformer,57,65,125.0,107.604034
Autoformer,57,66,125.0,113.83858
Autoformer,57,67,125.0,117.749374
Autoformer,57,68,125.0,117.566315
Autoformer,57,69,125.0,114.682076
Autoformer,57,70,125.0,114.110504
Autoformer,57,71,125.0,120.28183
Autoformer,57,72,125.0,118.74349
Autoformer,57,73,125.0,119.58759
Autoformer,57,74,125.0,117.4162
Autoformer,57,75,125.0,110.16551
Autoformer,57,76,125.0,114.50452
Autoformer,57,77,125.0,115.20577
Autoformer,57,78,125.0,119.57428
Autoformer,57,79,125.0,118.70887
Autoformer,57,80,125.0,121.65824
Autoformer,57,81,125.0,113.220345
Autoformer,57,82,125.0,110.64269
Autoformer,57,83,125.0,111.11234
Autoformer,57,84,125.0,113.17043
Autoformer,57,85,125.0,117.05199
Autoformer,57,86,125.0,111.80545
Autoformer,57,87,125.0,110.60865
Autoformer,57,88,125.0,113.70399
Autoformer,57,89,125.0,117.898415
Autoformer,57,90,125.0,113.767136
Autoformer,57,91,125.0,111.53824
Autoformer,57,92,125.0,115.612915
Autoformer,57,93,125.0,109.69874
Autoformer,57,94,125.0,115.25831
Autoformer,57,95,125.0,115.40397
Autoformer,57,96,125.0,110.58437
Autoformer,57,97,125.0,105.336494
Autoformer,57,98,125.0,107.91316
Autoformer,57,99,125.0,110.26921
Autoformer,57,100,125.0,111.757744
Autoformer,57,101,125.0,111.77271
Autoformer,57,102,125.0,117.74217
Autoformer,57,103,125.0,112.20997
Autoformer,57,104,125.0,115.51806
Autoformer,57,105,125.0,110.391884
Autoformer,57,106,125.0,104.97845
Autoformer,57,107,125.0,103.64731
Autoformer,57,108,125.0,100.67049
Autoformer,57,109,125.0,99.8248
Autoformer,57,110,125.0,95.972534
Autoformer,57,111,125.0,106.945885
Autoformer,57,112,125.0,107.98257
Autoformer,57,113,125.0,108.92882
Autoformer,57,114,125.0,105.76307
Autoformer,57,115,125.0,109.479614
Autoformer,57,116,125.0,109.66084
Autoformer,57,117,125.0,103.01436
Autoformer,57,118,125.0,108.785965
Autoformer,57,119,125.0,113.70986
Autoformer,57,120,125.0,113.87239
Autoformer,57,121,125.0,111.64413
Autoformer,57,122,125.0,112.60729
Autoformer,57,123,125.0,108.40332
Autoformer,57,124,125.0,106.60856
Autoformer,57,125,125.0,107.582504
Autoformer,57,126,125.0,97.54492
Autoformer,57,127,125.0,105.62664
Autoformer,57,128,125.0,98.77442
Autoformer,57,129,125.0,105.817215
Autoformer,57,130,125.0,105.51306
Autoformer,57,131,125.0,105.80085
Autoformer,57,132,125.0,96.65218
Autoformer,57,133,125.0,89.99223
Autoformer,57,134,125.0,94.355576
Autoformer,57,135,125.0,92.76933
Autoformer,57,136,125.0,98.50582
Autoformer,57,137,125.0,97.90931
Autoformer,57,138,125.0,108.425
Autoformer,57,139,124.0,103.28523
Autoformer,57,140,123.0,102.382805
Autoformer,57,141,122.0,105.52061
Autoformer,57,142,121.0,94.4423
Autoformer,57,143,120.0,94.02334
Autoformer,57,144,119.0,91.96406
Autoformer,57,145,118.0,93.19822
Autoformer,57,146,117.0,97.062485
Autoformer,57,147,116.0,102.16804
Autoformer,57,148,115.0,103.86286
Autoformer,57,149,114.0,100.98638
Autoformer,57,150,113.0,95.587814
Autoformer,57,151,112.0,100.54295
Autoformer,57,152,111.0,89.95079
Autoformer,57,153,110.0,101.11546
Autoformer,57,154,109.0,92.33696
Autoformer,57,155,108.0,99.3377
Autoformer,57,156,107.0,97.05037
Autoformer,57,157,106.0,98.429344
Autoformer,57,158,105.0,88.96539
Autoformer,57,159,104.0,88.00299
Autoformer,57,160,103.0,84.434326
Autoformer,58,30,125.0,124.794235
Autoformer,58,31,125.0,123.74841
Autoformer,58,32,125.0,123.74508
Autoformer,58,33,125.0,124.01305
Autoformer,58,34,125.0,122.158585
Autoformer,58,35,125.0,119.33022
Autoformer,58,36,125.0,119.701546
Autoformer,58,37,125.0,122.25359
Autoformer,58,38,125.0,123.39378
Autoformer,58,39,125.0,124.56022
Autoformer,58,40,125.0,123.642815
Autoformer,58,41,125.0,123.03242
Autoformer,58,42,125.0,123.41017
Autoformer,58,43,125.0,124.81505
Autoformer,58,44,125.0,125.59318
Autoformer,58,45,125.0,123.3565
Autoformer,58,46,125.0,122.19195
Autoformer,58,47,125.0,120.71311
Autoformer,58,48,125.0,122.56589
Autoformer,58,49,125.0,122.74162
Autoformer,58,50,125.0,119.238396
Autoformer,58,51,125.0,123.64111
Autoformer,58,52,125.0,122.281906
Autoformer,58,53,125.0,120.50651
Autoformer,58,54,125.0,120.96135
Autoformer,58,55,125.0,123.61679
Autoformer,58,56,125.0,123.11984
Autoformer,58,57,125.0,119.78075
Autoformer,58,58,125.0,120.699265
Autoformer,58,59,125.0,123.850395
Autoformer,58,60,125.0,122.47833
Autoformer,58,61,125.0,123.86443
Autoformer,58,62,125.0,122.4029
Autoformer,58,63,125.0,123.35426
Autoformer,58,64,125.0,123.37671
Autoformer,58,65,125.0,123.3032
Autoformer,58,66,125.0,122.983345
Autoformer,58,67,125.0,121.6033
Autoformer,58,68,125.0,122.66616
Autoformer,58,69,125.0,121.16607
Autoformer,58,70,125.0,123.19219
Autoformer,58,71,125.0,117.43903
Autoformer,58,72,125.0,120.6508
Autoformer,58,73,125.0,121.33525
Autoformer,58,74,125.0,122.19556
Autoformer,58,75,125.0,123.22791
Autoformer,58,76,125.0,121.68455
Autoformer,58,77,125.0,122.25973
Autoformer,58,78,125.0,121.56726
Autoformer,58,79,125.0,123.32248
Autoformer,58,80,125.0,122.96619
Autoformer,58,81,125.0,122.09525
Autoformer,58,82,125.0,121.21215
Autoformer,58,83,125.0,116.15171
Autoformer,58,84,125.0,117.02849
Autoformer,58,85,125.0,114.46471
Autoformer,58,86,125.0,117.27334
Autoformer,58,87,125.0,118.94273
Autoformer,58,88,125.0,118.472046
Autoformer,58,89,124.0,122.41107
Autoformer,58,90,123.0,119.30183
Autoformer,58,91,122.0,121.63725
Autoformer,58,92,121.0,119.90021
Autoformer,58,93,120.0,120.29435
Autoformer,58,94,119.0,120.17743
Autoformer,58,95,118.0,121.47361
Autoformer,58,96,117.0,121.57086
Autoformer,58,97,116.0,120.86223
Autoformer,58,98,115.0,117.57925
Autoformer,58,99,114.0,116.027084
Autoformer,58,100,113.0,118.57357
Autoformer,58,101,112.0,119.84885
Autoformer,58,102,111.0,121.30568
Autoformer,58,103,110.0,114.854935
Autoformer,58,104,109.0,121.89887
Autoformer,58,105,108.0,115.954285
Autoformer,58,106,107.0,120.389854
Autoformer,58,107,106.0,115.26207
Autoformer,58,108,105.0,119.72543
Autoformer,58,109,104.0,114.11234
Autoformer,58,110,103.0,116.02149
Autoformer,58,111,102.0,114.30053
Autoformer,58,112,101.0,116.11676
Autoformer,58,113,100.0,115.460236
Autoformer,58,114,99.0,118.59755
Autoformer,58,115,98.0,116.86901
Autoformer,58,116,97.0,114.70994
Autoformer,58,117,96.0,116.950836
Autoformer,58,118,95.0,107.04423
Autoformer,58,119,94.0,104.8651
Autoformer,58,120,93.0,106.78484
Autoformer,58,121,92.0,108.80118
Autoformer,58,122,91.0,116.53694
Autoformer,58,123,90.0,118.74599
Autoformer,58,124,89.0,115.31138
Autoformer,58,125,88.0,114.45033
Autoformer,58,126,87.0,115.54851
Autoformer,58,127,86.0,115.241646
Autoformer,58,128,85.0,115.337975
Autoformer,58,129,84.0,118.240234
Autoformer,58,130,83.0,112.04752
Autoformer,58,131,82.0,110.06474
Autoformer,58,132,81.0,106.03589
Autoformer,58,133,80.0,108.462555
Autoformer,58,134,79.0,106.734085
Autoformer,58,135,78.0,110.15631
Autoformer,58,136,77.0,105.13453
Autoformer,58,137,76.0,107.23436
Autoformer,58,138,75.0,98.81827
Autoformer,58,139,74.0,101.946945
Autoformer,58,140,73.0,100.06935
Autoformer,58,141,72.0,96.940125
Autoformer,58,142,71.0,96.53499
Autoformer,58,143,70.0,104.73072
Autoformer,58,144,69.0,106.21641
Autoformer,58,145,68.0,98.93763
Autoformer,58,146,67.0,99.856636
Autoformer,58,147,66.0,92.368835
Autoformer,58,148,65.0,84.41233
Autoformer,58,149,64.0,84.98133
Autoformer,58,150,63.0,81.99021
Autoformer,58,151,62.0,81.99512
Autoformer,58,152,61.0,84.35743
Autoformer,58,153,60.0,89.96282
Autoformer,58,154,59.0,80.73233
Autoformer,58,155,58.0,79.11361
Autoformer,58,156,57.0,77.61809
Autoformer,58,157,56.0,77.028404
Autoformer,58,158,55.0,83.534294
Autoformer,58,159,54.0,90.33164
Autoformer,58,160,53.0,86.01947
Autoformer,58,161,52.0,89.116394
Autoformer,58,162,51.0,85.93722
Autoformer,58,163,50.0,80.10117
Autoformer,58,164,49.0,78.65158
Autoformer,58,165,48.0,79.33414
Autoformer,58,166,47.0,74.1786
Autoformer,58,167,46.0,71.61151
Autoformer,58,168,45.0,64.47599
Autoformer,58,169,44.0,60.606
Autoformer,58,170,43.0,62.200954
Autoformer,58,171,42.0,64.10809
Autoformer,58,172,41.0,66.432655
Autoformer,58,173,40.0,63.22654
Autoformer,58,174,39.0,70.69644
Autoformer,58,175,38.0,51.931572
Autoformer,58,176,37.0,48.382347
Autoformer,59,30,125.0,121.26567
Autoformer,59,31,125.0,122.57347
Autoformer,59,32,125.0,122.2018
Autoformer,59,33,125.0,122.13149
Autoformer,59,34,125.0,121.37314
Autoformer,59,35,125.0,120.29833
Autoformer,59,36,125.0,120.346306
Autoformer,59,37,125.0,120.61862
Autoformer,59,38,125.0,120.7815
Autoformer,59,39,125.0,120.7828
Autoformer,59,40,125.0,121.44954
Autoformer,59,41,125.0,123.74477
Autoformer,59,42,125.0,119.90541
Autoformer,59,43,125.0,122.32536
Autoformer,59,44,125.0,122.31194
Autoformer,59,45,125.0,121.34499
Autoformer,59,46,125.0,122.701294
Autoformer,59,47,125.0,122.24133
Autoformer,59,48,125.0,122.82841
Autoformer,59,49,125.0,121.9863
Autoformer,59,50,125.0,122.42213
Autoformer,59,51,125.0,123.781395
Autoformer,59,52,125.0,122.13562
Autoformer,59,53,125.0,121.37315
Autoformer,59,54,125.0,121.4119
Autoformer,59,55,125.0,121.7875
Autoformer,59,56,125.0,121.89589
Autoformer,59,57,125.0,123.99488
Autoformer,59,58,125.0,119.03804
Autoformer,59,59,125.0,120.26533
Autoformer,59,60,125.0,120.9013
Autoformer,59,61,125.0,121.2892
Autoformer,59,62,125.0,119.027405
Autoformer,59,63,125.0,121.363976
Autoformer,59,64,125.0,119.431366
Autoformer,59,65,125.0,119.13638
Autoformer,59,66,125.0,119.05704
Autoformer,59,67,125.0,119.230415
Autoformer,59,68,125.0,119.21812
Autoformer,59,69,125.0,121.32416
Autoformer,59,70,125.0,121.99266
Autoformer,59,71,125.0,118.85667
Autoformer,59,72,125.0,124.21008
Autoformer,59,73,125.0,123.02994
Autoformer,59,74,125.0,120.07464
Autoformer,59,75,125.0,119.406395
Autoformer,59,76,125.0,117.70634
Autoformer,59,77,125.0,118.871376
Autoformer,59,78,125.0,123.18653
Autoformer,59,79,125.0,122.650154
Autoformer,59,80,125.0,122.11487
Autoformer,59,81,125.0,121.50766
Autoformer,59,82,125.0,122.611244
Autoformer,59,83,125.0,117.97648
Autoformer,59,84,124.0,119.85831
Autoformer,59,85,123.0,119.29525
Autoformer,59,86,122.0,120.326416
Autoformer,59,87,121.0,119.629974
Autoformer,59,88,120.0,117.97474
Autoformer,59,89,119.0,118.428566
Autoformer,59,90,118.0,117.824646
Autoformer,59,91,117.0,116.11272
Autoformer,59,92,116.0,119.663155
Autoformer,59,93,115.0,116.849144
Autoformer,59,94,114.0,118.6524
Autoformer,60,30,125.0,110.18529
Autoformer,60,31,125.0,113.24532
Autoformer,60,32,125.0,113.05975
Autoformer,60,33,125.0,116.819885
Autoformer,60,34,125.0,117.93553
Autoformer,60,35,125.0,119.65932
Autoformer,60,36,125.0,119.763664
Autoformer,60,37,125.0,117.80408
Autoformer,60,38,125.0,116.67754
Autoformer,60,39,125.0,110.108475
Autoformer,60,40,125.0,113.46729
Autoformer,60,41,125.0,111.53905
Autoformer,60,42,125.0,112.45797
Autoformer,60,43,125.0,113.31349
Autoformer,60,44,125.0,113.62929
Autoformer,60,45,125.0,116.412605
Autoformer,60,46,125.0,115.00092
Autoformer,60,47,125.0,114.27492
Autoformer,60,48,125.0,114.1078
Autoformer,60,49,125.0,116.61302
Autoformer,60,50,125.0,115.97968
Autoformer,60,51,125.0,116.269104
Autoformer,60,52,125.0,115.034294
Autoformer,60,53,125.0,112.8847
Autoformer,60,54,125.0,112.61991
Autoformer,60,55,125.0,114.610466
Autoformer,60,56,125.0,112.18088
Autoformer,60,57,125.0,111.84055
Autoformer,60,58,125.0,110.72336
Autoformer,60,59,125.0,109.90043
Autoformer,60,60,125.0,112.98963
Autoformer,60,61,125.0,112.09261
Autoformer,60,62,125.0,112.65556
Autoformer,60,63,125.0,115.0555
Autoformer,60,64,125.0,115.02299
Autoformer,60,65,125.0,112.94152
Autoformer,60,66,125.0,111.757256
Autoformer,60,67,125.0,104.5908
Autoformer,60,68,125.0,108.41408
Autoformer,60,69,125.0,106.030014
Autoformer,60,70,125.0,106.65614
Autoformer,60,71,125.0,107.03523
Autoformer,60,72,125.0,108.65512
Autoformer,60,73,125.0,107.24162
Autoformer,60,74,125.0,115.98446
Autoformer,60,75,125.0,112.58092
Autoformer,60,76,125.0,118.500946
Autoformer,60,77,125.0,113.4636
Autoformer,60,78,125.0,118.13004
Autoformer,60,79,125.0,114.98324
Autoformer,60,80,125.0,118.923195
Autoformer,60,81,125.0,116.1511
Autoformer,60,82,125.0,111.628204
Autoformer,60,83,125.0,105.28759
Autoformer,60,84,125.0,107.709724
Autoformer,60,85,125.0,108.59645
Autoformer,60,86,125.0,104.27741
Autoformer,60,87,125.0,106.92199
Autoformer,60,88,125.0,104.137115
Autoformer,60,89,125.0,106.9021
Autoformer,60,90,125.0,108.57582
Autoformer,60,91,125.0,110.68065
Autoformer,60,92,125.0,116.60573
Autoformer,60,93,125.0,111.96161
Autoformer,60,94,125.0,112.486534
Autoformer,60,95,125.0,113.97379
Autoformer,60,96,125.0,108.05119
Autoformer,60,97,125.0,106.48329
Autoformer,60,98,125.0,109.64362
Autoformer,60,99,125.0,105.29336
Autoformer,60,100,125.0,104.49904
Autoformer,60,101,125.0,105.16402
Autoformer,60,102,125.0,94.173935
Autoformer,60,103,125.0,105.21617
Autoformer,60,104,125.0,104.09915
Autoformer,60,105,125.0,108.036934
Autoformer,60,106,125.0,101.09328
Autoformer,60,107,125.0,94.62701
Autoformer,60,108,125.0,92.0272
Autoformer,60,109,125.0,91.79042
Autoformer,60,110,125.0,102.8599
Autoformer,60,111,125.0,109.36412
Autoformer,60,112,125.0,113.74829
Autoformer,60,113,125.0,106.970085
Autoformer,60,114,125.0,109.85855
Autoformer,60,115,125.0,111.38617
Autoformer,60,116,125.0,108.33304
Autoformer,60,117,125.0,111.324585
Autoformer,60,118,125.0,111.47412
Autoformer,60,119,125.0,109.114494
Autoformer,60,120,125.0,110.232956
Autoformer,60,121,125.0,104.94411
Autoformer,60,122,125.0,100.22633
Autoformer,60,123,124.0,97.489235
Autoformer,60,124,123.0,99.94216
Autoformer,60,125,122.0,96.99544
Autoformer,60,126,121.0,97.635254
Autoformer,60,127,120.0,91.574394
Autoformer,60,128,119.0,106.36617
Autoformer,60,129,118.0,99.876625
Autoformer,60,130,117.0,95.869835
Autoformer,60,131,116.0,93.31976
Autoformer,60,132,115.0,95.69102
Autoformer,60,133,114.0,104.53874
Autoformer,60,134,113.0,103.25808
Autoformer,60,135,112.0,107.32967
Autoformer,60,136,111.0,104.66056
Autoformer,60,137,110.0,104.62117
Autoformer,60,138,109.0,101.29957
Autoformer,60,139,108.0,94.38834
Autoformer,60,140,107.0,100.88771
Autoformer,60,141,106.0,97.83078
Autoformer,60,142,105.0,101.632225
Autoformer,60,143,104.0,95.342514
Autoformer,60,144,103.0,95.87924
Autoformer,60,145,102.0,100.40621
Autoformer,60,146,101.0,101.72818
Autoformer,60,147,100.0,104.19848
Autoformer,61,30,125.0,113.920334
Autoformer,61,31,125.0,115.21893
Autoformer,61,32,125.0,111.48769
Autoformer,61,33,125.0,113.77385
Autoformer,61,34,125.0,111.020035
Autoformer,61,35,125.0,114.89385
Autoformer,61,36,125.0,114.152336
Autoformer,61,37,125.0,115.99249
Autoformer,61,38,125.0,115.11117
Autoformer,61,39,125.0,114.789894
Autoformer,61,40,125.0,112.40333
Autoformer,61,41,125.0,111.35211
Autoformer,61,42,125.0,114.031204
Autoformer,61,43,125.0,114.130486
Autoformer,61,44,125.0,116.40566
Autoformer,61,45,125.0,118.39747
Autoformer,61,46,125.0,115.90061
Autoformer,61,47,125.0,116.39611
Autoformer,61,48,125.0,118.103645
Autoformer,61,49,125.0,118.44107
Autoformer,61,50,125.0,115.96404
Autoformer,61,51,125.0,117.748634
Autoformer,61,52,125.0,117.10119
Autoformer,61,53,125.0,116.124115
Autoformer,61,54,125.0,112.44203
Autoformer,61,55,125.0,117.2351
Autoformer,61,56,124.0,112.88976
Autoformer,61,57,123.0,112.10893
Autoformer,61,58,122.0,114.952995
Autoformer,61,59,121.0,119.08115
Autoformer,61,60,120.0,114.345695
Autoformer,61,61,119.0,113.84086
Autoformer,61,62,118.0,111.476906
Autoformer,61,63,117.0,108.95162
Autoformer,61,64,116.0,106.159355
Autoformer,61,65,115.0,111.77234
Autoformer,61,66,114.0,111.9888
Autoformer,61,67,113.0,114.29029
Autoformer,61,68,112.0,112.660164
Autoformer,61,69,111.0,119.36553
Autoformer,61,70,110.0,108.28657
Autoformer,61,71,109.0,114.11851
Autoformer,61,72,108.0,115.2326
Autoformer,61,73,107.0,111.50783
Autoformer,61,74,106.0,113.28129
Autoformer,61,75,105.0,112.4219
Autoformer,61,76,104.0,107.762856
Autoformer,61,77,103.0,108.81029
Autoformer,61,78,102.0,101.040344
Autoformer,61,79,101.0,105.30283
Autoformer,61,80,100.0,109.0143
Autoformer,61,81,99.0,106.027954
Autoformer,61,82,98.0,102.80466
Autoformer,61,83,97.0,106.22556
Autoformer,61,84,96.0,104.37417
Autoformer,61,85,95.0,111.68837
Autoformer,61,86,94.0,107.018555
Autoformer,61,87,93.0,103.845375
Autoformer,61,88,92.0,105.459885
Autoformer,61,89,91.0,109.11842
Autoformer,61,90,90.0,103.376396
Autoformer,61,91,89.0,109.75153
Autoformer,61,92,88.0,112.8462
Autoformer,61,93,87.0,110.84432
Autoformer,61,94,86.0,106.63066
Autoformer,61,95,85.0,101.50364
Autoformer,61,96,84.0,103.030624
Autoformer,61,97,83.0,99.469955
Autoformer,61,98,82.0,103.81566
Autoformer,61,99,81.0,103.51894
Autoformer,61,100,80.0,102.91745
Autoformer,61,101,79.0,107.29258
Autoformer,61,102,78.0,103.938324
Autoformer,61,103,77.0,108.40403
Autoformer,61,104,76.0,103.83612
Autoformer,61,105,75.0,106.68711
Autoformer,61,106,74.0,104.86307
Autoformer,61,107,73.0,98.789955
Autoformer,61,108,72.0,96.14911
Autoformer,61,109,71.0,97.167076
Autoformer,61,110,70.0,87.7468
Autoformer,61,111,69.0,89.07527
Autoformer,61,112,68.0,96.32408
Autoformer,61,113,67.0,99.12149
Autoformer,61,114,66.0,95.855064
Autoformer,61,115,65.0,93.256805
Autoformer,61,116,64.0,87.90904
Autoformer,61,117,63.0,89.37646
Autoformer,61,118,62.0,84.88143
Autoformer,61,119,61.0,95.011185
Autoformer,61,120,60.0,81.167946
Autoformer,61,121,59.0,82.32794
Autoformer,61,122,58.0,80.79954
Autoformer,61,123,57.0,87.91454
Autoformer,61,124,56.0,83.87793
Autoformer,61,125,55.0,81.9507
Autoformer,61,126,54.0,87.7773
Autoformer,61,127,53.0,87.39432
Autoformer,61,128,52.0,82.5365
Autoformer,61,129,51.0,83.01195
Autoformer,61,130,50.0,85.80081
Autoformer,61,131,49.0,76.382385
Autoformer,61,132,48.0,80.27354
Autoformer,61,133,47.0,81.689575
Autoformer,61,134,46.0,76.143265
Autoformer,61,135,45.0,72.79666
Autoformer,61,136,44.0,72.80558
Autoformer,61,137,43.0,74.67164
Autoformer,61,138,42.0,76.205956
Autoformer,61,139,41.0,77.36325
Autoformer,61,140,40.0,77.19915
Autoformer,61,141,39.0,76.54664
Autoformer,61,142,38.0,69.60685
Autoformer,61,143,37.0,70.726265
Autoformer,61,144,36.0,66.30987
Autoformer,61,145,35.0,61.15171
Autoformer,61,146,34.0,67.31572
Autoformer,61,147,33.0,60.840385
Autoformer,61,148,32.0,49.893913
Autoformer,61,149,31.0,43.56101
Autoformer,61,150,30.0,46.57615
Autoformer,61,151,29.0,50.840385
Autoformer,61,152,28.0,51.981647
Autoformer,61,153,27.0,53.32337
Autoformer,61,154,26.0,46.687996
Autoformer,61,155,25.0,47.99477
Autoformer,61,156,24.0,36.884434
Autoformer,61,157,23.0,38.90899
Autoformer,61,158,22.0,35.57462
Autoformer,61,159,21.0,34.44517
Autoformer,62,30,125.0,124.0345
Autoformer,62,31,125.0,124.104706
Autoformer,62,32,125.0,120.99362
Autoformer,62,33,125.0,122.75606
Autoformer,62,34,125.0,124.068275
Autoformer,62,35,125.0,122.93866
Autoformer,62,36,125.0,122.620415
Autoformer,62,37,125.0,122.8476
Autoformer,62,38,125.0,122.72948
Autoformer,62,39,125.0,122.30883
Autoformer,62,40,125.0,125.023094
Autoformer,62,41,125.0,122.8142
Autoformer,62,42,125.0,124.79251
Autoformer,62,43,125.0,123.054085
Autoformer,62,44,125.0,124.75137
Autoformer,62,45,125.0,124.250854
Autoformer,62,46,125.0,126.10141
Autoformer,62,47,125.0,124.369316
Autoformer,62,48,125.0,126.4081
Autoformer,62,49,125.0,125.53
Autoformer,62,50,125.0,125.1989
Autoformer,62,51,125.0,122.56532
Autoformer,62,52,125.0,127.04905
Autoformer,62,53,125.0,124.13121
Autoformer,62,54,125.0,125.49829
Autoformer,62,55,125.0,124.182396
Autoformer,62,56,125.0,123.59781
Autoformer,62,57,125.0,121.31021
Autoformer,62,58,125.0,120.72683
Autoformer,62,59,125.0,120.43294
Autoformer,62,60,125.0,121.15716
Autoformer,62,61,125.0,122.82295
Autoformer,62,62,125.0,122.84051
Autoformer,62,63,125.0,122.43126
Autoformer,62,64,125.0,121.72475
Autoformer,62,65,125.0,119.2879
Autoformer,62,66,125.0,121.64558
Autoformer,62,67,125.0,120.79893
Autoformer,62,68,125.0,125.36504
Autoformer,62,69,125.0,123.356674
Autoformer,62,70,125.0,125.96148
Autoformer,62,71,125.0,123.61271
Autoformer,62,72,125.0,123.307434
Autoformer,62,73,125.0,122.77863
Autoformer,62,74,125.0,122.4583
Autoformer,62,75,125.0,122.32959
Autoformer,62,76,125.0,121.235306
Autoformer,62,77,125.0,120.91213
Autoformer,62,78,125.0,121.31836
Autoformer,62,79,125.0,122.46017
Autoformer,62,80,125.0,123.172485
Autoformer,62,81,125.0,121.45096
Autoformer,62,82,125.0,121.683136
Autoformer,62,83,125.0,121.82365
Autoformer,62,84,125.0,123.28978
Autoformer,62,85,125.0,121.19083
Autoformer,62,86,125.0,122.63391
Autoformer,62,87,125.0,122.732765
Autoformer,62,88,125.0,122.162895
Autoformer,62,89,125.0,123.12469
Autoformer,62,90,125.0,124.06806
Autoformer,62,91,125.0,124.052376
Autoformer,62,92,125.0,126.28331
Autoformer,62,93,125.0,124.91588
Autoformer,62,94,125.0,125.55238
Autoformer,62,95,125.0,125.256874
Autoformer,62,96,125.0,121.193535
Autoformer,62,97,125.0,118.64985
Autoformer,62,98,125.0,117.86748
Autoformer,62,99,125.0,118.70719
Autoformer,62,100,125.0,121.12299
Autoformer,62,101,125.0,121.62937
Autoformer,62,102,125.0,121.03849
Autoformer,62,103,125.0,122.910286
Autoformer,62,104,125.0,123.81204
Autoformer,62,105,125.0,124.27936
Autoformer,62,106,125.0,119.85687
Autoformer,62,107,125.0,121.68991
Autoformer,62,108,125.0,124.60608
Autoformer,62,109,125.0,123.192375
Autoformer,62,110,125.0,122.1735
Autoformer,62,111,125.0,118.757286
Autoformer,62,112,125.0,121.13276
Autoformer,62,113,125.0,120.078026
Autoformer,62,114,125.0,120.2122
Autoformer,62,115,125.0,120.83558
Autoformer,62,116,125.0,121.44116
Autoformer,62,117,125.0,122.43944
Autoformer,62,118,125.0,122.77421
Autoformer,62,119,125.0,119.37353
Autoformer,62,120,125.0,121.730095
Autoformer,62,121,125.0,119.598305
Autoformer,62,122,125.0,119.852615
Autoformer,62,123,125.0,118.79096
Autoformer,62,124,125.0,119.799126
Autoformer,62,125,125.0,120.50598
Autoformer,62,126,125.0,120.06879
Autoformer,62,127,125.0,119.85151
Autoformer,62,128,125.0,121.8744
Autoformer,62,129,125.0,119.75197
Autoformer,62,130,125.0,120.02428
Autoformer,62,131,125.0,120.96008
Autoformer,62,132,125.0,119.238716
Autoformer,62,133,125.0,116.95083
Autoformer,62,134,125.0,121.54014
Autoformer,62,135,125.0,121.4163
Autoformer,62,136,125.0,118.64023
Autoformer,62,137,125.0,117.36425
Autoformer,62,138,125.0,118.04544
Autoformer,62,139,125.0,118.33056
Autoformer,62,140,125.0,117.736885
Autoformer,62,141,125.0,118.0685
Autoformer,62,142,125.0,119.976
Autoformer,62,143,125.0,119.203125
Autoformer,62,144,125.0,119.86148
Autoformer,62,145,125.0,117.76024
Autoformer,62,146,125.0,117.070854
Autoformer,62,147,125.0,117.148575
Autoformer,62,148,125.0,116.21394
Autoformer,62,149,125.0,119.17747
Autoformer,62,150,125.0,117.07503
Autoformer,62,151,125.0,117.730934
Autoformer,62,152,125.0,116.4664
Autoformer,62,153,125.0,113.33646
Autoformer,62,154,125.0,109.00662
Autoformer,62,155,125.0,111.01047
Autoformer,62,156,125.0,113.505936
Autoformer,62,157,125.0,107.40176
Autoformer,62,158,125.0,109.54782
Autoformer,62,159,125.0,107.732346
Autoformer,62,160,125.0,110.88234
Autoformer,62,161,125.0,111.62666
Autoformer,62,162,124.0,112.66111
Autoformer,62,163,123.0,112.92121
Autoformer,62,164,122.0,113.81397
Autoformer,62,165,121.0,117.88807
Autoformer,62,166,120.0,119.89553
Autoformer,62,167,119.0,116.94377
Autoformer,62,168,118.0,109.835144
Autoformer,62,169,117.0,111.794495
Autoformer,62,170,116.0,112.38203
Autoformer,62,171,115.0,110.02495
Autoformer,62,172,114.0,109.339516
Autoformer,62,173,113.0,108.41267
Autoformer,62,174,112.0,105.78137
Autoformer,62,175,111.0,100.9715
Autoformer,62,176,110.0,107.7996
Autoformer,62,177,109.0,108.55788
Autoformer,62,178,108.0,111.011795
Autoformer,62,179,107.0,106.87487
Autoformer,62,180,106.0,102.11564
Autoformer,62,181,105.0,100.70031
Autoformer,62,182,104.0,97.40989
Autoformer,62,183,103.0,103.263794
Autoformer,62,184,102.0,100.464355
Autoformer,62,185,101.0,105.500305
Autoformer,62,186,100.0,102.02543
Autoformer,62,187,99.0,102.10408
Autoformer,62,188,98.0,96.587906
Autoformer,62,189,97.0,98.27347
Autoformer,62,190,96.0,96.25018
Autoformer,62,191,95.0,92.992584
Autoformer,62,192,94.0,90.61213
Autoformer,62,193,93.0,93.083336
Autoformer,62,194,92.0,97.14138
Autoformer,62,195,91.0,95.34751
Autoformer,62,196,90.0,94.73917
Autoformer,62,197,89.0,93.08196
Autoformer,62,198,88.0,90.5003
Autoformer,62,199,87.0,87.31904
Autoformer,62,200,86.0,94.010826
Autoformer,62,201,85.0,96.140915
Autoformer,62,202,84.0,92.45959
Autoformer,62,203,83.0,91.59633
Autoformer,62,204,82.0,92.34062
Autoformer,62,205,81.0,92.98862
Autoformer,62,206,80.0,89.68563
Autoformer,62,207,79.0,89.59642
Autoformer,62,208,78.0,85.591576
Autoformer,62,209,77.0,79.07623
Autoformer,62,210,76.0,74.57305
Autoformer,62,211,75.0,77.74276
Autoformer,62,212,74.0,75.1229
Autoformer,62,213,73.0,69.93425
Autoformer,62,214,72.0,77.144325
Autoformer,62,215,71.0,75.32041
Autoformer,62,216,70.0,71.56163
Autoformer,62,217,69.0,68.051094
Autoformer,62,218,68.0,63.279373
Autoformer,62,219,67.0,71.734604
Autoformer,62,220,66.0,69.92608
Autoformer,62,221,65.0,72.11451
Autoformer,62,222,64.0,71.61392
Autoformer,62,223,63.0,68.24096
Autoformer,62,224,62.0,62.597214
Autoformer,62,225,61.0,57.45203
Autoformer,62,226,60.0,54.948875
Autoformer,62,227,59.0,58.87511
Autoformer,62,228,58.0,53.721275
Autoformer,62,229,57.0,52.92176
Autoformer,62,230,56.0,50.45014
Autoformer,62,231,55.0,47.036293
Autoformer,62,232,54.0,47.00066
Autoformer,63,30,125.0,117.92021
Autoformer,63,31,125.0,119.25044
Autoformer,63,32,125.0,113.941826
Autoformer,63,33,125.0,115.263176
Autoformer,63,34,125.0,116.26618
Autoformer,63,35,125.0,112.977806
Autoformer,63,36,125.0,115.7447
Autoformer,63,37,125.0,114.77089
Autoformer,63,38,125.0,115.08799
Autoformer,63,39,125.0,116.392395
Autoformer,63,40,125.0,117.1495
Autoformer,63,41,125.0,117.02884
Autoformer,63,42,125.0,121.02459
Autoformer,63,43,125.0,119.3549
Autoformer,63,44,125.0,118.842514
Autoformer,63,45,125.0,114.97089
Autoformer,63,46,125.0,112.93534
Autoformer,63,47,125.0,112.80208
Autoformer,63,48,125.0,119.00979
Autoformer,63,49,125.0,113.43641
Autoformer,63,50,125.0,107.31318
Autoformer,63,51,125.0,111.52365
Autoformer,63,52,125.0,107.97336
Autoformer,63,53,125.0,113.238655
Autoformer,63,54,125.0,107.59018
Autoformer,63,55,125.0,113.52153
Autoformer,63,56,125.0,108.608795
Autoformer,63,57,125.0,108.41803
Autoformer,63,58,125.0,111.83126
Autoformer,63,59,125.0,109.17774
Autoformer,63,60,125.0,114.25599
Autoformer,63,61,125.0,116.618225
Autoformer,63,62,125.0,109.631676
Autoformer,63,63,125.0,112.886856
Autoformer,63,64,125.0,108.709656
Autoformer,63,65,125.0,111.6611
Autoformer,63,66,125.0,109.87711
Autoformer,63,67,125.0,104.34986
Autoformer,63,68,125.0,104.056114
Autoformer,63,69,125.0,102.48568
Autoformer,63,70,125.0,98.95711
Autoformer,63,71,125.0,107.78735
Autoformer,63,72,125.0,107.2107
Autoformer,63,73,125.0,113.48226
Autoformer,63,74,125.0,111.34116
Autoformer,63,75,125.0,112.94489
Autoformer,63,76,125.0,116.420166
Autoformer,63,77,125.0,116.44868
Autoformer,63,78,125.0,113.727234
Autoformer,63,79,125.0,107.59033
Autoformer,63,80,125.0,105.55765
Autoformer,63,81,125.0,105.24338
Autoformer,63,82,125.0,109.0077
Autoformer,63,83,125.0,109.7865
Autoformer,63,84,125.0,109.39899
Autoformer,63,85,125.0,113.65396
Autoformer,63,86,125.0,106.52123
Autoformer,63,87,125.0,103.19941
Autoformer,63,88,125.0,104.25584
Autoformer,63,89,125.0,101.903625
Autoformer,63,90,125.0,106.53546
Autoformer,63,91,125.0,102.283905
Autoformer,63,92,125.0,112.4519
Autoformer,63,93,125.0,106.56142
Autoformer,63,94,125.0,109.14832
Autoformer,63,95,125.0,99.11531
Autoformer,63,96,125.0,97.70697
Autoformer,63,97,125.0,105.34428
Autoformer,63,98,125.0,109.49434
Autoformer,63,99,125.0,106.39831
Autoformer,63,100,125.0,114.29379
Autoformer,63,101,125.0,108.35428
Autoformer,63,102,125.0,113.768616
Autoformer,63,103,124.0,112.82345
Autoformer,63,104,123.0,111.61527
Autoformer,63,105,122.0,116.865326
Autoformer,63,106,121.0,108.35939
Autoformer,63,107,120.0,116.78351
Autoformer,63,108,119.0,109.038925
Autoformer,63,109,118.0,108.622185
Autoformer,63,110,117.0,108.473816
Autoformer,63,111,116.0,112.23109
Autoformer,63,112,115.0,105.551994
Autoformer,63,113,114.0,110.42151
Autoformer,63,114,113.0,112.09246
Autoformer,63,115,112.0,112.18504
Autoformer,63,116,111.0,109.82933
Autoformer,63,117,110.0,94.214676
Autoformer,63,118,109.0,98.56703
Autoformer,63,119,108.0,93.74942
Autoformer,63,120,107.0,99.520096
Autoformer,63,121,106.0,96.578384
Autoformer,63,122,105.0,105.62327
Autoformer,63,123,104.0,106.53331
Autoformer,63,124,103.0,108.60806
Autoformer,63,125,102.0,101.022644
Autoformer,63,126,101.0,96.844696
Autoformer,63,127,100.0,90.75422
Autoformer,63,128,99.0,98.11376
Autoformer,63,129,98.0,93.19347
Autoformer,63,130,97.0,96.12038
Autoformer,63,131,96.0,97.23503
Autoformer,63,132,95.0,99.28445
Autoformer,63,133,94.0,93.79399
Autoformer,63,134,93.0,99.71986
Autoformer,63,135,92.0,91.37322
Autoformer,63,136,91.0,92.63685
Autoformer,63,137,90.0,78.36854
Autoformer,63,138,89.0,84.19691
Autoformer,63,139,88.0,74.96963
Autoformer,63,140,87.0,71.82267
Autoformer,63,141,86.0,76.726395
Autoformer,63,142,85.0,71.08385
Autoformer,63,143,84.0,79.77261
Autoformer,63,144,83.0,74.258286
Autoformer,63,145,82.0,85.64452
Autoformer,63,146,81.0,88.66695
Autoformer,63,147,80.0,91.123116
Autoformer,63,148,79.0,92.25065
Autoformer,63,149,78.0,93.49805
Autoformer,63,150,77.0,94.62462
Autoformer,63,151,76.0,88.07827
Autoformer,63,152,75.0,75.2822
Autoformer,63,153,74.0,74.80329
Autoformer,63,154,73.0,78.92803
Autoformer,63,155,72.0,69.35688
Autoformer,64,30,125.0,116.50529
Autoformer,64,31,125.0,116.22016
Autoformer,64,32,125.0,116.793396
Autoformer,64,33,125.0,117.65869
Autoformer,64,34,125.0,115.79633
Autoformer,64,35,125.0,115.17292
Autoformer,64,36,125.0,116.84589
Autoformer,64,37,125.0,113.68027
Autoformer,64,38,125.0,114.52268
Autoformer,64,39,125.0,114.60343
Autoformer,64,40,125.0,115.19297
Autoformer,64,41,125.0,112.54916
Autoformer,64,42,125.0,111.6806
Autoformer,64,43,125.0,110.055504
Autoformer,64,44,125.0,111.629486
Autoformer,64,45,125.0,115.23791
Autoformer,64,46,125.0,119.25382
Autoformer,64,47,125.0,114.95932
Autoformer,64,48,125.0,113.47717
Autoformer,64,49,125.0,114.98877
Autoformer,64,50,125.0,114.657974
Autoformer,64,51,125.0,112.53343
Autoformer,64,52,125.0,115.48932
Autoformer,64,53,125.0,113.39333
Autoformer,64,54,125.0,113.3338
Autoformer,64,55,125.0,108.37485
Autoformer,64,56,125.0,110.31703
Autoformer,64,57,125.0,110.02951
Autoformer,64,58,125.0,112.39268
Autoformer,64,59,125.0,113.53031
Autoformer,64,60,125.0,111.7646
Autoformer,64,61,125.0,110.62194
Autoformer,64,62,125.0,118.27507
Autoformer,64,63,125.0,112.86064
Autoformer,64,64,125.0,112.93187
Autoformer,64,65,125.0,112.84302
Autoformer,64,66,125.0,108.85468
Autoformer,64,67,125.0,111.0897
Autoformer,64,68,125.0,110.582535
Autoformer,64,69,125.0,110.97271
Autoformer,64,70,125.0,113.31298
Autoformer,64,71,125.0,116.34137
Autoformer,64,72,124.0,119.62024
Autoformer,64,73,123.0,121.297485
Autoformer,64,74,122.0,114.171005
Autoformer,64,75,121.0,113.67249
Autoformer,64,76,120.0,107.465576
Autoformer,64,77,119.0,107.833954
Autoformer,64,78,118.0,107.228096
Autoformer,64,79,117.0,108.547874
Autoformer,64,80,116.0,114.37818
Autoformer,64,81,115.0,111.70314
Autoformer,64,82,114.0,114.498795
Autoformer,64,83,113.0,112.900505
Autoformer,64,84,112.0,109.681595
Autoformer,64,85,111.0,111.83209
Autoformer,64,86,110.0,108.2058
Autoformer,64,87,109.0,109.86687
Autoformer,64,88,108.0,106.54652
Autoformer,64,89,107.0,107.971176
Autoformer,64,90,106.0,107.765076
Autoformer,64,91,105.0,106.45935
Autoformer,64,92,104.0,103.4118
Autoformer,64,93,103.0,104.11984
Autoformer,64,94,102.0,98.269875
Autoformer,64,95,101.0,105.69015
Autoformer,64,96,100.0,104.53106
Autoformer,64,97,99.0,106.606995
Autoformer,64,98,98.0,97.81088
Autoformer,64,99,97.0,101.061844
Autoformer,64,100,96.0,104.734825
Autoformer,64,101,95.0,104.246185
Autoformer,64,102,94.0,110.663124
Autoformer,64,103,93.0,109.70679
Autoformer,64,104,92.0,107.78683
Autoformer,64,105,91.0,103.21405
Autoformer,64,106,90.0,108.77707
Autoformer,64,107,89.0,106.33572
Autoformer,64,108,88.0,104.937996
Autoformer,64,109,87.0,104.985855
Autoformer,64,110,86.0,106.27186
Autoformer,64,111,85.0,102.32762
Autoformer,64,112,84.0,107.490135
Autoformer,64,113,83.0,116.19372
Autoformer,64,114,82.0,116.24775
Autoformer,64,115,81.0,107.73708
Autoformer,64,116,80.0,105.40105
Autoformer,64,117,79.0,106.65764
Autoformer,64,118,78.0,110.57591
Autoformer,64,119,77.0,106.50263
Autoformer,64,120,76.0,111.68387
Autoformer,64,121,75.0,100.30442
Autoformer,64,122,74.0,92.334785
Autoformer,64,123,73.0,91.30258
Autoformer,64,124,72.0,98.27518
Autoformer,64,125,71.0,92.288994
Autoformer,64,126,70.0,96.285965
Autoformer,64,127,69.0,94.37691
Autoformer,64,128,68.0,88.46682
Autoformer,64,129,67.0,88.20535
Autoformer,64,130,66.0,89.31065
Autoformer,64,131,65.0,90.46771
Autoformer,64,132,64.0,90.826096
Autoformer,64,133,63.0,91.40804
Autoformer,64,134,62.0,86.27184
Autoformer,64,135,61.0,87.13401
Autoformer,64,136,60.0,94.53638
Autoformer,64,137,59.0,98.598564
Autoformer,64,138,58.0,96.20552
Autoformer,64,139,57.0,102.07708
Autoformer,64,140,56.0,91.21613
Autoformer,64,141,55.0,90.94217
Autoformer,64,142,54.0,80.218025
Autoformer,64,143,53.0,83.870544
Autoformer,64,144,52.0,74.90212
Autoformer,64,145,51.0,76.37684
Autoformer,64,146,50.0,82.56194
Autoformer,64,147,49.0,85.00305
Autoformer,64,148,48.0,88.55739
Autoformer,64,149,47.0,81.63564
Autoformer,64,150,46.0,71.6145
Autoformer,64,151,45.0,71.664665
Autoformer,64,152,44.0,66.22852
Autoformer,64,153,43.0,64.16979
Autoformer,64,154,42.0,58.3804
Autoformer,64,155,41.0,70.68072
Autoformer,64,156,40.0,72.03907
Autoformer,64,157,39.0,56.143913
Autoformer,64,158,38.0,53.373817
Autoformer,64,159,37.0,50.370434
Autoformer,64,160,36.0,50.877033
Autoformer,64,161,35.0,45.647026
Autoformer,64,162,34.0,40.344967
Autoformer,64,163,33.0,41.141117
Autoformer,64,164,32.0,33.243637
Autoformer,64,165,31.0,33.22871
Autoformer,64,166,30.0,30.506718
Autoformer,64,167,29.0,28.005465
Autoformer,64,168,28.0,33.170162
Autoformer,65,30,125.0,116.0462
Autoformer,65,31,125.0,117.29488
Autoformer,65,32,125.0,117.9746
Autoformer,65,33,125.0,115.637955
Autoformer,65,34,125.0,118.1064
Autoformer,65,35,125.0,116.23433
Autoformer,65,36,125.0,114.44857
Autoformer,65,37,125.0,113.099594
Autoformer,65,38,125.0,112.395294
Autoformer,65,39,125.0,112.64416
Autoformer,65,40,125.0,115.945915
Autoformer,65,41,125.0,114.43323
Autoformer,65,42,125.0,121.46071
Autoformer,65,43,125.0,114.49756
Autoformer,65,44,125.0,119.43463
Autoformer,65,45,125.0,119.97474
Autoformer,65,46,125.0,115.25334
Autoformer,65,47,125.0,118.53839
Autoformer,65,48,125.0,117.86652
Autoformer,65,49,125.0,116.95605
Autoformer,65,50,125.0,117.22564
Autoformer,65,51,125.0,112.67759
Autoformer,65,52,125.0,114.408905
Autoformer,65,53,125.0,113.490204
Autoformer,65,54,125.0,112.91153
Autoformer,65,55,125.0,117.752335
Autoformer,65,56,125.0,116.013016
Autoformer,65,57,125.0,116.02044
Autoformer,65,58,125.0,109.50064
Autoformer,65,59,125.0,114.54322
Autoformer,65,60,125.0,116.03185
Autoformer,65,61,125.0,116.2242
Autoformer,65,62,125.0,115.32545
Autoformer,65,63,125.0,120.1691
Autoformer,65,64,125.0,114.282196
Autoformer,65,65,125.0,117.06117
Autoformer,65,66,125.0,117.37365
Autoformer,65,67,125.0,116.723625
Autoformer,65,68,125.0,116.89448
Autoformer,65,69,125.0,114.32945
Autoformer,65,70,125.0,114.77618
Autoformer,65,71,125.0,117.12238
Autoformer,66,30,125.0,97.20782
Autoformer,66,31,125.0,96.429955
Autoformer,66,32,125.0,90.91498
Autoformer,66,33,125.0,98.06787
Autoformer,66,34,125.0,106.947014
Autoformer,66,35,125.0,108.66372
Autoformer,66,36,125.0,101.273476
Autoformer,66,37,124.0,98.21458
Autoformer,66,38,123.0,90.1496
Autoformer,66,39,122.0,100.683105
Autoformer,66,40,121.0,94.82163
Autoformer,66,41,120.0,100.66011
Autoformer,66,42,119.0,99.46425
Autoformer,66,43,118.0,102.26585
Autoformer,66,44,117.0,97.323326
Autoformer,66,45,116.0,98.51053
Autoformer,66,46,115.0,96.77229
Autoformer,66,47,114.0,96.751
Autoformer,66,48,113.0,101.42727
Autoformer,66,49,112.0,99.92084
Autoformer,66,50,111.0,98.595985
Autoformer,66,51,110.0,101.080894
Autoformer,66,52,109.0,96.94031
Autoformer,66,53,108.0,93.83611
Autoformer,66,54,107.0,95.16774
Autoformer,66,55,106.0,94.671814
Autoformer,66,56,105.0,100.61298
Autoformer,66,57,104.0,97.28954
Autoformer,66,58,103.0,104.12497
Autoformer,66,59,102.0,98.596
Autoformer,66,60,101.0,96.42036
Autoformer,66,61,100.0,95.80469
Autoformer,66,62,99.0,94.37014
Autoformer,66,63,98.0,93.4673
Autoformer,66,64,97.0,91.485
Autoformer,66,65,96.0,91.62135
Autoformer,66,66,95.0,94.92881
Autoformer,66,67,94.0,93.617424
Autoformer,66,68,93.0,94.19772
Autoformer,66,69,92.0,85.114876
Autoformer,66,70,91.0,88.34265
Autoformer,66,71,90.0,81.503365
Autoformer,66,72,89.0,84.19884
Autoformer,66,73,88.0,87.3786
Autoformer,66,74,87.0,81.2198
Autoformer,66,75,86.0,78.94799
Autoformer,66,76,85.0,85.78825
Autoformer,66,77,84.0,85.0756
Autoformer,66,78,83.0,89.605286
Autoformer,66,79,82.0,89.85303
Autoformer,66,80,81.0,83.08999
Autoformer,66,81,80.0,81.65456
Autoformer,66,82,79.0,78.43077
Autoformer,66,83,78.0,79.683075
Autoformer,66,84,77.0,79.75053
Autoformer,66,85,76.0,77.24797
Autoformer,66,86,75.0,74.13547
Autoformer,66,87,74.0,69.303116
Autoformer,66,88,73.0,73.96403
Autoformer,66,89,72.0,70.180115
Autoformer,66,90,71.0,73.65311
Autoformer,66,91,70.0,70.65844
Autoformer,66,92,69.0,70.36274
Autoformer,66,93,68.0,68.6535
Autoformer,66,94,67.0,67.223656
Autoformer,66,95,66.0,66.6321
Autoformer,66,96,65.0,67.5366
Autoformer,66,97,64.0,68.3496
Autoformer,66,98,63.0,70.35124
Autoformer,66,99,62.0,64.84396
Autoformer,66,100,61.0,69.40828
Autoformer,66,101,60.0,66.02291
Autoformer,66,102,59.0,64.58315
Autoformer,66,103,58.0,68.13606
Autoformer,66,104,57.0,66.37066
Autoformer,66,105,56.0,63.254017
Autoformer,66,106,55.0,55.299847
Autoformer,66,107,54.0,62.794674
Autoformer,66,108,53.0,60.744274
Autoformer,66,109,52.0,63.313137
Autoformer,66,110,51.0,58.535915
Autoformer,66,111,50.0,61.56881
Autoformer,66,112,49.0,57.978264
Autoformer,66,113,48.0,55.672283
Autoformer,66,114,47.0,51.02074
Autoformer,66,115,46.0,46.49367
Autoformer,66,116,45.0,45.657757
Autoformer,66,117,44.0,43.949993
Autoformer,66,118,43.0,37.44868
Autoformer,66,119,42.0,36.883953
Autoformer,66,120,41.0,38.438004
Autoformer,66,121,40.0,37.32771
Autoformer,66,122,39.0,32.689182
Autoformer,66,123,38.0,35.73263
Autoformer,66,124,37.0,35.87301
Autoformer,66,125,36.0,37.618637
Autoformer,66,126,35.0,37.22193
Autoformer,66,127,34.0,34.235203
Autoformer,66,128,33.0,35.059765
Autoformer,66,129,32.0,28.28595
Autoformer,66,130,31.0,32.415314
Autoformer,66,131,30.0,31.746357
Autoformer,66,132,29.0,31.713846
Autoformer,66,133,28.0,32.708294
Autoformer,66,134,27.0,29.382162
Autoformer,66,135,26.0,28.777832
Autoformer,66,136,25.0,25.58366
Autoformer,66,137,24.0,23.10955
Autoformer,66,138,23.0,25.123472
Autoformer,66,139,22.0,23.213089
Autoformer,66,140,21.0,23.155018
Autoformer,66,141,20.0,23.995167
Autoformer,66,142,19.0,22.485405
Autoformer,66,143,18.0,20.354109
Autoformer,66,144,17.0,16.767212
Autoformer,66,145,16.0,17.607513
Autoformer,66,146,15.0,16.731617
Autoformer,66,147,14.0,14.973856
Autoformer,67,30,118.0,109.20161
Autoformer,67,31,117.0,104.46421
Autoformer,67,32,116.0,108.98044
Autoformer,67,33,115.0,111.208916
Autoformer,67,34,114.0,114.9727
Autoformer,67,35,113.0,117.943924
Autoformer,67,36,112.0,117.319954
Autoformer,67,37,111.0,113.661995
Autoformer,67,38,110.0,108.38764
Autoformer,67,39,109.0,112.67967
Autoformer,67,40,108.0,112.21856
Autoformer,67,41,107.0,112.44862
Autoformer,67,42,106.0,113.773964
Autoformer,67,43,105.0,113.12533
Autoformer,67,44,104.0,113.261856
Autoformer,67,45,103.0,111.57397
Autoformer,67,46,102.0,111.11821
Autoformer,67,47,101.0,109.533585
Autoformer,67,48,100.0,109.792915
Autoformer,67,49,99.0,111.44805
Autoformer,67,50,98.0,113.497
Autoformer,67,51,97.0,113.90763
Autoformer,67,52,96.0,114.49305
Autoformer,67,53,95.0,118.21667
Autoformer,67,54,94.0,119.60396
Autoformer,67,55,93.0,119.01041
Autoformer,67,56,92.0,117.34629
Autoformer,67,57,91.0,113.08832
Autoformer,67,58,90.0,114.35921
Autoformer,67,59,89.0,108.865746
Autoformer,67,60,88.0,106.59212
Autoformer,67,61,87.0,107.029816
Autoformer,67,62,86.0,109.45999
Autoformer,67,63,85.0,113.331154
Autoformer,67,64,84.0,116.35757
Autoformer,67,65,83.0,119.96556
Autoformer,67,66,82.0,118.989
Autoformer,67,67,81.0,119.09759
Autoformer,67,68,80.0,116.122795
Autoformer,67,69,79.0,116.837555
Autoformer,67,70,78.0,113.719055
Autoformer,67,71,77.0,115.409836
Autoformer,68,30,125.0,117.958084
Autoformer,68,31,125.0,118.59405
Autoformer,68,32,125.0,121.98747
Autoformer,68,33,125.0,118.64231
Autoformer,68,34,125.0,120.031815
Autoformer,68,35,125.0,114.426094
Autoformer,68,36,125.0,115.628944
Autoformer,68,37,125.0,114.033676
Autoformer,68,38,125.0,117.23666
Autoformer,68,39,125.0,117.6405
Autoformer,68,40,125.0,118.98379
Autoformer,68,41,125.0,119.166176
Autoformer,68,42,125.0,120.19096
Autoformer,68,43,125.0,120.792015
Autoformer,68,44,125.0,117.48911
Autoformer,68,45,125.0,118.26769
Autoformer,68,46,125.0,113.31881
Autoformer,68,47,125.0,117.53977
Autoformer,68,48,125.0,115.57206
Autoformer,68,49,125.0,121.332146
Autoformer,68,50,125.0,121.32793
Autoformer,68,51,125.0,120.853134
Autoformer,68,52,125.0,120.232605
Autoformer,68,53,125.0,119.73997
Autoformer,68,54,125.0,117.07158
Autoformer,68,55,125.0,119.2412
Autoformer,68,56,125.0,119.76102
Autoformer,68,57,125.0,121.206566
Autoformer,68,58,125.0,118.4225
Autoformer,68,59,125.0,112.30932
Autoformer,68,60,125.0,110.043304
Autoformer,68,61,125.0,114.74217
Autoformer,68,62,125.0,112.15117
Autoformer,68,63,125.0,112.9824
Autoformer,68,64,125.0,109.703354
Autoformer,68,65,125.0,112.65163
Autoformer,68,66,125.0,113.05389
Autoformer,68,67,125.0,112.605095
Autoformer,68,68,125.0,118.33366
Autoformer,68,69,125.0,116.07377
Autoformer,68,70,125.0,116.38389
Autoformer,68,71,124.0,114.218636
Autoformer,68,72,123.0,116.756836
Autoformer,68,73,122.0,113.92141
Autoformer,68,74,121.0,116.937065
Autoformer,68,75,120.0,116.37402
Autoformer,68,76,119.0,118.23777
Autoformer,68,77,118.0,117.426254
Autoformer,68,78,117.0,118.11557
Autoformer,68,79,116.0,117.17983
Autoformer,68,80,115.0,113.68925
Autoformer,68,81,114.0,114.805244
Autoformer,68,82,113.0,113.503586
Autoformer,68,83,112.0,119.07335
Autoformer,68,84,111.0,115.42453
Autoformer,68,85,110.0,114.000465
Autoformer,68,86,109.0,115.08124
Autoformer,68,87,108.0,116.01058
Autoformer,68,88,107.0,114.656586
Autoformer,68,89,106.0,112.58819
Autoformer,68,90,105.0,106.94547
Autoformer,68,91,104.0,105.32718
Autoformer,68,92,103.0,110.6711
Autoformer,68,93,102.0,117.58184
Autoformer,68,94,101.0,113.45815
Autoformer,68,95,100.0,112.87433
Autoformer,68,96,99.0,117.57932
Autoformer,68,97,98.0,114.644936
Autoformer,68,98,97.0,116.655045
Autoformer,68,99,96.0,112.49618
Autoformer,68,100,95.0,110.74075
Autoformer,68,101,94.0,104.39246
Autoformer,68,102,93.0,105.426994
Autoformer,68,103,92.0,107.22942
Autoformer,68,104,91.0,112.38171
Autoformer,68,105,90.0,113.70838
Autoformer,68,106,89.0,111.77637
Autoformer,68,107,88.0,111.84716
Autoformer,68,108,87.0,105.99334
Autoformer,68,109,86.0,107.276726
Autoformer,68,110,85.0,102.42177
Autoformer,68,111,84.0,104.29111
Autoformer,68,112,83.0,101.74267
Autoformer,68,113,82.0,97.1992
Autoformer,68,114,81.0,92.39356
Autoformer,68,115,80.0,91.97853
Autoformer,68,116,79.0,96.18012
Autoformer,68,117,78.0,99.61229
Autoformer,68,118,77.0,102.262505
Autoformer,68,119,76.0,89.14524
Autoformer,68,120,75.0,94.24391
Autoformer,68,121,74.0,88.28444
Autoformer,68,122,73.0,88.72501
Autoformer,68,123,72.0,93.15739
Autoformer,68,124,71.0,87.47595
Autoformer,68,125,70.0,90.16324
Autoformer,68,126,69.0,87.376076
Autoformer,68,127,68.0,97.54344
Autoformer,68,128,67.0,96.926994
Autoformer,68,129,66.0,91.59256
Autoformer,68,130,65.0,90.65161
Autoformer,68,131,64.0,89.602554
Autoformer,68,132,63.0,86.57396
Autoformer,68,133,62.0,82.36455
Autoformer,68,134,61.0,87.58425
Autoformer,68,135,60.0,88.358284
Autoformer,68,136,59.0,83.985664
Autoformer,68,137,58.0,78.36116
Autoformer,68,138,57.0,76.33055
Autoformer,68,139,56.0,82.29816
Autoformer,68,140,55.0,78.62982
Autoformer,68,141,54.0,72.981926
Autoformer,68,142,53.0,76.45767
Autoformer,68,143,52.0,79.579926
Autoformer,68,144,51.0,80.62733
Autoformer,68,145,50.0,73.71251
Autoformer,68,146,49.0,72.4152
Autoformer,68,147,48.0,67.04868
Autoformer,68,148,47.0,65.6675
Autoformer,68,149,46.0,63.033077
Autoformer,68,150,45.0,67.01404
Autoformer,68,151,44.0,67.89553
Autoformer,68,152,43.0,69.09127
Autoformer,68,153,42.0,59.032875
Autoformer,68,154,41.0,60.497536
Autoformer,68,155,40.0,57.92638
Autoformer,68,156,39.0,51.327858
Autoformer,68,157,38.0,52.29335
Autoformer,68,158,37.0,52.18995
Autoformer,68,159,36.0,55.37152
Autoformer,68,160,35.0,53.979015
Autoformer,68,161,34.0,47.410942
Autoformer,68,162,33.0,46.354706
Autoformer,68,163,32.0,45.56882
Autoformer,68,164,31.0,39.957428
Autoformer,68,165,30.0,43.225323
Autoformer,68,166,29.0,39.64046
Autoformer,68,167,28.0,37.515644
Autoformer,68,168,27.0,36.071262
Autoformer,68,169,26.0,34.64861
Autoformer,68,170,25.0,34.57918
Autoformer,68,171,24.0,30.858135
Autoformer,68,172,23.0,31.531004
Autoformer,68,173,22.0,23.12618
Autoformer,68,174,21.0,14.736382
Autoformer,68,175,20.0,16.167517
Autoformer,68,176,19.0,24.124453
Autoformer,68,177,18.0,19.11582
Autoformer,68,178,17.0,22.078506
Autoformer,68,179,16.0,18.879606
Autoformer,68,180,15.0,13.310486
Autoformer,68,181,14.0,16.830189
Autoformer,68,182,13.0,13.850756
Autoformer,68,183,12.0,12.630924
Autoformer,68,184,11.0,9.960091
Autoformer,68,185,10.0,10.506279
Autoformer,68,186,9.0,8.378006
Autoformer,68,187,8.0,9.982224
Autoformer,69,30,125.0,118.17989
Autoformer,69,31,125.0,120.65696
Autoformer,69,32,125.0,125.61441
Autoformer,69,33,125.0,118.61848
Autoformer,69,34,125.0,120.155846
Autoformer,69,35,125.0,117.46965
Autoformer,69,36,125.0,123.181114
Autoformer,69,37,125.0,119.73464
Autoformer,69,38,125.0,122.597626
Autoformer,69,39,125.0,114.52865
Autoformer,69,40,125.0,114.674965
Autoformer,69,41,125.0,118.47038
Autoformer,69,42,125.0,116.53999
Autoformer,69,43,125.0,120.41581
Autoformer,69,44,125.0,122.42175
Autoformer,69,45,125.0,115.725334
Autoformer,69,46,125.0,119.32749
Autoformer,69,47,125.0,116.72374
Autoformer,69,48,125.0,115.7553
Autoformer,69,49,125.0,119.7822
Autoformer,69,50,125.0,120.75425
Autoformer,69,51,124.0,120.02573
Autoformer,69,52,123.0,115.764565
Autoformer,69,53,122.0,118.5185
Autoformer,69,54,121.0,114.37536
Autoformer,70,30,125.0,115.63847
Autoformer,70,31,125.0,119.88683
Autoformer,70,32,125.0,119.95842
Autoformer,70,33,125.0,120.3565
Autoformer,70,34,125.0,121.742226
Autoformer,70,35,125.0,117.87842
Autoformer,70,36,125.0,121.053856
Autoformer,70,37,125.0,120.78024
Autoformer,70,38,125.0,122.34002
Autoformer,70,39,125.0,121.45658
Autoformer,70,40,125.0,118.69095
Autoformer,70,41,125.0,119.58093
Autoformer,70,42,125.0,123.37331
Autoformer,70,43,125.0,121.76363
Autoformer,70,44,125.0,122.10414
Autoformer,70,45,125.0,120.89717
Autoformer,70,46,125.0,120.3932
Autoformer,70,47,125.0,123.22178
Autoformer,70,48,125.0,119.3234
Autoformer,70,49,125.0,120.64805
Autoformer,70,50,125.0,118.31056
Autoformer,70,51,125.0,118.97563
Autoformer,70,52,125.0,121.74619
Autoformer,70,53,125.0,122.60063
Autoformer,70,54,125.0,122.56234
Autoformer,70,55,125.0,120.688126
Autoformer,70,56,125.0,119.0759
Autoformer,70,57,125.0,117.73801
Autoformer,70,58,125.0,119.364975
Autoformer,70,59,125.0,120.428246
Autoformer,70,60,125.0,118.04245
Autoformer,70,61,125.0,121.389725
Autoformer,70,62,125.0,110.99818
Autoformer,70,63,125.0,110.677666
Autoformer,70,64,125.0,112.52287
Autoformer,70,65,125.0,115.043816
Autoformer,70,66,125.0,118.64907
Autoformer,70,67,125.0,117.64191
Autoformer,70,68,125.0,115.58312
Autoformer,70,69,125.0,120.30295
Autoformer,70,70,125.0,120.83996
Autoformer,70,71,125.0,118.32719
Autoformer,70,72,125.0,118.55576
Autoformer,70,73,125.0,115.820404
Autoformer,70,74,125.0,112.02112
Autoformer,70,75,125.0,112.25323
Autoformer,70,76,125.0,114.078606
Autoformer,70,77,125.0,121.59817
Autoformer,70,78,125.0,120.299934
Autoformer,70,79,125.0,118.40444
Autoformer,70,80,125.0,121.26829
Autoformer,70,81,125.0,121.80332
Autoformer,70,82,125.0,114.69214
Autoformer,70,83,125.0,119.53938
Autoformer,70,84,125.0,117.91101
Autoformer,70,85,125.0,116.54612
Autoformer,70,86,125.0,113.796715
Autoformer,70,87,125.0,117.75527
Autoformer,70,88,125.0,116.11206
Autoformer,70,89,125.0,116.57032
Autoformer,70,90,125.0,115.67912
Autoformer,70,91,125.0,114.21268
Autoformer,70,92,125.0,117.53611
Autoformer,70,93,125.0,114.76017
Autoformer,70,94,125.0,115.44971
Autoformer,70,95,125.0,115.56485
Autoformer,70,96,125.0,112.00873
Autoformer,70,97,125.0,110.32482
Autoformer,70,98,125.0,116.51007
Autoformer,70,99,125.0,112.9931
Autoformer,70,100,125.0,112.16495
Autoformer,70,101,125.0,112.18068
Autoformer,70,102,125.0,111.993935
Autoformer,70,103,125.0,116.23154
Autoformer,70,104,125.0,115.39307
Autoformer,70,105,125.0,115.68805
Autoformer,70,106,125.0,115.34535
Autoformer,70,107,125.0,112.51312
Autoformer,70,108,125.0,115.355194
Autoformer,70,109,125.0,112.30125
Autoformer,70,110,125.0,110.20438
Autoformer,70,111,125.0,111.57413
Autoformer,70,112,125.0,118.40437
Autoformer,70,113,125.0,114.063286
Autoformer,70,114,125.0,110.30023
Autoformer,70,115,125.0,105.73248
Autoformer,70,116,125.0,107.58033
Autoformer,70,117,125.0,110.361755
Autoformer,70,118,125.0,111.11193
Autoformer,70,119,125.0,105.76555
Autoformer,70,120,125.0,110.92984
Autoformer,70,121,125.0,108.247
Autoformer,70,122,124.0,110.17768
Autoformer,70,123,123.0,108.47888
Autoformer,70,124,122.0,108.13507
Autoformer,70,125,121.0,105.773476
Autoformer,70,126,120.0,108.288956
Autoformer,70,127,119.0,109.563705
Autoformer,70,128,118.0,106.69916
Autoformer,70,129,117.0,112.68227
Autoformer,70,130,116.0,110.392075
Autoformer,70,131,115.0,105.53379
Autoformer,70,132,114.0,112.18902
Autoformer,70,133,113.0,110.603874
Autoformer,70,134,112.0,107.66594
Autoformer,70,135,111.0,108.302376
Autoformer,70,136,110.0,106.50751
Autoformer,70,137,109.0,109.20706
Autoformer,70,138,108.0,103.83711
Autoformer,70,139,107.0,100.48057
Autoformer,70,140,106.0,95.69716
Autoformer,70,141,105.0,95.94692
Autoformer,70,142,104.0,89.206764
Autoformer,70,143,103.0,91.14333
Autoformer,70,144,102.0,93.016495
Autoformer,70,145,101.0,100.26502
Autoformer,70,146,100.0,99.74978
Autoformer,70,147,99.0,97.91341
Autoformer,70,148,98.0,102.86958
Autoformer,70,149,97.0,108.42562
Autoformer,70,150,96.0,96.76546
Autoformer,70,151,95.0,92.56005
Autoformer,70,152,94.0,91.31717
Autoformer,71,30,125.0,112.153114
Autoformer,71,31,125.0,110.27483
Autoformer,71,32,125.0,111.58761
Autoformer,71,33,125.0,114.855865
Autoformer,71,34,125.0,110.65467
Autoformer,71,35,125.0,112.710686
Autoformer,71,36,125.0,114.61062
Autoformer,71,37,125.0,110.750046
Autoformer,71,38,125.0,111.42741
Autoformer,71,39,125.0,110.07835
Autoformer,71,40,125.0,111.80709
Autoformer,71,41,125.0,112.47107
Autoformer,71,42,125.0,113.10296
Autoformer,71,43,125.0,112.023346
Autoformer,71,44,125.0,107.60627
Autoformer,71,45,125.0,110.340485
Autoformer,71,46,125.0,112.574356
Autoformer,71,47,125.0,111.99159
Autoformer,71,48,125.0,109.559
Autoformer,71,49,125.0,105.80292
Autoformer,71,50,125.0,101.83885
Autoformer,71,51,125.0,105.92934
Autoformer,71,52,125.0,104.90463
Autoformer,71,53,125.0,107.94357
Autoformer,71,54,125.0,111.63091
Autoformer,71,55,125.0,107.66316
Autoformer,71,56,125.0,105.62416
Autoformer,71,57,125.0,109.035225
Autoformer,71,58,125.0,108.83243
Autoformer,71,59,125.0,110.805176
Autoformer,71,60,125.0,105.37974
Autoformer,71,61,125.0,111.25163
Autoformer,71,62,124.0,104.07634
Autoformer,71,63,123.0,109.46487
Autoformer,71,64,122.0,102.729454
Autoformer,71,65,121.0,110.82892
Autoformer,71,66,120.0,113.586334
Autoformer,71,67,119.0,110.64903
Autoformer,71,68,118.0,111.69588
Autoformer,72,30,125.0,113.24448
Autoformer,72,31,125.0,112.18264
Autoformer,72,32,125.0,113.81174
Autoformer,72,33,125.0,114.4285
Autoformer,72,34,125.0,113.5674
Autoformer,72,35,125.0,113.188416
Autoformer,72,36,125.0,111.98832
Autoformer,72,37,125.0,112.2137
Autoformer,72,38,125.0,114.60775
Autoformer,72,39,125.0,113.63691
Autoformer,72,40,125.0,113.36587
Autoformer,72,41,125.0,112.311424
Autoformer,72,42,125.0,114.16108
Autoformer,72,43,125.0,115.11999
Autoformer,72,44,125.0,115.5143
Autoformer,72,45,125.0,115.95686
Autoformer,72,46,125.0,115.205696
Autoformer,72,47,125.0,116.076744
Autoformer,72,48,125.0,113.40985
Autoformer,72,49,125.0,113.63696
Autoformer,72,50,125.0,113.55826
Autoformer,72,51,125.0,114.20124
Autoformer,72,52,125.0,108.41652
Autoformer,72,53,125.0,109.76022
Autoformer,72,54,125.0,102.70082
Autoformer,72,55,125.0,105.541016
Autoformer,72,56,125.0,107.191
Autoformer,72,57,124.0,108.65289
Autoformer,72,58,123.0,112.475
Autoformer,72,59,122.0,111.58345
Autoformer,72,60,121.0,113.76704
Autoformer,72,61,120.0,114.58984
Autoformer,72,62,119.0,112.51361
Autoformer,72,63,118.0,110.55176
Autoformer,72,64,117.0,115.16563
Autoformer,72,65,116.0,112.79475
Autoformer,72,66,115.0,110.58315
Autoformer,72,67,114.0,111.49058
Autoformer,72,68,113.0,110.793495
Autoformer,72,69,112.0,113.99421
Autoformer,72,70,111.0,113.5246
Autoformer,72,71,110.0,112.51868
Autoformer,72,72,109.0,113.23889
Autoformer,72,73,108.0,114.46312
Autoformer,72,74,107.0,112.812515
Autoformer,72,75,106.0,115.93492
Autoformer,72,76,105.0,113.62546
Autoformer,72,77,104.0,111.71074
Autoformer,72,78,103.0,114.4249
Autoformer,72,79,102.0,111.7849
Autoformer,72,80,101.0,114.38744
Autoformer,72,81,100.0,112.054924
Autoformer,72,82,99.0,114.953545
Autoformer,72,83,98.0,113.11118
Autoformer,72,84,97.0,111.05383
Autoformer,72,85,96.0,111.03963
Autoformer,72,86,95.0,108.41053
Autoformer,72,87,94.0,107.70705
Autoformer,72,88,93.0,111.09464
Autoformer,72,89,92.0,108.307724
Autoformer,72,90,91.0,107.86294
Autoformer,72,91,90.0,103.92913
Autoformer,72,92,89.0,101.67758
Autoformer,72,93,88.0,98.37636
Autoformer,72,94,87.0,103.23642
Autoformer,72,95,86.0,109.368866
Autoformer,72,96,85.0,109.47151
Autoformer,72,97,84.0,108.871925
Autoformer,72,98,83.0,104.76457
Autoformer,72,99,82.0,106.251724
Autoformer,72,100,81.0,102.88399
Autoformer,72,101,80.0,109.70318
Autoformer,72,102,79.0,104.139626
Autoformer,72,103,78.0,104.316475
Autoformer,72,104,77.0,101.311165
Autoformer,72,105,76.0,102.17179
Autoformer,72,106,75.0,99.57303
Autoformer,72,107,74.0,95.13567
Autoformer,72,108,73.0,99.124886
Autoformer,72,109,72.0,104.11115
Autoformer,72,110,71.0,108.35301
Autoformer,72,111,70.0,105.4699
Autoformer,72,112,69.0,101.58666
Autoformer,72,113,68.0,99.40715
Autoformer,72,114,67.0,93.7209
Autoformer,72,115,66.0,96.35227
Autoformer,72,116,65.0,95.137794
Autoformer,72,117,64.0,92.182556
Autoformer,72,118,63.0,93.51632
Autoformer,72,119,62.0,90.31028
Autoformer,72,120,61.0,92.590355
Autoformer,72,121,60.0,89.775696
Autoformer,72,122,59.0,86.15746
Autoformer,72,123,58.0,89.33852
Autoformer,72,124,57.0,86.36448
Autoformer,72,125,56.0,84.271484
Autoformer,72,126,55.0,88.97169
Autoformer,72,127,54.0,88.126854
Autoformer,72,128,53.0,92.66885
Autoformer,72,129,52.0,91.3288
Autoformer,72,130,51.0,92.55236
Autoformer,72,131,50.0,86.22275
Autoformer,73,30,125.0,122.39794
Autoformer,73,31,125.0,121.25881
Autoformer,73,32,125.0,121.94458
Autoformer,73,33,125.0,122.164986
Autoformer,73,34,125.0,121.70854
Autoformer,73,35,125.0,122.75565
Autoformer,73,36,125.0,121.70454
Autoformer,73,37,125.0,124.61683
Autoformer,73,38,125.0,124.30452
Autoformer,73,39,125.0,122.134674
Autoformer,73,40,125.0,121.887726
Autoformer,73,41,125.0,121.6551
Autoformer,73,42,125.0,122.46739
Autoformer,73,43,125.0,121.59816
Autoformer,73,44,125.0,122.312614
Autoformer,73,45,125.0,122.700035
Autoformer,73,46,125.0,122.00746
Autoformer,73,47,125.0,122.75587
Autoformer,73,48,125.0,127.27965
Autoformer,73,49,125.0,126.68445
Autoformer,73,50,125.0,127.1971
Autoformer,73,51,125.0,123.55868
Autoformer,73,52,125.0,121.93694
Autoformer,73,53,125.0,123.15158
Autoformer,73,54,125.0,122.13547
Autoformer,73,55,125.0,121.213715
Autoformer,73,56,125.0,118.568054
Autoformer,73,57,125.0,121.87712
Autoformer,73,58,125.0,120.39551
Autoformer,73,59,125.0,121.53173
Autoformer,73,60,125.0,124.9076
Autoformer,73,61,125.0,125.15191
Autoformer,73,62,125.0,123.37023
Autoformer,73,63,125.0,124.57894
Autoformer,73,64,125.0,121.187126
Autoformer,73,65,125.0,118.176
Autoformer,73,66,125.0,117.87891
Autoformer,73,67,125.0,122.32003
Autoformer,73,68,125.0,123.0334
Autoformer,73,69,125.0,122.34268
Autoformer,73,70,125.0,122.42254
Autoformer,73,71,125.0,124.60595
Autoformer,73,72,125.0,125.75158
Autoformer,73,73,125.0,123.9725
Autoformer,73,74,125.0,121.71347
Autoformer,73,75,125.0,121.755295
Autoformer,73,76,125.0,123.12055
Autoformer,73,77,125.0,120.54079
Autoformer,73,78,125.0,123.00891
Autoformer,73,79,125.0,120.76871
Autoformer,73,80,125.0,121.407104
Autoformer,73,81,125.0,121.01732
Autoformer,73,82,125.0,118.44781
Autoformer,73,83,125.0,120.25596
Autoformer,73,84,125.0,119.57506
Autoformer,73,85,125.0,120.54258
Autoformer,73,86,125.0,125.01978
Autoformer,73,87,125.0,125.33262
Autoformer,73,88,125.0,124.166
Autoformer,73,89,125.0,121.43305
Autoformer,73,90,125.0,120.10969
Autoformer,73,91,125.0,122.1514
Autoformer,73,92,125.0,122.666084
Autoformer,73,93,125.0,119.17306
Autoformer,73,94,125.0,119.870926
Autoformer,73,95,125.0,117.872925
Autoformer,73,96,125.0,115.695724
Autoformer,73,97,125.0,117.77857
Autoformer,73,98,125.0,117.46727
Autoformer,73,99,125.0,119.172516
Autoformer,73,100,125.0,117.34749
Autoformer,73,101,125.0,118.066025
Autoformer,73,102,125.0,119.206314
Autoformer,73,103,125.0,115.9931
Autoformer,73,104,125.0,118.35349
Autoformer,73,105,125.0,120.547935
Autoformer,73,106,125.0,118.17106
Autoformer,73,107,125.0,121.707
Autoformer,73,108,125.0,118.40545
Autoformer,73,109,125.0,116.144196
Autoformer,73,110,125.0,113.48543
Autoformer,73,111,125.0,115.02601
Autoformer,73,112,125.0,115.44522
Autoformer,74,30,125.0,110.70524
Autoformer,74,31,125.0,102.0733
Autoformer,74,32,125.0,107.48036
Autoformer,74,33,125.0,105.55228
Autoformer,74,34,125.0,106.24295
Autoformer,74,35,125.0,107.651146
Autoformer,74,36,125.0,106.757545
Autoformer,74,37,125.0,105.9187
Autoformer,74,38,125.0,108.78741
Autoformer,74,39,125.0,100.5685
Autoformer,74,40,125.0,104.27086
Autoformer,74,41,125.0,104.62014
Autoformer,74,42,125.0,108.17302
Autoformer,74,43,125.0,110.06767
Autoformer,74,44,125.0,113.742195
Autoformer,74,45,125.0,110.00752
Autoformer,74,46,125.0,109.5563
Autoformer,74,47,125.0,106.68875
Autoformer,74,48,125.0,108.505356
Autoformer,74,49,125.0,106.99127
Autoformer,74,50,125.0,103.137405
Autoformer,74,51,125.0,109.370926
Autoformer,74,52,125.0,103.028564
Autoformer,74,53,125.0,107.988686
Autoformer,74,54,125.0,108.12849
Autoformer,74,55,125.0,107.31291
Autoformer,74,56,125.0,106.96651
Autoformer,74,57,125.0,104.187775
Autoformer,74,58,125.0,103.19223
Autoformer,74,59,125.0,101.828896
Autoformer,74,60,125.0,107.0721
Autoformer,74,61,125.0,103.34395
Autoformer,74,62,125.0,106.4242
Autoformer,74,63,125.0,102.76313
Autoformer,74,64,125.0,106.88373
Autoformer,74,65,125.0,108.29707
Autoformer,74,66,125.0,111.76179
Autoformer,74,67,125.0,107.611824
Autoformer,74,68,125.0,106.61028
Autoformer,74,69,125.0,103.74226
Autoformer,74,70,125.0,109.277115
Autoformer,74,71,125.0,105.96442
Autoformer,74,72,125.0,103.162704
Autoformer,74,73,125.0,101.04619
Autoformer,74,74,125.0,104.12998
Autoformer,74,75,125.0,105.11805
Autoformer,74,76,125.0,109.83662
Autoformer,74,77,125.0,103.59963
Autoformer,74,78,125.0,105.752686
Autoformer,74,79,125.0,102.71927
Autoformer,74,80,125.0,105.64891
Autoformer,74,81,125.0,100.49592
Autoformer,74,82,125.0,101.84148
Autoformer,74,83,125.0,104.24158
Autoformer,74,84,125.0,105.44765
Autoformer,74,85,125.0,96.7911
Autoformer,74,86,125.0,95.07466
Autoformer,74,87,125.0,105.55891
Autoformer,74,88,125.0,107.960846
Autoformer,74,89,125.0,103.96641
Autoformer,74,90,125.0,102.802986
Autoformer,74,91,125.0,103.25646
Autoformer,74,92,125.0,99.54625
Autoformer,74,93,125.0,100.4212
Autoformer,74,94,125.0,102.05003
Autoformer,74,95,125.0,99.029076
Autoformer,74,96,125.0,97.59846
Autoformer,74,97,125.0,101.71986
Autoformer,74,98,125.0,98.66945
Autoformer,74,99,125.0,103.37547
Autoformer,74,100,125.0,103.594925
Autoformer,74,101,125.0,106.67113
Autoformer,74,102,125.0,101.62353
Autoformer,74,103,125.0,103.89751
Autoformer,74,104,125.0,110.01196
Autoformer,74,105,125.0,103.678665
Autoformer,74,106,125.0,106.654884
Autoformer,74,107,125.0,100.04861
Autoformer,74,108,125.0,99.182335
Autoformer,74,109,125.0,95.614044
Autoformer,74,110,125.0,100.50788
Autoformer,74,111,125.0,101.20947
Autoformer,74,112,125.0,96.856186
Autoformer,74,113,125.0,96.73912
Autoformer,74,114,125.0,90.65537
Autoformer,74,115,125.0,88.19998
Autoformer,74,116,125.0,99.95491
Autoformer,74,117,125.0,100.969124
Autoformer,74,118,125.0,101.71553
Autoformer,74,119,125.0,95.88663
Autoformer,74,120,125.0,96.632416
Autoformer,74,121,125.0,95.37321
Autoformer,74,122,125.0,98.69377
Autoformer,74,123,125.0,96.7324
Autoformer,74,124,125.0,96.64499
Autoformer,74,125,125.0,100.87248
Autoformer,74,126,125.0,94.32444
Autoformer,74,127,125.0,96.29778
Autoformer,74,128,125.0,99.17923
Autoformer,74,129,125.0,91.81897
Autoformer,74,130,125.0,98.053795
Autoformer,74,131,125.0,94.715164
Autoformer,74,132,125.0,91.11053
Autoformer,74,133,125.0,89.50132
Autoformer,74,134,125.0,91.94251
Autoformer,74,135,125.0,88.35269
Autoformer,74,136,125.0,93.197296
Autoformer,74,137,125.0,88.123795
Autoformer,75,30,125.0,117.492516
Autoformer,75,31,125.0,113.46327
Autoformer,75,32,125.0,111.02381
Autoformer,75,33,125.0,110.36997
Autoformer,75,34,125.0,113.25353
Autoformer,75,35,125.0,113.86977
Autoformer,75,36,125.0,115.6952
Autoformer,75,37,125.0,116.92207
Autoformer,75,38,125.0,116.326706
Autoformer,75,39,125.0,114.93465
Autoformer,75,40,125.0,110.9739
Autoformer,75,41,125.0,113.192215
Autoformer,75,42,125.0,111.987915
Autoformer,75,43,125.0,115.88081
Autoformer,75,44,125.0,113.56924
Autoformer,75,45,125.0,113.43793
Autoformer,75,46,125.0,115.59721
Autoformer,75,47,125.0,117.974785
Autoformer,75,48,125.0,115.5528
Autoformer,75,49,125.0,111.2754
Autoformer,75,50,125.0,109.74357
Autoformer,75,51,125.0,114.50303
Autoformer,75,52,125.0,112.62305
Autoformer,75,53,125.0,114.871704
Autoformer,75,54,125.0,111.98019
Autoformer,75,55,125.0,114.43545
Autoformer,75,56,125.0,113.3992
Autoformer,75,57,125.0,115.34657
Autoformer,75,58,125.0,115.302124
Autoformer,75,59,125.0,114.63324
Autoformer,75,60,125.0,113.90308
Autoformer,75,61,125.0,111.6833
Autoformer,75,62,125.0,118.06675
Autoformer,75,63,125.0,116.45437
Autoformer,75,64,125.0,115.63778
Autoformer,75,65,125.0,115.95959
Autoformer,75,66,125.0,116.43128
Autoformer,75,67,125.0,115.66993
Autoformer,75,68,125.0,117.98562
Autoformer,75,69,125.0,122.73308
Autoformer,75,70,125.0,118.12886
Autoformer,75,71,125.0,117.07225
Autoformer,75,72,125.0,114.56134
Autoformer,75,73,125.0,110.126816
Autoformer,75,74,125.0,108.4056
Autoformer,75,75,125.0,107.70274
Autoformer,75,76,125.0,111.233894
Autoformer,75,77,124.0,109.94875
Autoformer,75,78,123.0,103.63435
Autoformer,75,79,122.0,106.746506
Autoformer,75,80,121.0,105.94982
Autoformer,75,81,120.0,111.49519
Autoformer,75,82,119.0,109.29497
Autoformer,75,83,118.0,113.291695
Autoformer,75,84,117.0,108.906845
Autoformer,75,85,116.0,111.83739
Autoformer,75,86,115.0,106.45437
Autoformer,75,87,114.0,112.00481
Autoformer,75,88,113.0,113.27117
Autoformer,76,30,125.0,118.70918
Autoformer,76,31,125.0,119.634834
Autoformer,76,32,125.0,120.04451
Autoformer,76,33,125.0,124.105896
Autoformer,76,34,125.0,124.28247
Autoformer,76,35,125.0,125.32102
Autoformer,76,36,125.0,121.66963
Autoformer,76,37,125.0,121.967804
Autoformer,76,38,125.0,120.51319
Autoformer,76,39,125.0,120.91676
Autoformer,76,40,125.0,120.81591
Autoformer,76,41,125.0,121.591995
Autoformer,76,42,125.0,126.77891
Autoformer,76,43,125.0,121.48007
Autoformer,76,44,125.0,122.59714
Autoformer,76,45,125.0,120.36244
Autoformer,76,46,125.0,115.64513
Autoformer,76,47,125.0,119.619606
Autoformer,76,48,125.0,121.75155
Autoformer,76,49,125.0,122.31713
Autoformer,76,50,125.0,119.13633
Autoformer,76,51,125.0,121.36408
Autoformer,76,52,125.0,119.43473
Autoformer,76,53,125.0,119.961395
Autoformer,76,54,125.0,121.633095
Autoformer,76,55,125.0,120.50449
Autoformer,76,56,125.0,119.39002
Autoformer,76,57,125.0,119.885315
Autoformer,76,58,125.0,120.986176
Autoformer,76,59,125.0,118.28217
Autoformer,76,60,125.0,117.89543
Autoformer,76,61,125.0,119.08969
Autoformer,76,62,125.0,119.8742
Autoformer,76,63,125.0,119.29186
Autoformer,76,64,125.0,121.11164
Autoformer,76,65,125.0,118.94144
Autoformer,76,66,125.0,120.60597
Autoformer,76,67,125.0,119.23624
Autoformer,76,68,125.0,117.37254
Autoformer,76,69,125.0,117.41235
Autoformer,76,70,125.0,116.6407
Autoformer,76,71,125.0,115.1608
Autoformer,76,72,125.0,116.24284
Autoformer,76,73,125.0,114.57638
Autoformer,76,74,125.0,114.374626
Autoformer,76,75,125.0,112.64999
Autoformer,76,76,125.0,116.98233
Autoformer,76,77,125.0,114.91101
Autoformer,76,78,125.0,118.18189
Autoformer,76,79,125.0,116.267525
Autoformer,76,80,125.0,119.063065
Autoformer,76,81,125.0,114.76603
Autoformer,76,82,125.0,116.57903
Autoformer,76,83,125.0,114.87929
Autoformer,76,84,125.0,119.29844
Autoformer,76,85,125.0,118.63736
Autoformer,76,86,125.0,117.60441
Autoformer,76,87,125.0,117.91916
Autoformer,76,88,125.0,116.723404
Autoformer,76,89,125.0,116.90716
Autoformer,76,90,125.0,116.27068
Autoformer,76,91,124.0,117.54698
Autoformer,76,92,123.0,113.55556
Autoformer,76,93,122.0,118.34453
Autoformer,76,94,121.0,121.68477
Autoformer,76,95,120.0,118.2789
Autoformer,76,96,119.0,118.649284
Autoformer,76,97,118.0,116.839745
Autoformer,76,98,117.0,117.066925
Autoformer,76,99,116.0,118.93945
Autoformer,76,100,115.0,112.223785
Autoformer,76,101,114.0,113.053566
Autoformer,76,102,113.0,110.49868
Autoformer,76,103,112.0,114.37962
Autoformer,76,104,111.0,117.15622
Autoformer,76,105,110.0,115.752174
Autoformer,76,106,109.0,111.922485
Autoformer,76,107,108.0,113.83356
Autoformer,76,108,107.0,112.01176
Autoformer,76,109,106.0,111.033165
Autoformer,76,110,105.0,112.875755
Autoformer,76,111,104.0,118.331825
Autoformer,76,112,103.0,115.08681
Autoformer,76,113,102.0,112.771286
Autoformer,76,114,101.0,109.62129
Autoformer,76,115,100.0,105.92664
Autoformer,76,116,99.0,108.390205
Autoformer,76,117,98.0,104.21262
Autoformer,76,118,97.0,101.11298
Autoformer,76,119,96.0,106.10288
Autoformer,76,120,95.0,106.688
Autoformer,76,121,94.0,109.95379
Autoformer,76,122,93.0,108.008865
Autoformer,76,123,92.0,109.67789
Autoformer,76,124,91.0,106.74287
Autoformer,76,125,90.0,102.001785
Autoformer,76,126,89.0,107.62956
Autoformer,76,127,88.0,110.12953
Autoformer,76,128,87.0,104.06392
Autoformer,76,129,86.0,107.84161
Autoformer,76,130,85.0,100.223816
Autoformer,76,131,84.0,95.89807
Autoformer,76,132,83.0,94.36086
Autoformer,76,133,82.0,98.64057
Autoformer,76,134,81.0,90.93718
Autoformer,76,135,80.0,89.22113
Autoformer,76,136,79.0,91.20022
Autoformer,76,137,78.0,98.623825
Autoformer,76,138,77.0,98.13789
Autoformer,76,139,76.0,93.285835
Autoformer,76,140,75.0,86.24525
Autoformer,76,141,74.0,88.73375
Autoformer,76,142,73.0,88.94712
Autoformer,76,143,72.0,93.49404
Autoformer,76,144,71.0,88.58888
Autoformer,76,145,70.0,94.17639
Autoformer,76,146,69.0,87.361404
Autoformer,76,147,68.0,86.860374
Autoformer,76,148,67.0,90.359406
Autoformer,76,149,66.0,88.28148
Autoformer,76,150,65.0,82.205956
Autoformer,76,151,64.0,83.39081
Autoformer,76,152,63.0,77.882996
Autoformer,76,153,62.0,79.77624
Autoformer,76,154,61.0,75.99462
Autoformer,76,155,60.0,81.294556
Autoformer,76,156,59.0,84.01024
Autoformer,76,157,58.0,72.73259
Autoformer,76,158,57.0,71.563194
Autoformer,76,159,56.0,68.63368
Autoformer,76,160,55.0,71.28436
Autoformer,76,161,54.0,69.02811
Autoformer,76,162,53.0,67.7938
Autoformer,76,163,52.0,67.19266
Autoformer,76,164,51.0,66.365906
Autoformer,76,165,50.0,66.18788
Autoformer,76,166,49.0,62.32677
Autoformer,76,167,48.0,57.29645
Autoformer,76,168,47.0,48.8667
Autoformer,76,169,46.0,48.640488
Autoformer,76,170,45.0,46.440697
Autoformer,76,171,44.0,50.627754
Autoformer,76,172,43.0,48.057533
Autoformer,76,173,42.0,45.179264
Autoformer,76,174,41.0,45.814938
Autoformer,76,175,40.0,44.873737
Autoformer,76,176,39.0,51.348465
Autoformer,76,177,38.0,44.642498
Autoformer,76,178,37.0,42.945957
Autoformer,76,179,36.0,36.42767
Autoformer,76,180,35.0,37.17499
Autoformer,76,181,34.0,39.284225
Autoformer,76,182,33.0,38.693695
Autoformer,76,183,32.0,36.20793
Autoformer,76,184,31.0,35.016376
Autoformer,76,185,30.0,33.28613
Autoformer,76,186,29.0,29.881691
Autoformer,76,187,28.0,29.28566
Autoformer,76,188,27.0,27.651726
Autoformer,76,189,26.0,28.602617
Autoformer,76,190,25.0,27.806786
Autoformer,76,191,24.0,26.051998
Autoformer,76,192,23.0,24.274338
Autoformer,76,193,22.0,21.61007
Autoformer,76,194,21.0,17.460062
Autoformer,76,195,20.0,18.326485
Autoformer,76,196,19.0,18.666977
Autoformer,76,197,18.0,19.109688
Autoformer,76,198,17.0,16.513992
Autoformer,76,199,16.0,16.371885
Autoformer,76,200,15.0,14.802179
Autoformer,76,201,14.0,11.871948
Autoformer,76,202,13.0,13.0758915
Autoformer,76,203,12.0,11.948115
Autoformer,76,204,11.0,9.800972
Autoformer,76,205,10.0,9.253792
Autoformer,77,30,125.0,120.42011
Autoformer,77,31,125.0,120.734375
Autoformer,77,32,125.0,119.61755
Autoformer,77,33,125.0,123.10488
Autoformer,77,34,125.0,123.4216
Autoformer,77,35,125.0,120.99864
Autoformer,77,36,125.0,120.33481
Autoformer,77,37,125.0,118.892075
Autoformer,77,38,125.0,120.760315
Autoformer,77,39,125.0,122.8866
Autoformer,77,40,125.0,119.87584
Autoformer,77,41,125.0,120.83421
Autoformer,77,42,125.0,120.27075
Autoformer,77,43,125.0,120.02366
Autoformer,77,44,125.0,118.56384
Autoformer,77,45,125.0,118.286705
Autoformer,77,46,125.0,115.534706
Autoformer,77,47,125.0,122.78534
Autoformer,77,48,125.0,122.15646
Autoformer,77,49,125.0,120.77124
Autoformer,77,50,125.0,121.123276
Autoformer,77,51,125.0,120.62986
Autoformer,77,52,125.0,120.37891
Autoformer,77,53,125.0,120.994354
Autoformer,77,54,125.0,123.773
Autoformer,77,55,125.0,123.28052
Autoformer,77,56,125.0,122.89571
Autoformer,77,57,125.0,121.99092
Autoformer,77,58,125.0,121.91128
Autoformer,77,59,125.0,123.30556
Autoformer,77,60,125.0,117.53201
Autoformer,77,61,125.0,119.059494
Autoformer,77,62,125.0,118.77164
Autoformer,77,63,125.0,117.26865
Autoformer,77,64,125.0,115.78884
Autoformer,77,65,125.0,117.82293
Autoformer,77,66,125.0,119.49646
Autoformer,77,67,125.0,119.32264
Autoformer,77,68,125.0,119.0273
Autoformer,77,69,125.0,119.050735
Autoformer,77,70,125.0,113.95755
Autoformer,77,71,125.0,116.84836
Autoformer,77,72,124.0,119.10241
Autoformer,77,73,123.0,118.39181
Autoformer,77,74,122.0,118.44755
Autoformer,77,75,121.0,117.50909
Autoformer,77,76,120.0,118.63828
Autoformer,77,77,119.0,111.97786
Autoformer,77,78,118.0,118.4793
Autoformer,77,79,117.0,115.73554
Autoformer,77,80,116.0,115.7509
Autoformer,77,81,115.0,115.28624
Autoformer,77,82,114.0,118.011246
Autoformer,77,83,113.0,119.03729
Autoformer,77,84,112.0,115.45616
Autoformer,77,85,111.0,120.22332
Autoformer,77,86,110.0,119.54632
Autoformer,77,87,109.0,116.74178
Autoformer,77,88,108.0,119.706154
Autoformer,77,89,107.0,118.55985
Autoformer,77,90,106.0,119.77331
Autoformer,77,91,105.0,118.32222
Autoformer,77,92,104.0,117.85508
Autoformer,77,93,103.0,118.31449
Autoformer,77,94,102.0,113.919495
Autoformer,77,95,101.0,115.52944
Autoformer,77,96,100.0,117.35929
Autoformer,77,97,99.0,120.81998
Autoformer,77,98,98.0,117.69855
Autoformer,77,99,97.0,118.94536
Autoformer,77,100,96.0,114.24733
Autoformer,77,101,95.0,119.7018
Autoformer,77,102,94.0,121.32035
Autoformer,77,103,93.0,119.867424
Autoformer,77,104,92.0,119.40427
Autoformer,77,105,91.0,114.06352
Autoformer,77,106,90.0,117.61048
Autoformer,77,107,89.0,119.49977
Autoformer,77,108,88.0,122.513054
Autoformer,77,109,87.0,118.99191
Autoformer,77,110,86.0,116.65064
Autoformer,77,111,85.0,117.215775
Autoformer,77,112,84.0,112.32939
Autoformer,77,113,83.0,117.05073
Autoformer,77,114,82.0,116.27952
Autoformer,77,115,81.0,110.72211
Autoformer,77,116,80.0,110.06928
Autoformer,77,117,79.0,113.78815
Autoformer,77,118,78.0,107.59273
Autoformer,77,119,77.0,103.99337
Autoformer,77,120,76.0,102.189514
Autoformer,77,121,75.0,103.22065
Autoformer,77,122,74.0,110.98224
Autoformer,77,123,73.0,108.72412
Autoformer,77,124,72.0,116.61875
Autoformer,77,125,71.0,114.58075
Autoformer,77,126,70.0,114.914055
Autoformer,77,127,69.0,114.28425
Autoformer,77,128,68.0,108.31448
Autoformer,77,129,67.0,107.267525
Autoformer,77,130,66.0,103.23151
Autoformer,77,131,65.0,108.05706
Autoformer,77,132,64.0,108.011284
Autoformer,77,133,63.0,100.64987
Autoformer,77,134,62.0,99.30028
Autoformer,77,135,61.0,97.35407
Autoformer,77,136,60.0,99.355034
Autoformer,77,137,59.0,99.63769
Autoformer,77,138,58.0,103.06082
Autoformer,77,139,57.0,105.926186
Autoformer,77,140,56.0,101.56165
Autoformer,77,141,55.0,100.326324
Autoformer,77,142,54.0,94.65073
Autoformer,77,143,53.0,86.157555
Autoformer,77,144,52.0,90.61852
Autoformer,77,145,51.0,76.33251
Autoformer,77,146,50.0,87.25437
Autoformer,77,147,49.0,81.32995
Autoformer,77,148,48.0,72.32832
Autoformer,77,149,47.0,75.50448
Autoformer,77,150,46.0,65.65612
Autoformer,77,151,45.0,64.117935
Autoformer,77,152,44.0,66.3607
Autoformer,77,153,43.0,73.750046
Autoformer,77,154,42.0,75.72409
Autoformer,77,155,41.0,68.15904
Autoformer,77,156,40.0,68.8578
Autoformer,77,157,39.0,60.726585
Autoformer,77,158,38.0,56.422188
Autoformer,77,159,37.0,60.72482
Autoformer,77,160,36.0,47.066196
Autoformer,77,161,35.0,49.797935
Autoformer,77,162,34.0,35.01517
Autoformer,78,30,125.0,121.88412
Autoformer,78,31,125.0,120.84907
Autoformer,78,32,125.0,117.17459
Autoformer,78,33,125.0,120.54568
Autoformer,78,34,125.0,118.88227
Autoformer,78,35,125.0,120.68795
Autoformer,78,36,125.0,120.21997
Autoformer,78,37,125.0,119.81094
Autoformer,78,38,125.0,114.95983
Autoformer,78,39,125.0,118.53688
Autoformer,78,40,125.0,116.28703
Autoformer,78,41,125.0,116.77449
Autoformer,78,42,125.0,116.17055
Autoformer,78,43,125.0,119.47722
Autoformer,78,44,125.0,119.34468
Autoformer,78,45,125.0,119.95185
Autoformer,78,46,125.0,117.90634
Autoformer,78,47,125.0,118.67951
Autoformer,78,48,125.0,122.12169
Autoformer,78,49,125.0,123.22494
Autoformer,78,50,125.0,124.310585
Autoformer,78,51,125.0,122.86961
Autoformer,78,52,125.0,119.8907
Autoformer,78,53,125.0,121.77976
Autoformer,78,54,125.0,121.27084
Autoformer,78,55,124.0,120.74096
Autoformer,78,56,123.0,123.53318
Autoformer,78,57,122.0,122.09981
Autoformer,78,58,121.0,119.260796
Autoformer,78,59,120.0,121.48247
Autoformer,78,60,119.0,119.75841
Autoformer,78,61,118.0,118.92134
Autoformer,78,62,117.0,119.48366
Autoformer,78,63,116.0,118.36196
Autoformer,78,64,115.0,116.825264
Autoformer,78,65,114.0,116.85603
Autoformer,78,66,113.0,115.10111
Autoformer,78,67,112.0,114.63863
Autoformer,78,68,111.0,118.968185
Autoformer,78,69,110.0,118.06047
Autoformer,78,70,109.0,120.20786
Autoformer,78,71,108.0,120.906975
Autoformer,78,72,107.0,121.24814
Autoformer,79,30,125.0,118.85203
Autoformer,79,31,125.0,120.695404
Autoformer,79,32,125.0,120.95502
Autoformer,79,33,125.0,120.549416
Autoformer,79,34,125.0,120.538734
Autoformer,79,35,125.0,119.9399
Autoformer,79,36,125.0,118.204216
Autoformer,79,37,125.0,119.79861
Autoformer,79,38,125.0,122.48778
Autoformer,79,39,125.0,120.08847
Autoformer,79,40,124.0,121.41482
Autoformer,79,41,123.0,123.00862
Autoformer,79,42,122.0,118.3021
Autoformer,79,43,121.0,117.52262
Autoformer,79,44,120.0,121.49775
Autoformer,79,45,119.0,122.17071
Autoformer,79,46,118.0,121.869385
Autoformer,79,47,117.0,122.08417
Autoformer,79,48,116.0,124.79602
Autoformer,79,49,115.0,123.061356
Autoformer,79,50,114.0,121.272766
Autoformer,79,51,113.0,119.78045
Autoformer,79,52,112.0,115.62409
Autoformer,79,53,111.0,120.97269
Autoformer,79,54,110.0,119.87608
Autoformer,79,55,109.0,117.64961
Autoformer,79,56,108.0,117.75414
Autoformer,79,57,107.0,124.58881
Autoformer,79,58,106.0,124.51172
Autoformer,79,59,105.0,123.98743
Autoformer,79,60,104.0,122.62186
Autoformer,79,61,103.0,120.00723
Autoformer,79,62,102.0,118.532135
Autoformer,79,63,101.0,117.845634
Autoformer,79,64,100.0,114.9666
Autoformer,79,65,99.0,122.41253
Autoformer,79,66,98.0,121.24676
Autoformer,79,67,97.0,119.40753
Autoformer,79,68,96.0,119.40416
Autoformer,79,69,95.0,123.72504
Autoformer,79,70,94.0,119.471634
Autoformer,79,71,93.0,122.37892
Autoformer,79,72,92.0,120.0644
Autoformer,79,73,91.0,119.97494
Autoformer,79,74,90.0,114.37821
Autoformer,79,75,89.0,117.11804
Autoformer,79,76,88.0,114.34577
Autoformer,79,77,87.0,120.39535
Autoformer,79,78,86.0,122.00814
Autoformer,79,79,85.0,122.77122
Autoformer,79,80,84.0,122.56586
Autoformer,79,81,83.0,121.68802
Autoformer,79,82,82.0,119.096664
Autoformer,79,83,81.0,119.29632
Autoformer,79,84,80.0,121.099495
Autoformer,79,85,79.0,116.639465
Autoformer,79,86,78.0,119.64458
Autoformer,79,87,77.0,118.90368
Autoformer,79,88,76.0,116.387726
Autoformer,79,89,75.0,116.26288
Autoformer,79,90,74.0,119.96412
Autoformer,79,91,73.0,115.59605
Autoformer,79,92,72.0,116.195656
Autoformer,79,93,71.0,114.8561
Autoformer,79,94,70.0,113.30618
Autoformer,79,95,69.0,116.850876
Autoformer,79,96,68.0,116.46725
Autoformer,79,97,67.0,120.88916
Autoformer,79,98,66.0,118.19085
Autoformer,79,99,65.0,120.840294
Autoformer,79,100,64.0,119.01137
Autoformer,79,101,63.0,114.57775
Autoformer,80,30,125.0,109.85079
Autoformer,80,31,125.0,113.35799
Autoformer,80,32,125.0,114.79443
Autoformer,80,33,125.0,115.66102
Autoformer,80,34,125.0,113.56345
Autoformer,80,35,125.0,114.721565
Autoformer,80,36,125.0,112.936165
Autoformer,80,37,125.0,110.87137
Autoformer,80,38,125.0,110.844086
Autoformer,80,39,125.0,107.67532
Autoformer,80,40,125.0,107.66119
Autoformer,80,41,125.0,105.23496
Autoformer,80,42,125.0,104.842575
Autoformer,80,43,125.0,103.930695
Autoformer,80,44,125.0,104.59302
Autoformer,80,45,125.0,105.67438
Autoformer,80,46,125.0,103.512
Autoformer,80,47,125.0,106.98801
Autoformer,80,48,125.0,104.78455
Autoformer,80,49,125.0,105.54943
Autoformer,80,50,125.0,108.02164
Autoformer,80,51,125.0,107.959
Autoformer,80,52,125.0,107.61356
Autoformer,80,53,125.0,107.00173
Autoformer,80,54,125.0,104.7124
Autoformer,80,55,125.0,102.43946
Autoformer,80,56,125.0,103.69969
Autoformer,80,57,125.0,106.833046
Autoformer,80,58,125.0,103.58332
Autoformer,80,59,125.0,106.63557
Autoformer,80,60,125.0,107.657295
Autoformer,80,61,125.0,109.00486
Autoformer,80,62,125.0,111.1982
Autoformer,80,63,125.0,112.52255
Autoformer,80,64,125.0,110.99134
Autoformer,80,65,125.0,110.31748
Autoformer,80,66,125.0,104.38139
Autoformer,80,67,125.0,105.48459
Autoformer,80,68,125.0,108.12549
Autoformer,80,69,125.0,99.125534
Autoformer,80,70,125.0,100.573074
Autoformer,80,71,125.0,100.48778
Autoformer,80,72,125.0,98.436195
Autoformer,80,73,125.0,95.6162
Autoformer,80,74,125.0,104.322014
Autoformer,80,75,125.0,103.02616
Autoformer,80,76,125.0,106.239655
Autoformer,80,77,125.0,91.938805
Autoformer,80,78,125.0,99.11966
Autoformer,80,79,125.0,101.03301
Autoformer,80,80,125.0,101.65561
Autoformer,80,81,125.0,105.84508
Autoformer,80,82,125.0,106.780525
Autoformer,80,83,125.0,106.28238
Autoformer,80,84,125.0,104.22706
Autoformer,80,85,125.0,106.59657
Autoformer,80,86,125.0,98.74427
Autoformer,80,87,125.0,101.921104
Autoformer,80,88,125.0,100.06856
Autoformer,80,89,125.0,103.55476
Autoformer,80,90,125.0,96.33168
Autoformer,80,91,125.0,97.935
Autoformer,80,92,125.0,103.68588
Autoformer,80,93,125.0,106.89701
Autoformer,80,94,125.0,105.43789
Autoformer,80,95,125.0,97.84087
Autoformer,80,96,125.0,99.4102
Autoformer,80,97,125.0,96.84551
Autoformer,80,98,125.0,100.38049
Autoformer,80,99,124.0,95.00407
Autoformer,80,100,123.0,96.67108
Autoformer,80,101,122.0,90.707275
Autoformer,80,102,121.0,97.99826
Autoformer,80,103,120.0,100.06558
Autoformer,80,104,119.0,100.56507
Autoformer,80,105,118.0,88.18358
Autoformer,80,106,117.0,88.784004
Autoformer,80,107,116.0,88.26993
Autoformer,80,108,115.0,88.28607
Autoformer,80,109,114.0,92.35562
Autoformer,80,110,113.0,95.4917
Autoformer,80,111,112.0,95.975746
Autoformer,80,112,111.0,98.50032
Autoformer,80,113,110.0,98.704
Autoformer,80,114,109.0,96.30671
Autoformer,80,115,108.0,94.438416
Autoformer,80,116,107.0,93.72119
Autoformer,80,117,106.0,87.4314
Autoformer,80,118,105.0,88.94632
Autoformer,80,119,104.0,91.43215
Autoformer,80,120,103.0,90.14353
Autoformer,80,121,102.0,85.08961
Autoformer,80,122,101.0,86.10641
Autoformer,80,123,100.0,86.14259
Autoformer,80,124,99.0,89.30054
Autoformer,80,125,98.0,86.76776
Autoformer,80,126,97.0,89.37529
Autoformer,80,127,96.0,86.89558
Autoformer,80,128,95.0,90.0307
Autoformer,80,129,94.0,90.54312
Autoformer,80,130,93.0,91.91407
Autoformer,80,131,92.0,92.51447
Autoformer,80,132,91.0,86.451836
Autoformer,80,133,90.0,79.96026
Autoformer,81,30,125.0,112.10748
Autoformer,81,31,125.0,108.35568
Autoformer,81,32,125.0,107.093834
Autoformer,81,33,125.0,108.823944
Autoformer,81,34,125.0,103.39821
Autoformer,81,35,125.0,103.95113
Autoformer,81,36,125.0,100.14571
Autoformer,81,37,125.0,104.65169
Autoformer,81,38,125.0,108.67368
Autoformer,81,39,125.0,113.109665
Autoformer,81,40,125.0,104.166115
Autoformer,81,41,125.0,106.58324
Autoformer,81,42,125.0,103.6545
Autoformer,81,43,125.0,106.241806
Autoformer,81,44,125.0,104.85845
Autoformer,81,45,125.0,105.80501
Autoformer,81,46,125.0,102.93846
Autoformer,81,47,125.0,102.63059
Autoformer,81,48,125.0,101.5482
Autoformer,81,49,125.0,99.996796
Autoformer,81,50,125.0,104.689545
Autoformer,81,51,125.0,108.94704
Autoformer,81,52,125.0,109.93942
Autoformer,81,53,125.0,110.79865
Autoformer,81,54,125.0,107.23904
Autoformer,81,55,125.0,103.015564
Autoformer,81,56,125.0,107.84071
Autoformer,81,57,125.0,106.418495
Autoformer,81,58,125.0,111.330055
Autoformer,81,59,125.0,108.69935
Autoformer,81,60,125.0,107.70913
Autoformer,81,61,125.0,106.07506
Autoformer,81,62,125.0,103.873024
Autoformer,81,63,125.0,104.0124
Autoformer,81,64,125.0,105.073746
Autoformer,81,65,125.0,109.92826
Autoformer,81,66,125.0,110.99215
Autoformer,81,67,125.0,109.764496
Autoformer,81,68,125.0,108.74441
Autoformer,81,69,125.0,109.31825
Autoformer,81,70,125.0,105.92447
Autoformer,81,71,125.0,100.48784
Autoformer,81,72,125.0,101.910095
Autoformer,81,73,125.0,95.49765
Autoformer,81,74,125.0,102.25156
Autoformer,81,75,125.0,101.979614
Autoformer,81,76,125.0,102.42272
Autoformer,81,77,125.0,100.572495
Autoformer,81,78,125.0,103.61947
Autoformer,81,79,125.0,104.000626
Autoformer,81,80,125.0,105.05572
Autoformer,81,81,125.0,104.81072
Autoformer,81,82,125.0,101.486916
Autoformer,81,83,125.0,107.62054
Autoformer,81,84,125.0,105.74473
Autoformer,81,85,125.0,106.67465
Autoformer,81,86,125.0,98.51167
Autoformer,81,87,125.0,105.142944
Autoformer,81,88,125.0,103.90804
Autoformer,81,89,125.0,105.566284
Autoformer,81,90,125.0,105.7336
Autoformer,81,91,125.0,105.650734
Autoformer,81,92,125.0,110.2965
Autoformer,81,93,125.0,109.35476
Autoformer,81,94,125.0,108.56102
Autoformer,81,95,125.0,105.28254
Autoformer,81,96,125.0,103.17543
Autoformer,81,97,124.0,98.86321
Autoformer,81,98,123.0,98.98744
Autoformer,81,99,122.0,98.11543
Autoformer,81,100,121.0,102.50197
Autoformer,81,101,120.0,101.57476
Autoformer,81,102,119.0,99.77039
Autoformer,81,103,118.0,100.90173
Autoformer,81,104,117.0,90.71326
Autoformer,81,105,116.0,91.60377
Autoformer,81,106,115.0,92.91872
Autoformer,81,107,114.0,98.52084
Autoformer,81,108,113.0,100.52478
Autoformer,81,109,112.0,94.21841
Autoformer,81,110,111.0,92.878784
Autoformer,81,111,110.0,92.1773
Autoformer,81,112,109.0,93.25149
Autoformer,81,113,108.0,95.30277
Autoformer,81,114,107.0,96.42983
Autoformer,81,115,106.0,95.11447
Autoformer,81,116,105.0,93.64971
Autoformer,81,117,104.0,93.13637
Autoformer,81,118,103.0,91.694534
Autoformer,81,119,102.0,90.488
Autoformer,81,120,101.0,92.027435
Autoformer,81,121,100.0,90.19631
Autoformer,81,122,99.0,90.35386
Autoformer,81,123,98.0,84.29084
Autoformer,81,124,97.0,83.25017
Autoformer,81,125,96.0,81.333275
Autoformer,81,126,95.0,84.11812
Autoformer,81,127,94.0,82.97297
Autoformer,81,128,93.0,88.754906
Autoformer,81,129,92.0,94.83877
Autoformer,81,130,91.0,95.20517
Autoformer,81,131,90.0,90.23058
Autoformer,81,132,89.0,86.058914
Autoformer,81,133,88.0,84.51124
Autoformer,81,134,87.0,89.50631
Autoformer,81,135,86.0,90.75292
Autoformer,81,136,85.0,93.51104
Autoformer,81,137,84.0,92.99011
Autoformer,81,138,83.0,92.82916
Autoformer,81,139,82.0,90.649826
Autoformer,81,140,81.0,85.96215
Autoformer,81,141,80.0,81.70701
Autoformer,81,142,79.0,83.08004
Autoformer,81,143,78.0,86.62218
Autoformer,81,144,77.0,85.5363
Autoformer,81,145,76.0,85.37882
Autoformer,81,146,75.0,88.090645
Autoformer,81,147,74.0,84.424805
Autoformer,81,148,73.0,77.38828
Autoformer,81,149,72.0,71.793564
Autoformer,81,150,71.0,69.50845
Autoformer,81,151,70.0,69.05434
Autoformer,81,152,69.0,74.49616
Autoformer,81,153,68.0,69.711464
Autoformer,81,154,67.0,70.28744
Autoformer,81,155,66.0,71.924515
Autoformer,81,156,65.0,68.158905
Autoformer,81,157,64.0,71.467094
Autoformer,81,158,63.0,68.65925
Autoformer,81,159,62.0,64.79542
Autoformer,81,160,61.0,76.908844
Autoformer,81,161,60.0,71.73299
Autoformer,81,162,59.0,72.76323
Autoformer,81,163,58.0,63.569633
Autoformer,81,164,57.0,63.619953
Autoformer,81,165,56.0,59.346634
Autoformer,81,166,55.0,60.50567
Autoformer,81,167,54.0,59.096394
Autoformer,81,168,53.0,55.78513
Autoformer,81,169,52.0,54.501976
Autoformer,81,170,51.0,49.513477
Autoformer,81,171,50.0,47.60353
Autoformer,81,172,49.0,47.844627
Autoformer,81,173,48.0,46.816074
Autoformer,81,174,47.0,49.684227
Autoformer,81,175,46.0,47.01667
Autoformer,81,176,45.0,50.69511
Autoformer,81,177,44.0,47.666332
Autoformer,81,178,43.0,50.350872
Autoformer,81,179,42.0,51.178722
Autoformer,81,180,41.0,46.896545
Autoformer,81,181,40.0,42.056187
Autoformer,81,182,39.0,42.34465
Autoformer,81,183,38.0,34.914574
Autoformer,81,184,37.0,35.422535
Autoformer,81,185,36.0,31.306105
Autoformer,81,186,35.0,37.540436
Autoformer,81,187,34.0,39.686676
Autoformer,81,188,33.0,41.319687
Autoformer,81,189,32.0,36.784622
Autoformer,81,190,31.0,31.14645
Autoformer,81,191,30.0,30.607306
Autoformer,81,192,29.0,27.252949
Autoformer,81,193,28.0,27.575155
Autoformer,81,194,27.0,25.944344
Autoformer,81,195,26.0,23.434866
Autoformer,81,196,25.0,22.706165
Autoformer,81,197,24.0,17.83068
Autoformer,81,198,23.0,21.068062
Autoformer,81,199,22.0,19.075169
Autoformer,81,200,21.0,22.076591
Autoformer,81,201,20.0,17.982836
Autoformer,81,202,19.0,12.873072
Autoformer,81,203,18.0,12.529346
Autoformer,81,204,17.0,16.688156
Autoformer,81,205,16.0,14.080336
Autoformer,81,206,15.0,11.974054
Autoformer,81,207,14.0,12.144263
Autoformer,81,208,13.0,8.481657
Autoformer,81,209,12.0,9.675581
Autoformer,81,210,11.0,8.332493
Autoformer,81,211,10.0,4.9885025
Autoformer,81,212,9.0,1.8628685
Autoformer,81,213,8.0,2.9538739
Autoformer,82,30,125.0,113.10543
Autoformer,82,31,125.0,112.86167
Autoformer,82,32,125.0,113.74369
Autoformer,82,33,125.0,115.27979
Autoformer,82,34,125.0,116.96741
Autoformer,82,35,125.0,113.65267
Autoformer,82,36,125.0,110.21638
Autoformer,82,37,125.0,109.25919
Autoformer,82,38,125.0,106.918594
Autoformer,82,39,125.0,106.1002
Autoformer,82,40,125.0,108.460686
Autoformer,82,41,125.0,112.19219
Autoformer,82,42,125.0,111.35549
Autoformer,82,43,125.0,112.09479
Autoformer,82,44,125.0,110.92518
Autoformer,82,45,125.0,112.07203
Autoformer,82,46,125.0,110.96615
Autoformer,82,47,124.0,112.59912
Autoformer,82,48,123.0,113.34198
Autoformer,82,49,122.0,111.22343
Autoformer,82,50,121.0,108.23097
Autoformer,82,51,120.0,102.625916
Autoformer,82,52,119.0,101.41852
Autoformer,82,53,118.0,101.35792
Autoformer,82,54,117.0,102.86491
Autoformer,82,55,116.0,103.92549
Autoformer,82,56,115.0,107.130196
Autoformer,82,57,114.0,109.40832
Autoformer,82,58,113.0,108.0604
Autoformer,82,59,112.0,108.81969
Autoformer,82,60,111.0,109.84807
Autoformer,82,61,110.0,107.47379
Autoformer,82,62,109.0,109.01216
Autoformer,82,63,108.0,110.00664
Autoformer,82,64,107.0,109.18374
Autoformer,82,65,106.0,112.1588
Autoformer,82,66,105.0,109.84776
Autoformer,82,67,104.0,110.63448
Autoformer,82,68,103.0,109.89142
Autoformer,82,69,102.0,109.59962
Autoformer,82,70,101.0,108.73971
Autoformer,82,71,100.0,108.391785
Autoformer,82,72,99.0,108.530624
Autoformer,82,73,98.0,108.12932
Autoformer,82,74,97.0,108.61128
Autoformer,82,75,96.0,108.42161
Autoformer,82,76,95.0,108.718346
Autoformer,82,77,94.0,109.84142
Autoformer,82,78,93.0,110.06495
Autoformer,82,79,92.0,106.993744
Autoformer,82,80,91.0,106.38231
Autoformer,82,81,90.0,98.43489
Autoformer,82,82,89.0,99.53963
Autoformer,82,83,88.0,99.618965
Autoformer,82,84,87.0,105.654236
Autoformer,82,85,86.0,109.16698
Autoformer,82,86,85.0,107.64888
Autoformer,82,87,84.0,110.68244
Autoformer,82,88,83.0,111.86693
Autoformer,82,89,82.0,105.30774
Autoformer,82,90,81.0,108.6911
Autoformer,82,91,80.0,104.18494
Autoformer,82,92,79.0,110.21496
Autoformer,82,93,78.0,106.01306
Autoformer,82,94,77.0,106.070595
Autoformer,82,95,76.0,104.73455
Autoformer,82,96,75.0,104.46873
Autoformer,82,97,74.0,103.37426
Autoformer,82,98,73.0,106.16125
Autoformer,82,99,72.0,104.06266
Autoformer,82,100,71.0,102.05549
Autoformer,82,101,70.0,101.96952
Autoformer,82,102,69.0,103.04942
Autoformer,82,103,68.0,99.45293
Autoformer,82,104,67.0,98.337685
Autoformer,82,105,66.0,97.20181
Autoformer,82,106,65.0,100.520226
Autoformer,82,107,64.0,95.09877
Autoformer,82,108,63.0,85.98989
Autoformer,82,109,62.0,98.36828
Autoformer,82,110,61.0,90.51318
Autoformer,82,111,60.0,91.73518
Autoformer,82,112,59.0,96.52728
Autoformer,82,113,58.0,94.538315
Autoformer,82,114,57.0,89.507126
Autoformer,82,115,56.0,85.78557
Autoformer,82,116,55.0,89.34583
Autoformer,82,117,54.0,94.924805
Autoformer,82,118,53.0,95.568306
Autoformer,82,119,52.0,94.63327
Autoformer,82,120,51.0,101.46026
Autoformer,82,121,50.0,98.06147
Autoformer,82,122,49.0,100.519485
Autoformer,82,123,48.0,93.77029
Autoformer,82,124,47.0,92.87893
Autoformer,82,125,46.0,84.159065
Autoformer,82,126,45.0,86.2366
Autoformer,82,127,44.0,82.10127
Autoformer,82,128,43.0,83.27433
Autoformer,82,129,42.0,84.708855
Autoformer,82,130,41.0,83.355484
Autoformer,82,131,40.0,78.095085
Autoformer,82,132,39.0,74.99015
Autoformer,82,133,38.0,74.11058
Autoformer,82,134,37.0,73.48442
Autoformer,82,135,36.0,77.34933
Autoformer,82,136,35.0,72.74424
Autoformer,82,137,34.0,70.55546
Autoformer,82,138,33.0,64.68056
Autoformer,82,139,32.0,60.363007
Autoformer,82,140,31.0,60.493416
Autoformer,82,141,30.0,55.831013
Autoformer,82,142,29.0,60.921
Autoformer,82,143,28.0,51.5971
Autoformer,82,144,27.0,56.100212
Autoformer,82,145,26.0,55.22048
Autoformer,82,146,25.0,52.98481
Autoformer,82,147,24.0,50.065033
Autoformer,82,148,23.0,39.238842
Autoformer,82,149,22.0,44.502235
Autoformer,82,150,21.0,33.234386
Autoformer,82,151,20.0,34.423573
Autoformer,82,152,19.0,25.6874
Autoformer,82,153,18.0,25.614481
Autoformer,82,154,17.0,25.72089
Autoformer,82,155,16.0,29.935478
Autoformer,82,156,15.0,17.70013
Autoformer,82,157,14.0,16.896475
Autoformer,82,158,13.0,13.113444
Autoformer,82,159,12.0,9.621216
Autoformer,82,160,11.0,5.703408
Autoformer,82,161,10.0,8.801275
Autoformer,82,162,9.0,3.0215662
Autoformer,83,30,125.0,121.1312
Autoformer,83,31,125.0,116.42205
Autoformer,83,32,125.0,114.13154
Autoformer,83,33,125.0,111.25772
Autoformer,83,34,125.0,113.69573
Autoformer,83,35,125.0,117.51445
Autoformer,83,36,125.0,116.9028
Autoformer,83,37,125.0,117.900055
Autoformer,83,38,125.0,114.507065
Autoformer,83,39,125.0,115.42339
Autoformer,83,40,125.0,119.06745
Autoformer,83,41,125.0,114.8848
Autoformer,83,42,125.0,115.45662
Autoformer,83,43,125.0,114.845795
Autoformer,83,44,125.0,112.42136
Autoformer,83,45,125.0,110.7195
Autoformer,83,46,125.0,107.67995
Autoformer,83,47,125.0,110.068855
Autoformer,83,48,125.0,116.22273
Autoformer,83,49,125.0,119.684944
Autoformer,83,50,125.0,114.144844
Autoformer,83,51,125.0,115.00549
Autoformer,83,52,125.0,113.95408
Autoformer,83,53,125.0,112.586494
Autoformer,83,54,125.0,111.454636
Autoformer,83,55,125.0,113.78631
Autoformer,83,56,125.0,112.91601
Autoformer,83,57,125.0,114.584114
Autoformer,83,58,125.0,116.783966
Autoformer,83,59,125.0,116.541046
Autoformer,83,60,125.0,115.49823
Autoformer,83,61,125.0,111.57148
Autoformer,83,62,125.0,113.06887
Autoformer,83,63,125.0,110.94329
Autoformer,83,64,125.0,111.46676
Autoformer,83,65,125.0,113.40528
Autoformer,83,66,125.0,116.30779
Autoformer,83,67,125.0,116.64404
Autoformer,83,68,125.0,116.147285
Autoformer,83,69,125.0,115.411766
Autoformer,83,70,125.0,114.99263
Autoformer,83,71,125.0,114.8413
Autoformer,83,72,125.0,116.147026
Autoformer,83,73,125.0,109.92403
Autoformer,84,30,125.0,113.13812
Autoformer,84,31,125.0,111.76526
Autoformer,84,32,125.0,109.43337
Autoformer,84,33,125.0,110.80227
Autoformer,84,34,125.0,115.856705
Autoformer,84,35,125.0,112.45822
Autoformer,84,36,125.0,116.73256
Autoformer,84,37,125.0,116.782394
Autoformer,84,38,125.0,119.245056
Autoformer,84,39,125.0,117.51813
Autoformer,84,40,125.0,111.58151
Autoformer,84,41,125.0,113.44116
Autoformer,84,42,125.0,115.44983
Autoformer,84,43,125.0,116.91633
Autoformer,84,44,125.0,114.752365
Autoformer,84,45,125.0,113.54233
Autoformer,84,46,125.0,105.44518
Autoformer,84,47,125.0,113.72508
Autoformer,84,48,125.0,115.03684
Autoformer,84,49,125.0,116.950386
Autoformer,84,50,125.0,111.73879
Autoformer,84,51,125.0,110.45686
Autoformer,84,52,125.0,111.543785
Autoformer,84,53,125.0,111.70581
Autoformer,84,54,125.0,111.03625
Autoformer,84,55,125.0,115.05348
Autoformer,84,56,125.0,112.38735
Autoformer,84,57,125.0,111.387825
Autoformer,84,58,125.0,116.03139
Autoformer,84,59,125.0,111.18558
Autoformer,84,60,125.0,110.77963
Autoformer,84,61,125.0,113.48052
Autoformer,84,62,125.0,117.86056
Autoformer,84,63,125.0,114.91333
Autoformer,84,64,125.0,113.91532
Autoformer,84,65,125.0,116.34873
Autoformer,84,66,125.0,112.518906
Autoformer,84,67,125.0,112.502686
Autoformer,84,68,125.0,109.6456
Autoformer,84,69,125.0,111.9905
Autoformer,84,70,125.0,107.539
Autoformer,84,71,125.0,110.527245
Autoformer,84,72,125.0,107.221
Autoformer,84,73,125.0,104.161285
Autoformer,84,74,125.0,109.94894
Autoformer,84,75,125.0,110.109055
Autoformer,84,76,125.0,114.275536
Autoformer,84,77,125.0,117.73192
Autoformer,84,78,125.0,113.42288
Autoformer,84,79,125.0,113.75248
Autoformer,84,80,125.0,113.010574
Autoformer,84,81,125.0,108.58708
Autoformer,84,82,125.0,109.30268
Autoformer,84,83,125.0,108.49908
Autoformer,84,84,125.0,106.94362
Autoformer,84,85,125.0,110.27807
Autoformer,84,86,125.0,108.20099
Autoformer,84,87,125.0,107.961555
Autoformer,84,88,125.0,112.11852
Autoformer,84,89,125.0,103.548195
Autoformer,84,90,125.0,105.572205
Autoformer,84,91,125.0,104.116005
Autoformer,84,92,125.0,104.126526
Autoformer,84,93,125.0,106.43
Autoformer,84,94,125.0,109.17599
Autoformer,84,95,125.0,105.556435
Autoformer,84,96,125.0,99.891304
Autoformer,84,97,125.0,109.51431
Autoformer,84,98,125.0,105.74956
Autoformer,84,99,125.0,110.686646
Autoformer,84,100,125.0,104.587296
Autoformer,84,101,125.0,105.44571
Autoformer,84,102,125.0,105.81918
Autoformer,84,103,125.0,104.58104
Autoformer,84,104,125.0,109.15637
Autoformer,84,105,125.0,104.30202
Autoformer,84,106,124.0,101.94548
Autoformer,84,107,123.0,102.24946
Autoformer,84,108,122.0,104.01449
Autoformer,84,109,121.0,94.266396
Autoformer,84,110,120.0,101.70795
Autoformer,84,111,119.0,100.64619
Autoformer,84,112,118.0,106.08139
Autoformer,84,113,117.0,102.37175
Autoformer,84,114,116.0,104.27926
Autoformer,84,115,115.0,103.47948
Autoformer,84,116,114.0,102.69722
Autoformer,84,117,113.0,107.604614
Autoformer,84,118,112.0,109.458534
Autoformer,84,119,111.0,111.3288
Autoformer,84,120,110.0,99.870995
Autoformer,84,121,109.0,109.20175
Autoformer,84,122,108.0,104.52136
Autoformer,84,123,107.0,105.29963
Autoformer,84,124,106.0,101.76445
Autoformer,84,125,105.0,105.9585
Autoformer,84,126,104.0,101.067314
Autoformer,84,127,103.0,108.6701
Autoformer,84,128,102.0,107.52472
Autoformer,84,129,101.0,106.293
Autoformer,84,130,100.0,103.7364
Autoformer,84,131,99.0,99.03654
Autoformer,84,132,98.0,93.34501
Autoformer,84,133,97.0,92.761986
Autoformer,84,134,96.0,93.51177
Autoformer,84,135,95.0,98.09571
Autoformer,84,136,94.0,100.418846
Autoformer,84,137,93.0,94.444244
Autoformer,84,138,92.0,98.438
Autoformer,84,139,91.0,92.80221
Autoformer,84,140,90.0,95.414505
Autoformer,84,141,89.0,92.8659
Autoformer,84,142,88.0,93.119255
Autoformer,84,143,87.0,89.34706
Autoformer,84,144,86.0,85.78617
Autoformer,84,145,85.0,84.91247
Autoformer,84,146,84.0,97.9978
Autoformer,84,147,83.0,90.31831
Autoformer,84,148,82.0,81.181915
Autoformer,84,149,81.0,74.27305
Autoformer,84,150,80.0,80.17028
Autoformer,84,151,79.0,87.08562
Autoformer,84,152,78.0,86.88402
Autoformer,84,153,77.0,83.46527
Autoformer,84,154,76.0,79.8791
Autoformer,84,155,75.0,78.28357
Autoformer,84,156,74.0,82.84981
Autoformer,84,157,73.0,85.60368
Autoformer,84,158,72.0,83.786415
Autoformer,84,159,71.0,79.117355
Autoformer,84,160,70.0,78.26044
Autoformer,84,161,69.0,77.7702
Autoformer,84,162,68.0,71.10691
Autoformer,84,163,67.0,66.383835
Autoformer,84,164,66.0,71.51673
Autoformer,84,165,65.0,73.77245
Autoformer,84,166,64.0,67.9402
Autoformer,84,167,63.0,71.777214
Autoformer,84,168,62.0,77.20157
Autoformer,84,169,61.0,71.32118
Autoformer,84,170,60.0,81.476746
Autoformer,84,171,59.0,74.91318
Autoformer,84,172,58.0,61.88118
Autoformer,85,30,122.0,112.21053
Autoformer,85,31,121.0,111.55331
Autoformer,85,32,120.0,107.13473
Autoformer,85,33,119.0,106.427025
Autoformer,85,34,118.0,105.24505
Autoformer,86,30,125.0,113.23895
Autoformer,86,31,125.0,105.069
Autoformer,86,32,125.0,108.98093
Autoformer,86,33,125.0,112.98112
Autoformer,86,34,125.0,111.245
Autoformer,86,35,125.0,109.535805
Autoformer,86,36,125.0,108.19086
Autoformer,86,37,125.0,105.799995
Autoformer,86,38,125.0,109.0238
Autoformer,86,39,125.0,108.57285
Autoformer,86,40,125.0,111.29572
Autoformer,86,41,125.0,109.21383
Autoformer,86,42,125.0,108.86097
Autoformer,86,43,125.0,105.41987
Autoformer,86,44,125.0,108.3508
Autoformer,86,45,125.0,108.73608
Autoformer,86,46,125.0,107.333046
Autoformer,86,47,125.0,108.69731
Autoformer,86,48,125.0,104.75882
Autoformer,86,49,125.0,104.96664
Autoformer,86,50,125.0,106.05275
Autoformer,86,51,125.0,108.50717
Autoformer,86,52,125.0,109.00044
Autoformer,86,53,125.0,108.85667
Autoformer,86,54,125.0,107.59445
Autoformer,86,55,125.0,108.79867
Autoformer,86,56,125.0,109.912155
Autoformer,86,57,125.0,107.62348
Autoformer,86,58,125.0,102.976524
Autoformer,86,59,125.0,100.339035
Autoformer,86,60,125.0,100.906624
Autoformer,86,61,125.0,105.14488
Autoformer,86,62,125.0,107.990005
Autoformer,86,63,125.0,111.65235
Autoformer,86,64,125.0,109.60342
Autoformer,86,65,125.0,106.781395
Autoformer,86,66,125.0,101.62016
Autoformer,86,67,125.0,105.56173
Autoformer,86,68,125.0,106.06096
Autoformer,86,69,125.0,101.5058
Autoformer,86,70,125.0,106.2512
Autoformer,86,71,125.0,108.63281
Autoformer,86,72,125.0,104.22568
Autoformer,86,73,125.0,103.994934
Autoformer,86,74,125.0,99.84061
Autoformer,86,75,124.0,96.004395
Autoformer,86,76,123.0,98.31245
Autoformer,86,77,122.0,100.451355
Autoformer,86,78,121.0,104.049736
Autoformer,86,79,120.0,102.07961
Autoformer,86,80,119.0,100.57638
Autoformer,86,81,118.0,99.44993
Autoformer,86,82,117.0,98.661
Autoformer,86,83,116.0,102.21705
Autoformer,86,84,115.0,109.217224
Autoformer,86,85,114.0,101.33408
Autoformer,86,86,113.0,98.190956
Autoformer,86,87,112.0,94.989975
Autoformer,86,88,111.0,90.47502
Autoformer,86,89,110.0,88.29162
Autoformer,86,90,109.0,93.48814
Autoformer,86,91,108.0,97.21178
Autoformer,86,92,107.0,92.27888
Autoformer,86,93,106.0,97.0411
Autoformer,86,94,105.0,96.13733
Autoformer,86,95,104.0,97.852875
Autoformer,86,96,103.0,97.12721
Autoformer,86,97,102.0,94.87043
Autoformer,86,98,101.0,104.411705
Autoformer,86,99,100.0,100.500496
Autoformer,86,100,99.0,108.309654
Autoformer,86,101,98.0,101.24304
Autoformer,86,102,97.0,102.143105
Autoformer,86,103,96.0,104.21198
Autoformer,86,104,95.0,95.51296
Autoformer,86,105,94.0,89.33137
Autoformer,86,106,93.0,87.205376
Autoformer,86,107,92.0,86.91216
Autoformer,86,108,91.0,95.557175
Autoformer,86,109,90.0,97.019424
Autoformer,86,110,89.0,90.47143
Autoformer,87,30,125.0,119.24979
Autoformer,87,31,125.0,115.2319
Autoformer,87,32,125.0,117.0756
Autoformer,87,33,125.0,119.86945
Autoformer,87,34,125.0,118.60057
Autoformer,87,35,125.0,119.591095
Autoformer,87,36,125.0,117.37097
Autoformer,87,37,125.0,117.77372
Autoformer,87,38,125.0,118.28833
Autoformer,87,39,125.0,118.919266
Autoformer,87,40,125.0,119.60429
Autoformer,87,41,125.0,115.20813
Autoformer,87,42,125.0,115.89998
Autoformer,87,43,125.0,118.61505
Autoformer,87,44,125.0,118.18486
Autoformer,87,45,125.0,117.9244
Autoformer,87,46,125.0,120.5729
Autoformer,87,47,125.0,118.45993
Autoformer,87,48,124.0,122.17783
Autoformer,87,49,123.0,121.3643
Autoformer,87,50,122.0,120.63381
Autoformer,87,51,121.0,119.853966
Autoformer,87,52,120.0,120.76955
Autoformer,87,53,119.0,120.60943
Autoformer,87,54,118.0,117.788956
Autoformer,87,55,117.0,115.91184
Autoformer,87,56,116.0,112.91652
Autoformer,88,30,125.0,113.588234
Autoformer,88,31,125.0,109.24381
Autoformer,88,32,125.0,109.54024
Autoformer,88,33,125.0,110.14932
Autoformer,88,34,125.0,109.12575
Autoformer,88,35,125.0,110.359566
Autoformer,88,36,125.0,107.6017
Autoformer,88,37,125.0,110.18535
Autoformer,88,38,125.0,110.70376
Autoformer,88,39,125.0,105.44271
Autoformer,88,40,125.0,112.46577
Autoformer,88,41,125.0,106.80668
Autoformer,88,42,125.0,110.84962
Autoformer,88,43,125.0,112.6171
Autoformer,88,44,125.0,110.84857
Autoformer,88,45,125.0,115.17857
Autoformer,88,46,125.0,113.73902
Autoformer,88,47,125.0,108.669365
Autoformer,88,48,125.0,112.21211
Autoformer,88,49,125.0,110.825874
Autoformer,88,50,125.0,105.82639
Autoformer,88,51,125.0,107.78643
Autoformer,88,52,125.0,112.95004
Autoformer,88,53,125.0,110.80476
Autoformer,88,54,125.0,110.90003
Autoformer,88,55,125.0,111.29274
Autoformer,88,56,125.0,106.19412
Autoformer,88,57,125.0,112.012215
Autoformer,88,58,125.0,102.40979
Autoformer,88,59,124.0,97.27753
Autoformer,88,60,123.0,95.98282
Autoformer,88,61,122.0,101.65657
Autoformer,88,62,121.0,106.95466
Autoformer,88,63,120.0,111.79698
Autoformer,88,64,119.0,103.58798
Autoformer,88,65,118.0,110.198296
Autoformer,88,66,117.0,109.20804
Autoformer,88,67,116.0,103.81642
Autoformer,88,68,115.0,105.42228
Autoformer,89,30,125.0,120.264915
Autoformer,89,31,125.0,121.93643
Autoformer,89,32,125.0,118.91293
Autoformer,89,33,125.0,121.1544
Autoformer,89,34,125.0,124.93546
Autoformer,89,35,125.0,119.71246
Autoformer,89,36,125.0,120.81034
Autoformer,89,37,125.0,120.733734
Autoformer,89,38,125.0,124.12233
Autoformer,89,39,125.0,123.40361
Autoformer,89,40,125.0,123.42668
Autoformer,89,41,125.0,121.76035
Autoformer,89,42,125.0,122.911255
Autoformer,89,43,125.0,121.38278
Autoformer,89,44,125.0,116.41956
Autoformer,89,45,125.0,121.42086
Autoformer,89,46,125.0,122.527756
Autoformer,89,47,125.0,115.89299
Autoformer,89,48,125.0,119.757
Autoformer,89,49,125.0,121.51996
Autoformer,89,50,125.0,117.60752
Autoformer,89,51,125.0,118.63345
Autoformer,89,52,125.0,119.29129
Autoformer,89,53,125.0,114.9623
Autoformer,89,54,125.0,115.37026
Autoformer,89,55,125.0,114.78142
Autoformer,89,56,125.0,117.2519
Autoformer,89,57,125.0,120.535385
Autoformer,89,58,125.0,118.338165
Autoformer,89,59,125.0,121.13923
Autoformer,89,60,125.0,115.50082
Autoformer,89,61,125.0,117.13224
Autoformer,89,62,125.0,117.26763
Autoformer,89,63,125.0,114.39378
Autoformer,89,64,125.0,111.07299
Autoformer,89,65,125.0,114.84144
Autoformer,89,66,125.0,111.02788
Autoformer,89,67,125.0,111.77287
Autoformer,89,68,125.0,114.192
Autoformer,89,69,125.0,115.73317
Autoformer,89,70,125.0,116.0489
Autoformer,89,71,125.0,119.64517
Autoformer,89,72,125.0,118.66912
Autoformer,89,73,125.0,118.54037
Autoformer,89,74,125.0,120.86978
Autoformer,89,75,125.0,122.86603
Autoformer,89,76,125.0,117.73528
Autoformer,89,77,125.0,121.445984
Autoformer,89,78,125.0,121.70286
Autoformer,89,79,125.0,120.9499
Autoformer,89,80,125.0,114.40126
Autoformer,89,81,125.0,117.3105
Autoformer,89,82,125.0,113.518
Autoformer,89,83,125.0,116.52311
Autoformer,89,84,125.0,116.127235
Autoformer,89,85,125.0,120.85795
Autoformer,89,86,125.0,115.931816
Autoformer,89,87,125.0,118.43948
Autoformer,89,88,125.0,115.0177
Autoformer,89,89,125.0,109.78557
Autoformer,89,90,125.0,116.32695
Autoformer,89,91,125.0,116.35246
Autoformer,89,92,125.0,115.54316
Autoformer,89,93,125.0,119.244286
Autoformer,89,94,125.0,119.510284
Autoformer,89,95,125.0,108.96939
Autoformer,89,96,125.0,109.63339
Autoformer,89,97,125.0,111.4301
Autoformer,89,98,125.0,116.15344
Autoformer,89,99,125.0,113.2541
Autoformer,89,100,125.0,112.39723
Autoformer,89,101,125.0,118.69816
Autoformer,89,102,125.0,118.4096
Autoformer,89,103,125.0,115.405556
Autoformer,89,104,125.0,112.75787
Autoformer,89,105,125.0,116.78661
Autoformer,89,106,125.0,115.070244
Autoformer,89,107,125.0,117.52726
Autoformer,89,108,125.0,115.44378
Autoformer,89,109,125.0,114.28973
Autoformer,89,110,125.0,111.69314
Autoformer,89,111,125.0,110.462
Autoformer,89,112,125.0,116.85875
Autoformer,89,113,125.0,114.02268
Autoformer,89,114,125.0,117.52626
Autoformer,89,115,125.0,109.41258
Autoformer,89,116,125.0,106.589325
Autoformer,89,117,125.0,113.21216
Autoformer,89,118,125.0,113.76327
Autoformer,89,119,125.0,113.04066
Autoformer,89,120,125.0,105.65913
Autoformer,89,121,125.0,114.52896
Autoformer,89,122,125.0,114.429184
Autoformer,89,123,125.0,117.873116
Autoformer,89,124,125.0,116.80504
Autoformer,89,125,125.0,113.23116
Autoformer,89,126,125.0,113.25913
Autoformer,89,127,125.0,114.41154
Autoformer,89,128,125.0,115.80841
Autoformer,89,129,125.0,115.46898
Autoformer,89,130,125.0,116.28053
Autoformer,89,131,125.0,110.92168
Autoformer,89,132,125.0,103.90402
Autoformer,89,133,125.0,103.31678
Autoformer,89,134,125.0,106.16297
Autoformer,89,135,125.0,106.71807
Autoformer,89,136,125.0,110.36094
Autoformer,89,137,125.0,114.8954
Autoformer,89,138,125.0,113.453354
Autoformer,89,139,125.0,114.79211
Autoformer,89,140,125.0,115.05885
Autoformer,89,141,125.0,115.33085
Autoformer,89,142,125.0,115.640366
Autoformer,89,143,125.0,111.74992
Autoformer,89,144,125.0,109.29271
Autoformer,89,145,125.0,103.59612
Autoformer,89,146,125.0,106.70533
Autoformer,89,147,125.0,111.11742
Autoformer,89,148,125.0,112.955345
Autoformer,89,149,125.0,112.439865
Autoformer,89,150,125.0,110.6405
Autoformer,89,151,125.0,107.891495
Autoformer,89,152,125.0,109.73524
Autoformer,89,153,125.0,107.31077
Autoformer,89,154,125.0,108.05367
Autoformer,89,155,125.0,105.36411
Autoformer,89,156,125.0,113.054306
Autoformer,89,157,125.0,112.009056
Autoformer,89,158,125.0,108.37249
Autoformer,89,159,125.0,105.91219
Autoformer,89,160,125.0,106.41629
Autoformer,89,161,125.0,108.41408
Autoformer,89,162,125.0,112.35281
Autoformer,89,163,125.0,109.90655
Autoformer,89,164,125.0,110.74155
Autoformer,89,165,125.0,105.17823
Autoformer,89,166,125.0,106.71027
Autoformer,89,167,125.0,106.95963
Autoformer,89,168,125.0,107.98489
Autoformer,89,169,125.0,91.680405
Autoformer,89,170,125.0,104.55129
Autoformer,89,171,125.0,102.56867
Autoformer,89,172,125.0,113.24095
Autoformer,89,173,125.0,104.82841
Autoformer,89,174,125.0,103.08847
Autoformer,89,175,125.0,102.559784
Autoformer,89,176,125.0,104.13691
Autoformer,89,177,125.0,100.20994
Autoformer,90,30,125.0,117.99011
Autoformer,90,31,125.0,112.143036
Autoformer,90,32,125.0,117.10701
Autoformer,90,33,125.0,116.1192
Autoformer,90,34,125.0,117.58607
Autoformer,90,35,125.0,118.7818
Autoformer,90,36,125.0,119.965775
Autoformer,90,37,125.0,117.96142
Autoformer,90,38,125.0,118.42167
Autoformer,90,39,125.0,117.49406
Autoformer,90,40,125.0,118.610344
Autoformer,90,41,125.0,114.77336
Autoformer,90,42,125.0,111.03513
Autoformer,90,43,125.0,116.01656
Autoformer,90,44,125.0,111.80719
Autoformer,90,45,125.0,115.14017
Autoformer,90,46,125.0,108.235504
Autoformer,90,47,125.0,110.82951
Autoformer,90,48,125.0,110.26428
Autoformer,90,49,125.0,113.75134
Autoformer,90,50,124.0,110.849304
Autoformer,90,51,123.0,116.00353
Autoformer,90,52,122.0,113.51084
Autoformer,90,53,121.0,113.02342
Autoformer,90,54,120.0,114.89109
Autoformer,90,55,119.0,109.26641
Autoformer,90,56,118.0,106.87148
Autoformer,90,57,117.0,111.806
Autoformer,90,58,116.0,112.19318
Autoformer,90,59,115.0,112.15738
Autoformer,90,60,114.0,114.99378
Autoformer,90,61,113.0,110.71169
Autoformer,90,62,112.0,106.725075
Autoformer,90,63,111.0,102.33388
Autoformer,90,64,110.0,106.68616
Autoformer,90,65,109.0,106.89994
Autoformer,90,66,108.0,106.31129
Autoformer,90,67,107.0,110.52721
Autoformer,90,68,106.0,114.10595
Autoformer,90,69,105.0,111.991325
Autoformer,90,70,104.0,113.3509
Autoformer,90,71,103.0,107.93692
Autoformer,90,72,102.0,106.7707
Autoformer,90,73,101.0,104.45849
Autoformer,90,74,100.0,109.94533
Autoformer,90,75,99.0,104.831856
Autoformer,90,76,98.0,100.69896
Autoformer,90,77,97.0,106.58036
Autoformer,90,78,96.0,104.74819
Autoformer,90,79,95.0,110.39756
Autoformer,90,80,94.0,104.104866
Autoformer,90,81,93.0,105.34037
Autoformer,90,82,92.0,105.29072
Autoformer,90,83,91.0,106.84942
Autoformer,90,84,90.0,94.51863
Autoformer,90,85,89.0,92.67525
Autoformer,90,86,88.0,96.78885
Autoformer,90,87,87.0,99.88008
Autoformer,90,88,86.0,98.69984
Autoformer,90,89,85.0,101.83169
Autoformer,90,90,84.0,102.79497
Autoformer,90,91,83.0,102.1731
Autoformer,90,92,82.0,98.96794
Autoformer,90,93,81.0,100.68635
Autoformer,90,94,80.0,97.18522
Autoformer,90,95,79.0,95.58331
Autoformer,90,96,78.0,97.958595
Autoformer,90,97,77.0,97.97371
Autoformer,90,98,76.0,98.24286
Autoformer,90,99,75.0,95.96311
Autoformer,90,100,74.0,99.3814
Autoformer,90,101,73.0,98.36583
Autoformer,90,102,72.0,101.37769
Autoformer,90,103,71.0,92.11081
Autoformer,90,104,70.0,86.682556
Autoformer,90,105,69.0,86.33769
Autoformer,90,106,68.0,90.878944
Autoformer,90,107,67.0,89.66124
Autoformer,90,108,66.0,85.3888
Autoformer,90,109,65.0,85.589554
Autoformer,90,110,64.0,82.11493
Autoformer,90,111,63.0,73.082306
Autoformer,90,112,62.0,72.50678
Autoformer,90,113,61.0,75.47834
Autoformer,90,114,60.0,75.25231
Autoformer,90,115,59.0,74.36423
Autoformer,90,116,58.0,81.051315
Autoformer,90,117,57.0,67.63469
Autoformer,90,118,56.0,68.68257
Autoformer,90,119,55.0,67.15926
Autoformer,90,120,54.0,74.55701
Autoformer,90,121,53.0,69.07304
Autoformer,90,122,52.0,66.85081
Autoformer,90,123,51.0,68.29098
Autoformer,90,124,50.0,62.795406
Autoformer,90,125,49.0,59.925964
Autoformer,90,126,48.0,59.172047
Autoformer,90,127,47.0,54.116283
Autoformer,90,128,46.0,50.127422
Autoformer,90,129,45.0,49.52194
Autoformer,90,130,44.0,45.033737
Autoformer,90,131,43.0,42.356674
Autoformer,90,132,42.0,44.14786
Autoformer,90,133,41.0,52.144558
Autoformer,90,134,40.0,49.78582
Autoformer,90,135,39.0,50.640347
Autoformer,90,136,38.0,52.037617
Autoformer,90,137,37.0,47.893665
Autoformer,90,138,36.0,47.231388
Autoformer,90,139,35.0,47.497143
Autoformer,90,140,34.0,45.82501
Autoformer,90,141,33.0,44.539906
Autoformer,90,142,32.0,35.64811
Autoformer,90,143,31.0,36.91411
Autoformer,90,144,30.0,29.18646
Autoformer,90,145,29.0,24.52376
Autoformer,90,146,28.0,26.599243
Autoformer,91,30,125.0,106.063194
Autoformer,91,31,125.0,109.70971
Autoformer,91,32,125.0,106.268456
Autoformer,91,33,125.0,109.29493
Autoformer,91,34,125.0,111.24102
Autoformer,91,35,125.0,110.87557
Autoformer,91,36,125.0,108.2073
Autoformer,91,37,125.0,98.1477
Autoformer,91,38,125.0,100.32532
Autoformer,91,39,125.0,97.18993
Autoformer,91,40,125.0,100.23408
Autoformer,91,41,125.0,108.75539
Autoformer,91,42,125.0,110.80301
Autoformer,91,43,125.0,105.20135
Autoformer,91,44,125.0,101.91876
Autoformer,91,45,125.0,109.275215
Autoformer,91,46,125.0,102.54949
Autoformer,91,47,125.0,106.31918
Autoformer,91,48,125.0,108.55929
Autoformer,91,49,125.0,107.2193
Autoformer,91,50,125.0,101.88277
Autoformer,91,51,125.0,100.20446
Autoformer,91,52,125.0,97.60566
Autoformer,91,53,125.0,101.12899
Autoformer,91,54,125.0,92.64913
Autoformer,91,55,125.0,90.434166
Autoformer,91,56,125.0,96.54221
Autoformer,91,57,125.0,98.61397
Autoformer,91,58,125.0,92.32581
Autoformer,91,59,125.0,96.94596
Autoformer,91,60,125.0,105.50826
Autoformer,91,61,125.0,107.17023
Autoformer,91,62,125.0,107.69306
Autoformer,91,63,125.0,107.06029
Autoformer,91,64,125.0,102.69041
Autoformer,91,65,125.0,109.78624
Autoformer,91,66,125.0,106.05084
Autoformer,91,67,125.0,102.93984
Autoformer,91,68,125.0,104.36679
Autoformer,91,69,125.0,98.32366
Autoformer,91,70,125.0,94.88416
Autoformer,91,71,125.0,96.01579
Autoformer,91,72,125.0,103.44806
Autoformer,91,73,125.0,106.249115
Autoformer,91,74,125.0,107.36108
Autoformer,91,75,125.0,104.149475
Autoformer,91,76,125.0,89.838295
Autoformer,91,77,125.0,91.39557
Autoformer,91,78,125.0,99.56385
Autoformer,91,79,125.0,95.7937
Autoformer,91,80,125.0,93.72748
Autoformer,91,81,125.0,101.03456
Autoformer,91,82,125.0,92.94263
Autoformer,91,83,125.0,96.73449
Autoformer,91,84,125.0,91.11976
Autoformer,91,85,125.0,87.28846
Autoformer,91,86,125.0,87.607544
Autoformer,91,87,125.0,101.62619
Autoformer,91,88,125.0,110.61939
Autoformer,91,89,125.0,107.469406
Autoformer,91,90,125.0,98.082504
Autoformer,91,91,125.0,100.56854
Autoformer,91,92,125.0,95.77253
Autoformer,91,93,125.0,90.56099
Autoformer,91,94,125.0,96.93727
Autoformer,91,95,125.0,98.253555
Autoformer,91,96,125.0,101.23058
Autoformer,91,97,125.0,93.430275
Autoformer,91,98,125.0,98.290215
Autoformer,91,99,125.0,95.01865
Autoformer,91,100,125.0,95.727806
Autoformer,91,101,125.0,100.248314
Autoformer,91,102,125.0,102.37568
Autoformer,91,103,125.0,97.65791
Autoformer,91,104,125.0,91.41089
Autoformer,91,105,125.0,88.07345
Autoformer,91,106,125.0,91.69606
Autoformer,91,107,125.0,88.65532
Autoformer,91,108,125.0,92.789635
Autoformer,91,109,125.0,80.67125
Autoformer,91,110,125.0,88.98899
Autoformer,91,111,125.0,91.20286
Autoformer,91,112,125.0,90.91915
Autoformer,91,113,125.0,88.141464
Autoformer,91,114,125.0,79.10466
Autoformer,91,115,125.0,86.10394
Autoformer,91,116,125.0,95.91211
Autoformer,91,117,125.0,101.22556
Autoformer,91,118,125.0,102.297874
Autoformer,91,119,125.0,98.21157
Autoformer,91,120,125.0,91.36751
Autoformer,91,121,125.0,92.97067
Autoformer,91,122,125.0,88.47588
Autoformer,91,123,125.0,94.83769
Autoformer,91,124,125.0,87.50261
Autoformer,91,125,125.0,86.517555
Autoformer,91,126,125.0,90.0135
Autoformer,91,127,125.0,95.1621
Autoformer,91,128,125.0,96.43982
Autoformer,91,129,125.0,95.35464
Autoformer,91,130,125.0,93.29302
Autoformer,91,131,125.0,82.59492
Autoformer,91,132,125.0,91.23621
Autoformer,91,133,125.0,86.558624
Autoformer,91,134,125.0,90.752525
Autoformer,91,135,125.0,88.33312
Autoformer,91,136,125.0,85.79473
Autoformer,91,137,125.0,85.17026
Autoformer,91,138,125.0,79.01461
Autoformer,91,139,125.0,72.13929
Autoformer,91,140,125.0,78.3649
Autoformer,91,141,125.0,88.38233
Autoformer,91,142,125.0,81.540855
Autoformer,91,143,125.0,73.8716
Autoformer,91,144,125.0,66.57598
Autoformer,91,145,125.0,74.49387
Autoformer,91,146,125.0,66.80135
Autoformer,91,147,125.0,75.50456
Autoformer,91,148,124.0,68.70043
Autoformer,91,149,123.0,71.020836
Autoformer,91,150,122.0,71.490875
Autoformer,91,151,121.0,73.53231
Autoformer,91,152,120.0,76.755394
Autoformer,91,153,119.0,73.96144
Autoformer,91,154,118.0,70.490005
Autoformer,91,155,117.0,83.83348
Autoformer,91,156,116.0,81.40254
Autoformer,91,157,115.0,84.74709
Autoformer,91,158,114.0,76.48782
Autoformer,91,159,113.0,79.19153
Autoformer,91,160,112.0,77.22976
Autoformer,91,161,111.0,77.94431
Autoformer,91,162,110.0,82.6588
Autoformer,91,163,109.0,74.718925
Autoformer,91,164,108.0,73.65723
Autoformer,91,165,107.0,67.24616
Autoformer,91,166,106.0,76.1248
Autoformer,91,167,105.0,59.5491
Autoformer,91,168,104.0,55.09515
Autoformer,91,169,103.0,53.358692
Autoformer,91,170,102.0,60.113384
Autoformer,91,171,101.0,51.91733
Autoformer,91,172,100.0,58.31815
Autoformer,91,173,99.0,67.27549
Autoformer,91,174,98.0,69.44848
Autoformer,91,175,97.0,63.61578
Autoformer,91,176,96.0,50.49194
Autoformer,91,177,95.0,42.993664
Autoformer,91,178,94.0,52.143932
Autoformer,91,179,93.0,43.741367
Autoformer,91,180,92.0,45.052547
Autoformer,91,181,91.0,39.731182
Autoformer,91,182,90.0,42.770435
Autoformer,91,183,89.0,42.617172
Autoformer,91,184,88.0,64.19326
Autoformer,91,185,87.0,62.98394
Autoformer,91,186,86.0,55.382618
Autoformer,91,187,85.0,47.422413
Autoformer,91,188,84.0,45.21912
Autoformer,91,189,83.0,51.5179
Autoformer,91,190,82.0,45.407326
Autoformer,91,191,81.0,47.704052
Autoformer,91,192,80.0,48.115215
Autoformer,91,193,79.0,42.670345
Autoformer,91,194,78.0,48.537758
Autoformer,91,195,77.0,46.076874
Autoformer,91,196,76.0,44.286945
Autoformer,91,197,75.0,38.809395
Autoformer,91,198,74.0,35.450077
Autoformer,91,199,73.0,32.290966
Autoformer,91,200,72.0,35.309948
Autoformer,91,201,71.0,38.019062
Autoformer,91,202,70.0,42.98201
Autoformer,91,203,69.0,52.37417
Autoformer,91,204,68.0,48.363377
Autoformer,91,205,67.0,48.712162
Autoformer,91,206,66.0,47.384018
Autoformer,91,207,65.0,34.10682
Autoformer,91,208,64.0,28.2917
Autoformer,91,209,63.0,31.912676
Autoformer,91,210,62.0,27.660831
Autoformer,91,211,61.0,30.111757
Autoformer,91,212,60.0,25.185747
Autoformer,91,213,59.0,23.738937
Autoformer,91,214,58.0,35.20583
Autoformer,91,215,57.0,33.351562
Autoformer,91,216,56.0,24.692684
Autoformer,91,217,55.0,26.83924
Autoformer,91,218,54.0,26.781586
Autoformer,91,219,53.0,26.269375
Autoformer,91,220,52.0,22.293781
Autoformer,91,221,51.0,22.297192
Autoformer,91,222,50.0,21.938936
Autoformer,91,223,49.0,21.76748
Autoformer,91,224,48.0,15.268852
Autoformer,91,225,47.0,20.108559
Autoformer,91,226,46.0,9.951111
Autoformer,91,227,45.0,14.317597
Autoformer,91,228,44.0,12.615643
Autoformer,91,229,43.0,14.790139
Autoformer,91,230,42.0,15.37412
Autoformer,91,231,41.0,6.7911835
Autoformer,91,232,40.0,11.269658
Autoformer,91,233,39.0,6.2794943
Autoformer,91,234,38.0,13.136301
Autoformer,92,30,125.0,113.17428
Autoformer,92,31,125.0,109.95454
Autoformer,92,32,125.0,111.14595
Autoformer,92,33,125.0,107.253204
Autoformer,92,34,125.0,104.32091
Autoformer,92,35,125.0,113.25845
Autoformer,92,36,125.0,111.91193
Autoformer,92,37,125.0,113.50084
Autoformer,92,38,125.0,105.100464
Autoformer,92,39,125.0,109.274635
Autoformer,92,40,125.0,110.61808
Autoformer,92,41,125.0,114.547966
Autoformer,92,42,125.0,116.18387
Autoformer,92,43,125.0,111.27413
Autoformer,92,44,125.0,104.36548
Autoformer,92,45,125.0,106.32991
Autoformer,92,46,124.0,105.704025
Autoformer,92,47,123.0,111.23836
Autoformer,92,48,122.0,107.790764
Autoformer,92,49,121.0,104.27768
Autoformer,92,50,120.0,102.831
Autoformer,92,51,119.0,103.386925
Autoformer,92,52,118.0,101.99327
Autoformer,92,53,117.0,98.18741
Autoformer,92,54,116.0,111.72432
Autoformer,92,55,115.0,103.75313
Autoformer,92,56,114.0,105.94373
Autoformer,92,57,113.0,108.950935
Autoformer,92,58,112.0,102.63228
Autoformer,92,59,111.0,108.16273
Autoformer,92,60,110.0,99.31218
Autoformer,92,61,109.0,99.85126
Autoformer,92,62,108.0,100.98271
Autoformer,92,63,107.0,105.6823
Autoformer,92,64,106.0,107.78563
Autoformer,92,65,105.0,109.593094
Autoformer,92,66,104.0,112.41582
Autoformer,92,67,103.0,111.76163
Autoformer,92,68,102.0,107.72321
Autoformer,92,69,101.0,97.08686
Autoformer,92,70,100.0,91.2932
Autoformer,92,71,99.0,94.88325
Autoformer,92,72,98.0,106.824905
Autoformer,92,73,97.0,105.22912
Autoformer,92,74,96.0,103.82832
Autoformer,92,75,95.0,91.253876
Autoformer,92,76,94.0,89.29302
Autoformer,92,77,93.0,80.807236
Autoformer,92,78,92.0,87.072205
Autoformer,92,79,91.0,93.78171
Autoformer,92,80,90.0,101.62515
Autoformer,92,81,89.0,97.139534
Autoformer,92,82,88.0,100.02412
Autoformer,92,83,87.0,92.983925
Autoformer,92,84,86.0,94.31518
Autoformer,92,85,85.0,92.403496
Autoformer,92,86,84.0,89.088455
Autoformer,92,87,83.0,77.08534
Autoformer,92,88,82.0,88.9128
Autoformer,92,89,81.0,87.78948
Autoformer,92,90,80.0,92.136
Autoformer,92,91,79.0,97.579636
Autoformer,92,92,78.0,95.93829
Autoformer,92,93,77.0,88.27026
Autoformer,92,94,76.0,93.34036
Autoformer,92,95,75.0,77.144646
Autoformer,92,96,74.0,74.0453
Autoformer,92,97,73.0,80.15233
Autoformer,92,98,72.0,80.78165
Autoformer,92,99,71.0,73.67665
Autoformer,92,100,70.0,75.35365
Autoformer,92,101,69.0,69.2225
Autoformer,92,102,68.0,78.15487
Autoformer,92,103,67.0,66.16902
Autoformer,92,104,66.0,67.94168
Autoformer,92,105,65.0,80.589386
Autoformer,92,106,64.0,73.8936
Autoformer,92,107,63.0,63.685177
Autoformer,92,108,62.0,66.43492
Autoformer,92,109,61.0,63.779305
Autoformer,92,110,60.0,72.82565
Autoformer,92,111,59.0,59.955193
Autoformer,92,112,58.0,58.62045
Autoformer,92,113,57.0,73.76796
Autoformer,92,114,56.0,57.879936
Autoformer,92,115,55.0,68.47387
Autoformer,92,116,54.0,70.19333
Autoformer,92,117,53.0,64.756645
Autoformer,92,118,52.0,65.009514
Autoformer,92,119,51.0,60.825375
Autoformer,92,120,50.0,58.301056
Autoformer,92,121,49.0,47.92886
Autoformer,92,122,48.0,38.925728
Autoformer,92,123,47.0,34.003212
Autoformer,92,124,46.0,41.475983
Autoformer,92,125,45.0,46.28466
Autoformer,92,126,44.0,56.820015
Autoformer,92,127,43.0,46.0799
Autoformer,92,128,42.0,39.77049
Autoformer,92,129,41.0,43.467472
Autoformer,92,130,40.0,41.083855
Autoformer,92,131,39.0,34.06359
Autoformer,92,132,38.0,30.658587
Autoformer,92,133,37.0,22.819265
Autoformer,92,134,36.0,31.404133
Autoformer,92,135,35.0,28.333017
Autoformer,92,136,34.0,20.184032
Autoformer,92,137,33.0,18.59771
Autoformer,92,138,32.0,17.917633
Autoformer,92,139,31.0,26.348448
Autoformer,92,140,30.0,27.608095
Autoformer,92,141,29.0,28.921867
Autoformer,92,142,28.0,22.517702
Autoformer,92,143,27.0,22.089596
Autoformer,92,144,26.0,23.173271
Autoformer,92,145,25.0,19.390047
Autoformer,92,146,24.0,18.380089
Autoformer,92,147,23.0,14.077076
Autoformer,92,148,22.0,11.625083
Autoformer,92,149,21.0,9.840132
Autoformer,92,150,20.0,9.554934
Autoformer,93,30,125.0,104.00864
Autoformer,93,31,125.0,104.363914
Autoformer,93,32,125.0,105.06898
Autoformer,93,33,125.0,103.53908
Autoformer,93,34,125.0,102.78557
Autoformer,93,35,125.0,97.43927
Autoformer,93,36,125.0,93.78532
Autoformer,93,37,125.0,98.3745
Autoformer,93,38,125.0,98.037315
Autoformer,93,39,125.0,98.5765
Autoformer,93,40,125.0,95.69227
Autoformer,93,41,125.0,98.19311
Autoformer,93,42,125.0,95.72471
Autoformer,93,43,125.0,92.97123
Autoformer,93,44,125.0,96.39521
Autoformer,93,45,125.0,103.196396
Autoformer,93,46,125.0,100.079666
Autoformer,93,47,125.0,103.23213
Autoformer,93,48,125.0,99.359665
Autoformer,93,49,125.0,100.60735
Autoformer,93,50,125.0,99.8293
Autoformer,93,51,125.0,100.06913
Autoformer,93,52,125.0,92.454575
Autoformer,93,53,125.0,90.359795
Autoformer,93,54,125.0,99.90775
Autoformer,93,55,125.0,100.74552
Autoformer,93,56,125.0,93.83265
Autoformer,93,57,125.0,96.38734
Autoformer,93,58,125.0,103.54023
Autoformer,93,59,125.0,97.31913
Autoformer,93,60,125.0,97.396255
Autoformer,93,61,125.0,97.43811
Autoformer,93,62,125.0,97.380264
Autoformer,93,63,125.0,98.386856
Autoformer,93,64,125.0,98.16525
Autoformer,93,65,125.0,107.171005
Autoformer,93,66,125.0,107.37568
Autoformer,93,67,125.0,104.62894
Autoformer,93,68,125.0,104.29801
Autoformer,93,69,125.0,99.84396
Autoformer,93,70,125.0,91.23346
Autoformer,93,71,125.0,87.92355
Autoformer,93,72,125.0,95.45772
Autoformer,93,73,125.0,98.147675
Autoformer,93,74,125.0,94.62418
Autoformer,93,75,125.0,93.1809
Autoformer,93,76,125.0,94.74909
Autoformer,93,77,125.0,87.641815
Autoformer,93,78,125.0,88.246254
Autoformer,93,79,125.0,88.1088
Autoformer,93,80,125.0,87.29888
Autoformer,93,81,125.0,83.92685
Autoformer,93,82,125.0,87.77772
Autoformer,93,83,125.0,98.01932
Autoformer,93,84,125.0,95.17179
Autoformer,93,85,125.0,87.54036
Autoformer,93,86,125.0,87.94104
Autoformer,93,87,125.0,83.59248
Autoformer,93,88,125.0,88.82225
Autoformer,93,89,125.0,92.62529
Autoformer,93,90,125.0,97.14639
Autoformer,93,91,125.0,80.91206
Autoformer,93,92,125.0,73.9296
Autoformer,93,93,125.0,79.43293
Autoformer,93,94,125.0,72.22123
Autoformer,93,95,125.0,71.73451
Autoformer,93,96,125.0,67.1701
Autoformer,93,97,125.0,84.56165
Autoformer,93,98,125.0,82.00471
Autoformer,93,99,125.0,85.32671
Autoformer,93,100,125.0,82.49092
Autoformer,93,101,125.0,90.808975
Autoformer,93,102,125.0,92.70304
Autoformer,93,103,125.0,90.073944
Autoformer,93,104,125.0,85.4817
Autoformer,93,105,125.0,89.078384
Autoformer,93,106,125.0,90.4407
Autoformer,93,107,125.0,96.651085
Autoformer,93,108,125.0,80.85989
Autoformer,93,109,125.0,84.99353
Autoformer,93,110,125.0,85.06056
Autoformer,93,111,125.0,84.88384
Autoformer,93,112,125.0,86.27972
Autoformer,93,113,125.0,85.24565
Autoformer,93,114,125.0,82.02537
Autoformer,93,115,125.0,83.71207
Autoformer,93,116,125.0,86.11476
Autoformer,93,117,125.0,80.71625
Autoformer,93,118,125.0,82.023994
Autoformer,93,119,125.0,83.44742
Autoformer,93,120,125.0,88.19257
Autoformer,93,121,125.0,80.8992
Autoformer,93,122,125.0,80.262505
Autoformer,93,123,125.0,77.456795
Autoformer,93,124,125.0,76.73558
Autoformer,93,125,125.0,81.30341
Autoformer,93,126,125.0,88.757965
Autoformer,93,127,125.0,86.46476
Autoformer,93,128,125.0,80.70599
Autoformer,93,129,125.0,77.31687
Autoformer,93,130,125.0,83.179146
Autoformer,93,131,125.0,79.42806
Autoformer,93,132,125.0,86.13596
Autoformer,93,133,125.0,82.14497
Autoformer,93,134,125.0,82.31176
Autoformer,93,135,125.0,76.103485
Autoformer,93,136,125.0,85.49475
Autoformer,93,137,125.0,88.80704
Autoformer,93,138,125.0,92.89984
Autoformer,93,139,125.0,84.781395
Autoformer,93,140,125.0,76.643875
Autoformer,93,141,125.0,65.05377
Autoformer,93,142,125.0,76.120766
Autoformer,93,143,125.0,77.14493
Autoformer,93,144,125.0,87.488945
Autoformer,93,145,125.0,80.64791
Autoformer,93,146,125.0,81.25409
Autoformer,93,147,125.0,73.04484
Autoformer,93,148,125.0,82.224174
Autoformer,93,149,125.0,78.19013
Autoformer,93,150,125.0,85.23705
Autoformer,93,151,125.0,80.71468
Autoformer,93,152,125.0,76.76738
Autoformer,93,153,125.0,80.81297
Autoformer,93,154,125.0,84.94334
Autoformer,93,155,125.0,87.89872
Autoformer,93,156,125.0,80.280464
Autoformer,93,157,125.0,80.79039
Autoformer,93,158,125.0,83.58384
Autoformer,93,159,125.0,74.581696
Autoformer,93,160,125.0,81.34995
Autoformer,93,161,125.0,82.659195
Autoformer,93,162,125.0,75.31363
Autoformer,93,163,125.0,78.18052
Autoformer,93,164,125.0,77.601135
Autoformer,93,165,125.0,75.62895
Autoformer,93,166,125.0,84.717926
Autoformer,93,167,125.0,71.19258
Autoformer,93,168,125.0,70.974556
Autoformer,93,169,125.0,72.128334
Autoformer,93,170,125.0,68.26235
Autoformer,93,171,125.0,69.995125
Autoformer,93,172,125.0,72.97174
Autoformer,93,173,125.0,78.6861
Autoformer,93,174,125.0,79.915764
Autoformer,93,175,125.0,76.77232
Autoformer,93,176,125.0,74.71157
Autoformer,93,177,125.0,72.097855
Autoformer,93,178,125.0,71.958046
Autoformer,93,179,125.0,67.34651
Autoformer,93,180,125.0,69.647
Autoformer,93,181,125.0,73.332054
Autoformer,93,182,125.0,74.09892
Autoformer,93,183,125.0,75.26473
Autoformer,93,184,125.0,66.19578
Autoformer,93,185,125.0,61.761414
Autoformer,93,186,125.0,55.672264
Autoformer,93,187,125.0,69.13324
Autoformer,93,188,125.0,65.85184
Autoformer,93,189,125.0,75.41711
Autoformer,93,190,125.0,70.13041
Autoformer,93,191,125.0,71.7656
Autoformer,93,192,125.0,61.81388
Autoformer,93,193,125.0,58.264385
Autoformer,93,194,125.0,65.64249
Autoformer,93,195,125.0,60.64122
Autoformer,93,196,125.0,60.040478
Autoformer,93,197,125.0,60.254414
Autoformer,93,198,125.0,66.47512
Autoformer,93,199,125.0,57.427402
Autoformer,93,200,125.0,61.79598
Autoformer,93,201,125.0,54.426388
Autoformer,93,202,125.0,52.82077
Autoformer,93,203,125.0,49.0795
Autoformer,93,204,125.0,53.087715
Autoformer,93,205,124.0,58.4305
Autoformer,93,206,123.0,58.28843
Autoformer,93,207,122.0,56.412598
Autoformer,93,208,121.0,58.927364
Autoformer,93,209,120.0,55.42116
Autoformer,93,210,119.0,56.069893
Autoformer,93,211,118.0,55.472946
Autoformer,93,212,117.0,52.228405
Autoformer,93,213,116.0,48.84688
Autoformer,93,214,115.0,51.98623
Autoformer,93,215,114.0,48.434963
Autoformer,93,216,113.0,47.497406
Autoformer,93,217,112.0,46.32486
Autoformer,93,218,111.0,52.517715
Autoformer,93,219,110.0,51.261925
Autoformer,93,220,109.0,52.311695
Autoformer,93,221,108.0,47.184532
Autoformer,93,222,107.0,47.6964
Autoformer,93,223,106.0,42.913185
Autoformer,93,224,105.0,39.851578
Autoformer,93,225,104.0,44.663403
Autoformer,93,226,103.0,41.722797
Autoformer,93,227,102.0,40.941708
Autoformer,93,228,101.0,39.26902
Autoformer,93,229,100.0,42.924107
Autoformer,93,230,99.0,46.489384
Autoformer,93,231,98.0,42.22662
Autoformer,93,232,97.0,44.949387
Autoformer,93,233,96.0,39.8948
Autoformer,93,234,95.0,38.688343
Autoformer,93,235,94.0,37.086784
Autoformer,93,236,93.0,38.775017
Autoformer,93,237,92.0,35.985214
Autoformer,93,238,91.0,38.229187
Autoformer,93,239,90.0,34.778667
Autoformer,93,240,89.0,34.622597
Autoformer,93,241,88.0,35.988255
Autoformer,93,242,87.0,35.114258
Autoformer,93,243,86.0,33.241356
Autoformer,93,244,85.0,36.266174
Autoformer,94,30,125.0,96.36263
Autoformer,94,31,125.0,103.05956
Autoformer,94,32,125.0,101.887
Autoformer,94,33,125.0,100.370804
Autoformer,94,34,125.0,98.70518
Autoformer,94,35,125.0,93.4436
Autoformer,94,36,125.0,97.065475
Autoformer,94,37,125.0,99.48103
Autoformer,94,38,125.0,94.713554
Autoformer,94,39,125.0,98.72355
Autoformer,94,40,125.0,99.00219
Autoformer,94,41,125.0,99.8662
Autoformer,94,42,125.0,104.95052
Autoformer,94,43,125.0,104.31969
Autoformer,94,44,125.0,113.22942
Autoformer,94,45,125.0,108.76566
Autoformer,94,46,125.0,111.32392
Autoformer,94,47,125.0,103.719
Autoformer,94,48,125.0,103.17652
Autoformer,94,49,125.0,99.101685
Autoformer,94,50,125.0,95.95234
Autoformer,94,51,125.0,96.08907
Autoformer,94,52,125.0,90.252144
Autoformer,94,53,125.0,99.30339
Autoformer,94,54,125.0,104.69656
Autoformer,94,55,125.0,103.32149
Autoformer,94,56,125.0,107.27306
Autoformer,94,57,125.0,109.769104
Autoformer,94,58,125.0,107.3126
Autoformer,94,59,125.0,104.57433
Autoformer,94,60,125.0,103.164696
Autoformer,94,61,125.0,105.474976
Autoformer,94,62,125.0,104.642166
Autoformer,94,63,125.0,103.55797
Autoformer,94,64,124.0,106.77268
Autoformer,94,65,123.0,103.328995
Autoformer,94,66,122.0,105.87628
Autoformer,94,67,121.0,104.70422
Autoformer,94,68,120.0,100.81607
Autoformer,94,69,119.0,102.80217
Autoformer,94,70,118.0,100.12233
Autoformer,94,71,117.0,95.54213
Autoformer,94,72,116.0,87.50215
Autoformer,94,73,115.0,86.41431
Autoformer,94,74,114.0,90.71624
Autoformer,94,75,113.0,93.81964
Autoformer,94,76,112.0,91.82576
Autoformer,94,77,111.0,91.59734
Autoformer,94,78,110.0,87.06651
Autoformer,94,79,109.0,95.45669
Autoformer,94,80,108.0,87.14143
Autoformer,94,81,107.0,89.99812
Autoformer,94,82,106.0,93.96667
Autoformer,94,83,105.0,94.65202
Autoformer,94,84,104.0,93.299835
Autoformer,94,85,103.0,92.19701
Autoformer,94,86,102.0,90.536766
Autoformer,94,87,101.0,89.91012
Autoformer,94,88,100.0,83.340614
Autoformer,94,89,99.0,92.125
Autoformer,94,90,98.0,87.54148
Autoformer,94,91,97.0,91.8491
Autoformer,94,92,96.0,85.43085
Autoformer,94,93,95.0,84.15453
Autoformer,94,94,94.0,83.25057
Autoformer,94,95,93.0,86.05969
Autoformer,94,96,92.0,78.37515
Autoformer,94,97,91.0,85.12139
Autoformer,94,98,90.0,81.25192
Autoformer,94,99,89.0,83.9831
Autoformer,94,100,88.0,77.66659
Autoformer,94,101,87.0,81.40949
Autoformer,94,102,86.0,84.2111
Autoformer,94,103,85.0,85.453
Autoformer,94,104,84.0,78.43421
Autoformer,94,105,83.0,73.38215
Autoformer,94,106,82.0,74.24564
Autoformer,94,107,81.0,75.64348
Autoformer,94,108,80.0,76.59967
Autoformer,94,109,79.0,78.0638
Autoformer,94,110,78.0,74.40267
Autoformer,94,111,77.0,81.07471
Autoformer,94,112,76.0,81.07765
Autoformer,94,113,75.0,86.03036
Autoformer,94,114,74.0,85.15311
Autoformer,94,115,73.0,78.72526
Autoformer,94,116,72.0,76.105255
Autoformer,94,117,71.0,74.36144
Autoformer,94,118,70.0,73.005615
Autoformer,94,119,69.0,71.806564
Autoformer,94,120,68.0,59.2866
Autoformer,94,121,67.0,61.790524
Autoformer,94,122,66.0,64.01574
Autoformer,94,123,65.0,66.80768
Autoformer,94,124,64.0,70.01192
Autoformer,94,125,63.0,71.21482
Autoformer,94,126,62.0,70.43877
Autoformer,94,127,61.0,72.30031
Autoformer,94,128,60.0,67.257164
Autoformer,94,129,59.0,72.824104
Autoformer,94,130,58.0,67.731186
Autoformer,94,131,57.0,54.183495
Autoformer,94,132,56.0,58.575066
Autoformer,94,133,55.0,51.308823
Autoformer,95,30,125.0,121.38157
Autoformer,95,31,125.0,124.668365
Autoformer,95,32,125.0,121.27632
Autoformer,95,33,125.0,121.7223
Autoformer,95,34,125.0,127.67311
Autoformer,95,35,125.0,118.03436
Autoformer,95,36,125.0,123.92551
Autoformer,95,37,125.0,122.67933
Autoformer,95,38,125.0,125.54635
Autoformer,95,39,125.0,122.204865
Autoformer,95,40,125.0,121.608116
Autoformer,95,41,125.0,119.91827
Autoformer,95,42,125.0,121.215546
Autoformer,95,43,125.0,122.77925
Autoformer,95,44,125.0,122.73462
Autoformer,95,45,125.0,123.134796
Autoformer,95,46,125.0,123.44697
Autoformer,95,47,125.0,123.97053
Autoformer,95,48,125.0,121.90563
Autoformer,95,49,125.0,123.71785
Autoformer,95,50,125.0,120.334175
Autoformer,95,51,125.0,119.09141
Autoformer,95,52,125.0,120.627625
Autoformer,95,53,125.0,120.92732
Autoformer,95,54,125.0,124.141075
Autoformer,95,55,125.0,120.642555
Autoformer,95,56,125.0,124.59179
Autoformer,95,57,125.0,121.443924
Autoformer,95,58,125.0,123.86465
Autoformer,95,59,125.0,123.9919
Autoformer,95,60,125.0,124.01725
Autoformer,95,61,125.0,124.41025
Autoformer,95,62,125.0,122.47174
Autoformer,95,63,125.0,125.05489
Autoformer,95,64,125.0,123.5272
Autoformer,95,65,125.0,122.69532
Autoformer,95,66,125.0,121.42095
Autoformer,95,67,125.0,119.3208
Autoformer,95,68,125.0,119.60521
Autoformer,95,69,125.0,117.563896
Autoformer,95,70,125.0,122.65873
Autoformer,95,71,125.0,121.68052
Autoformer,95,72,125.0,120.24472
Autoformer,95,73,125.0,122.369415
Autoformer,95,74,125.0,123.26573
Autoformer,95,75,125.0,121.903465
Autoformer,95,76,125.0,122.368706
Autoformer,95,77,125.0,121.396194
Autoformer,95,78,125.0,119.85803
Autoformer,95,79,125.0,116.99299
Autoformer,95,80,125.0,121.49219
Autoformer,95,81,125.0,116.523575
Autoformer,95,82,125.0,122.16877
Autoformer,95,83,125.0,121.06768
Autoformer,95,84,125.0,122.03716
Autoformer,95,85,125.0,119.80764
Autoformer,95,86,125.0,119.85013
Autoformer,95,87,125.0,122.17049
Autoformer,95,88,125.0,120.17111
Autoformer,95,89,125.0,119.20458
Autoformer,96,30,125.0,113.70095
Autoformer,96,31,125.0,113.609245
Autoformer,96,32,125.0,113.34029
Autoformer,96,33,125.0,116.953156
Autoformer,96,34,125.0,115.19567
Autoformer,96,35,125.0,115.0064
Autoformer,96,36,125.0,115.47854
Autoformer,96,37,125.0,115.54501
Autoformer,96,38,125.0,119.34117
Autoformer,96,39,125.0,114.31313
Autoformer,96,40,125.0,117.757065
Autoformer,96,41,125.0,113.57426
Autoformer,96,42,125.0,113.164604
Autoformer,96,43,125.0,112.234436
Autoformer,96,44,125.0,111.05632
Autoformer,96,45,125.0,112.94236
Autoformer,96,46,125.0,113.78348
Autoformer,96,47,125.0,113.57612
Autoformer,96,48,125.0,117.21122
Autoformer,96,49,125.0,111.55147
Autoformer,96,50,125.0,110.72691
Autoformer,96,51,125.0,110.67818
Autoformer,96,52,125.0,110.199905
Autoformer,96,53,125.0,116.94665
Autoformer,96,54,125.0,121.389694
Autoformer,96,55,125.0,117.72468
Autoformer,96,56,125.0,119.03618
Autoformer,96,57,125.0,113.03285
Autoformer,96,58,125.0,112.88164
Autoformer,96,59,125.0,111.37251
Autoformer,96,60,125.0,111.65541
Autoformer,96,61,125.0,111.92686
Autoformer,96,62,125.0,114.24589
Autoformer,96,63,125.0,114.300285
Autoformer,96,64,125.0,114.54287
Autoformer,96,65,125.0,110.4974
Autoformer,96,66,125.0,109.067444
Autoformer,96,67,125.0,110.666405
Autoformer,96,68,125.0,110.53545
Autoformer,96,69,125.0,115.5928
Autoformer,96,70,125.0,119.86694
Autoformer,96,71,125.0,115.91711
Autoformer,96,72,125.0,116.46527
Autoformer,96,73,125.0,115.817825
Autoformer,96,74,125.0,115.43225
Autoformer,96,75,125.0,112.82887
Autoformer,96,76,125.0,117.71341
Autoformer,96,77,125.0,116.361496
Autoformer,96,78,125.0,117.705475
Autoformer,96,79,125.0,113.856384
Autoformer,96,80,125.0,112.97214
Autoformer,96,81,125.0,112.41275
Autoformer,96,82,125.0,112.08333
Autoformer,96,83,125.0,112.254105
Autoformer,96,84,125.0,113.22971
Autoformer,96,85,125.0,112.31241
Autoformer,96,86,125.0,112.58171
Autoformer,96,87,125.0,112.8734
Autoformer,96,88,125.0,110.31611
Autoformer,96,89,125.0,110.667656
Autoformer,96,90,125.0,108.91534
Autoformer,96,91,125.0,108.25371
Autoformer,96,92,125.0,109.31004
Autoformer,96,93,125.0,110.61411
Autoformer,96,94,125.0,110.95191
Autoformer,96,95,125.0,110.929184
Autoformer,96,96,125.0,107.53764
Autoformer,96,97,125.0,113.039024
Autoformer,97,30,125.0,113.69673
Autoformer,97,31,125.0,117.08905
Autoformer,97,32,125.0,116.3406
Autoformer,97,33,125.0,114.72072
Autoformer,97,34,125.0,118.50255
Autoformer,97,35,125.0,118.05525
Autoformer,97,36,125.0,117.6262
Autoformer,97,37,125.0,107.38684
Autoformer,97,38,125.0,106.142586
Autoformer,97,39,125.0,108.22111
Autoformer,97,40,125.0,112.099106
Autoformer,97,41,125.0,111.877365
Autoformer,97,42,125.0,114.79484
Autoformer,97,43,125.0,118.04223
Autoformer,97,44,125.0,116.89013
Autoformer,97,45,125.0,114.09254
Autoformer,97,46,125.0,113.322845
Autoformer,97,47,125.0,110.88877
Autoformer,97,48,125.0,107.63679
Autoformer,97,49,125.0,110.36279
Autoformer,97,50,125.0,110.777336
Autoformer,97,51,125.0,107.18624
Autoformer,97,52,125.0,111.19721
Autoformer,97,53,125.0,110.03806
Autoformer,97,54,125.0,111.49057
Autoformer,97,55,125.0,111.488106
Autoformer,97,56,125.0,109.90203
Autoformer,97,57,125.0,110.8575
Autoformer,97,58,125.0,111.56606
Autoformer,97,59,125.0,111.00262
Autoformer,97,60,125.0,113.14468
Autoformer,97,61,125.0,112.03319
Autoformer,97,62,125.0,109.09525
Autoformer,97,63,125.0,110.70755
Autoformer,97,64,125.0,110.8446
Autoformer,97,65,125.0,113.46202
Autoformer,97,66,125.0,113.118286
Autoformer,97,67,125.0,110.8993
Autoformer,97,68,125.0,107.05151
Autoformer,97,69,125.0,108.58215
Autoformer,97,70,125.0,111.45244
Autoformer,97,71,125.0,107.709564
Autoformer,97,72,125.0,110.89214
Autoformer,97,73,125.0,110.04583
Autoformer,97,74,125.0,109.47001
Autoformer,97,75,125.0,109.319664
Autoformer,97,76,125.0,115.8451
Autoformer,97,77,125.0,110.37144
Autoformer,97,78,125.0,111.26109
Autoformer,97,79,125.0,109.5464
Autoformer,97,80,125.0,111.19371
Autoformer,97,81,125.0,108.34036
Autoformer,97,82,125.0,104.96323
Autoformer,97,83,125.0,106.1592
Autoformer,97,84,125.0,107.02796
Autoformer,97,85,125.0,104.71061
Autoformer,97,86,125.0,110.581566
Autoformer,97,87,125.0,108.800545
Autoformer,97,88,125.0,105.7713
Autoformer,97,89,125.0,107.458244
Autoformer,97,90,125.0,108.412186
Autoformer,97,91,125.0,108.43458
Autoformer,97,92,124.0,108.295395
Autoformer,97,93,123.0,111.06385
Autoformer,97,94,122.0,111.832855
Autoformer,97,95,121.0,110.40267
Autoformer,97,96,120.0,105.55312
Autoformer,97,97,119.0,102.10603
Autoformer,97,98,118.0,99.518295
Autoformer,97,99,117.0,98.29632
Autoformer,97,100,116.0,103.13907
Autoformer,97,101,115.0,107.10613
Autoformer,97,102,114.0,108.26369
Autoformer,97,103,113.0,103.48574
Autoformer,97,104,112.0,99.26627
Autoformer,97,105,111.0,99.01732
Autoformer,97,106,110.0,100.23367
Autoformer,97,107,109.0,106.17077
Autoformer,97,108,108.0,101.365204
Autoformer,97,109,107.0,96.8902
Autoformer,97,110,106.0,96.53862
Autoformer,97,111,105.0,98.50815
Autoformer,97,112,104.0,98.37593
Autoformer,97,113,103.0,98.97602
Autoformer,97,114,102.0,105.23528
Autoformer,97,115,101.0,103.843445
Autoformer,97,116,100.0,104.415375
Autoformer,97,117,99.0,103.79543
Autoformer,97,118,98.0,100.30007
Autoformer,97,119,97.0,98.17653
Autoformer,97,120,96.0,96.04188
Autoformer,97,121,95.0,96.32721
Autoformer,97,122,94.0,97.142166
Autoformer,97,123,93.0,99.26917
Autoformer,97,124,92.0,99.44527
Autoformer,97,125,91.0,98.52291
Autoformer,97,126,90.0,100.252106
Autoformer,97,127,89.0,97.88488
Autoformer,97,128,88.0,98.33095
Autoformer,97,129,87.0,97.81049
Autoformer,97,130,86.0,97.54112
Autoformer,97,131,85.0,95.862755
Autoformer,97,132,84.0,97.99335
Autoformer,97,133,83.0,91.88127
Autoformer,97,134,82.0,89.76581
Autoformer,98,30,125.0,117.966095
Autoformer,98,31,125.0,113.50826
Autoformer,98,32,125.0,113.562225
Autoformer,98,33,125.0,106.55873
Autoformer,98,34,125.0,103.36125
Autoformer,98,35,125.0,106.318115
Autoformer,98,36,125.0,108.58154
Autoformer,98,37,125.0,114.83237
Autoformer,98,38,125.0,112.177895
Autoformer,98,39,125.0,114.526566
Autoformer,98,40,125.0,111.52124
Autoformer,98,41,125.0,111.61595
Autoformer,98,42,125.0,112.35632
Autoformer,98,43,125.0,111.16975
Autoformer,98,44,125.0,113.21605
Autoformer,98,45,125.0,111.35631
Autoformer,98,46,125.0,113.74615
Autoformer,98,47,125.0,114.81653
Autoformer,98,48,125.0,115.250084
Autoformer,98,49,125.0,113.21665
Autoformer,98,50,125.0,107.23245
Autoformer,98,51,125.0,100.76981
Autoformer,98,52,125.0,100.479004
Autoformer,98,53,125.0,99.33608
Autoformer,98,54,125.0,98.59101
Autoformer,98,55,125.0,101.05304
Autoformer,98,56,124.0,98.37065
Autoformer,98,57,123.0,105.57643
Autoformer,98,58,122.0,109.86795
Autoformer,98,59,121.0,109.090324
Autoformer,98,60,120.0,108.657974
Autoformer,98,61,119.0,101.26676
Autoformer,98,62,118.0,101.8463
Autoformer,98,63,117.0,99.27683
Autoformer,98,64,116.0,95.932526
Autoformer,98,65,115.0,105.01609
Autoformer,98,66,114.0,102.72491
Autoformer,98,67,113.0,100.31038
Autoformer,98,68,112.0,105.88921
Autoformer,98,69,111.0,114.56611
Autoformer,98,70,110.0,114.66999
Autoformer,98,71,109.0,106.639336
Autoformer,98,72,108.0,107.06898
Autoformer,98,73,107.0,104.874306
Autoformer,98,74,106.0,97.77295
Autoformer,98,75,105.0,105.73024
Autoformer,98,76,104.0,103.95831
Autoformer,98,77,103.0,103.91022
Autoformer,98,78,102.0,92.823814
Autoformer,98,79,101.0,91.85335
Autoformer,98,80,100.0,88.631836
Autoformer,98,81,99.0,91.08253
Autoformer,98,82,98.0,90.770966
Autoformer,98,83,97.0,92.7326
Autoformer,98,84,96.0,94.2115
Autoformer,98,85,95.0,101.76921
Autoformer,98,86,94.0,99.30022
Autoformer,98,87,93.0,95.54458
Autoformer,98,88,92.0,90.18108
Autoformer,98,89,91.0,94.23658
Autoformer,98,90,90.0,98.40505
Autoformer,98,91,89.0,97.49116
Autoformer,98,92,88.0,98.07483
Autoformer,98,93,87.0,100.862724
Autoformer,98,94,86.0,105.74418
Autoformer,98,95,85.0,100.098755
Autoformer,98,96,84.0,93.5959
Autoformer,98,97,83.0,100.00665
Autoformer,98,98,82.0,97.423325
Autoformer,98,99,81.0,99.04363
Autoformer,98,100,80.0,101.25538
Autoformer,98,101,79.0,99.6704
Autoformer,98,102,78.0,103.84914
Autoformer,98,103,77.0,91.90224
Autoformer,98,104,76.0,89.41786
Autoformer,98,105,75.0,90.08188
Autoformer,98,106,74.0,87.598465
Autoformer,98,107,73.0,92.13035
Autoformer,98,108,72.0,93.23917
Autoformer,98,109,71.0,94.01035
Autoformer,98,110,70.0,83.33223
Autoformer,98,111,69.0,85.9789
Autoformer,98,112,68.0,81.221085
Autoformer,98,113,67.0,80.677246
Autoformer,98,114,66.0,83.32313
Autoformer,98,115,65.0,81.963
Autoformer,98,116,64.0,91.24703
Autoformer,98,117,63.0,93.13976
Autoformer,98,118,62.0,87.34879
Autoformer,98,119,61.0,77.24966
Autoformer,98,120,60.0,74.309715
Autoformer,98,121,59.0,72.617546
Autoformer,99,30,125.0,117.70619
Autoformer,99,31,125.0,118.66498
Autoformer,99,32,125.0,121.48345
Autoformer,99,33,125.0,122.09534
Autoformer,99,34,125.0,122.65609
Autoformer,99,35,125.0,119.669624
Autoformer,99,36,125.0,118.673454
Autoformer,99,37,125.0,122.45888
Autoformer,99,38,125.0,123.62392
Autoformer,99,39,125.0,121.81261
Autoformer,99,40,125.0,119.9692
Autoformer,99,41,125.0,118.34093
Autoformer,99,42,125.0,115.71469
Autoformer,99,43,125.0,117.440384
Autoformer,99,44,125.0,116.60884
Autoformer,99,45,125.0,119.3497
Autoformer,99,46,125.0,116.729065
Autoformer,99,47,125.0,116.80519
Autoformer,99,48,125.0,114.369965
Autoformer,99,49,125.0,116.49132
Autoformer,99,50,125.0,116.03187
Autoformer,99,51,125.0,118.15524
Autoformer,99,52,125.0,121.668304
Autoformer,99,53,125.0,121.419785
Autoformer,99,54,125.0,119.30457
Autoformer,99,55,125.0,120.48825
Autoformer,99,56,125.0,120.596535
Autoformer,99,57,125.0,118.917755
Autoformer,99,58,125.0,121.030815
Autoformer,99,59,125.0,122.66588
Autoformer,99,60,125.0,119.917564
Autoformer,99,61,125.0,119.9998
Autoformer,99,62,125.0,119.75058
Autoformer,99,63,125.0,118.136086
Autoformer,99,64,125.0,117.12405
Autoformer,99,65,125.0,117.780754
Autoformer,99,66,125.0,117.95295
Autoformer,99,67,125.0,120.18699
Autoformer,99,68,125.0,120.54133
Autoformer,99,69,125.0,122.55507
Autoformer,99,70,125.0,121.76934
Autoformer,99,71,125.0,121.893875
Autoformer,99,72,125.0,118.7925
Autoformer,99,73,125.0,115.26799
Autoformer,99,74,125.0,119.5856
Autoformer,99,75,125.0,115.60936
Autoformer,99,76,125.0,118.138176
Autoformer,99,77,125.0,115.88365
Autoformer,99,78,125.0,122.10629
Autoformer,99,79,125.0,117.37716
Autoformer,99,80,125.0,118.03649
Autoformer,99,81,125.0,114.96487
Autoformer,99,82,125.0,112.7825
Autoformer,99,83,125.0,114.21084
Autoformer,99,84,125.0,116.45815
Autoformer,99,85,125.0,114.81168
Autoformer,99,86,125.0,114.78774
Autoformer,99,87,125.0,113.8277
Autoformer,99,88,125.0,116.16238
Autoformer,99,89,125.0,114.72522
Autoformer,99,90,124.0,111.43964
Autoformer,99,91,123.0,114.53968
Autoformer,99,92,122.0,115.068474
Autoformer,99,93,121.0,113.74493
Autoformer,99,94,120.0,111.932434
Autoformer,99,95,119.0,112.082985
Autoformer,99,96,118.0,113.221756
Autoformer,99,97,117.0,110.74678
Autoformer,100,30,125.0,121.4582
Autoformer,100,31,125.0,122.87076
Autoformer,100,32,125.0,120.413086
Autoformer,100,33,125.0,118.61271
Autoformer,100,34,125.0,119.063866
Autoformer,100,35,125.0,121.01508
Autoformer,100,36,125.0,120.5948
Autoformer,100,37,125.0,120.23631
Autoformer,100,38,125.0,118.68867
Autoformer,100,39,125.0,121.66114
Autoformer,100,40,125.0,122.96527
Autoformer,100,41,125.0,122.27943
Autoformer,100,42,125.0,123.80583
Autoformer,100,43,125.0,123.2337
Autoformer,100,44,125.0,122.05569
Autoformer,100,45,125.0,121.6839
Autoformer,100,46,125.0,119.61939
Autoformer,100,47,125.0,123.73679
Autoformer,100,48,125.0,122.62372
Autoformer,100,49,125.0,123.00353
Autoformer,100,50,125.0,118.24454
Autoformer,100,51,125.0,120.1757
Autoformer,100,52,125.0,118.60179
Autoformer,100,53,125.0,118.92882
Autoformer,100,54,125.0,120.9707
Autoformer,100,55,125.0,122.0302
Autoformer,100,56,125.0,124.23358
Autoformer,100,57,125.0,124.17493
Autoformer,100,58,125.0,122.62192
Autoformer,100,59,125.0,120.74457
Autoformer,100,60,125.0,115.926476
Autoformer,100,61,125.0,116.22223
Autoformer,100,62,125.0,119.983444
Autoformer,100,63,125.0,120.14475
Autoformer,100,64,125.0,118.37984
Autoformer,100,65,125.0,120.53106
Autoformer,100,66,125.0,120.39729
Autoformer,100,67,125.0,122.83669
Autoformer,100,68,125.0,118.295906
Autoformer,100,69,125.0,120.6848
Autoformer,100,70,125.0,120.02594
Autoformer,100,71,125.0,117.35788
Autoformer,100,72,125.0,118.77953
Autoformer,100,73,125.0,121.05982
Autoformer,100,74,125.0,120.47444
Autoformer,100,75,125.0,119.49149
Autoformer,100,76,125.0,117.01562
Autoformer,100,77,125.0,115.84872
Autoformer,100,78,125.0,114.503204
Autoformer,100,79,125.0,112.88527
Autoformer,100,80,125.0,114.26794
Autoformer,100,81,125.0,115.8878
Autoformer,100,82,125.0,118.46302
Autoformer,100,83,125.0,122.81476
Autoformer,100,84,125.0,124.29545
Autoformer,100,85,125.0,123.004036
Autoformer,100,86,125.0,117.08469
Autoformer,100,87,125.0,113.70974
Autoformer,100,88,125.0,117.3122
Autoformer,100,89,125.0,115.09904
Autoformer,100,90,125.0,117.16599
Autoformer,100,91,125.0,116.96865
Autoformer,100,92,125.0,117.496086
Autoformer,100,93,125.0,113.59348
Autoformer,100,94,124.0,112.02254
Autoformer,100,95,123.0,110.51583
Autoformer,100,96,122.0,111.56123
Autoformer,100,97,121.0,110.89216
Autoformer,100,98,120.0,115.472534
Autoformer,100,99,119.0,113.773224
Autoformer,100,100,118.0,111.50744
Autoformer,100,101,117.0,114.76051
Autoformer,100,102,116.0,115.20258
Autoformer,100,103,115.0,112.92669
Autoformer,100,104,114.0,110.90651
Autoformer,100,105,113.0,108.31223
Autoformer,100,106,112.0,105.50567
Autoformer,100,107,111.0,106.70819
Autoformer,100,108,110.0,109.937355
Autoformer,100,109,109.0,112.719826
Autoformer,100,110,108.0,109.9842
Autoformer,100,111,107.0,113.57697
Autoformer,100,112,106.0,111.35002
Autoformer,100,113,105.0,109.862076
Autoformer,100,114,104.0,108.677216
Autoformer,100,115,103.0,106.78972
Autoformer,100,116,102.0,107.40734
Autoformer,100,117,101.0,111.20824
Autoformer,100,118,100.0,108.97082
Autoformer,100,119,99.0,109.52059
Autoformer,100,120,98.0,106.52457
Autoformer,100,121,97.0,107.84589
Autoformer,100,122,96.0,112.46937
Autoformer,100,123,95.0,109.62388
Autoformer,100,124,94.0,104.58524
Autoformer,100,125,93.0,96.9854
Autoformer,100,126,92.0,95.79167
Autoformer,100,127,91.0,99.39384
Autoformer,100,128,90.0,102.5502
Autoformer,100,129,89.0,100.660576
Autoformer,100,130,88.0,98.03265
Autoformer,100,131,87.0,96.09076
Autoformer,100,132,86.0,96.48671
Autoformer,100,133,85.0,95.45344
Autoformer,100,134,84.0,99.51934
Autoformer,100,135,83.0,98.54853
Autoformer,100,136,82.0,98.73353
Autoformer,100,137,81.0,101.114006
Autoformer,100,138,80.0,98.90824
Autoformer,100,139,79.0,98.14061
Autoformer,100,140,78.0,95.96756
Autoformer,100,141,77.0,94.751724
Autoformer,100,142,76.0,94.80343
Autoformer,100,143,75.0,91.95797
Autoformer,100,144,74.0,88.16525
Autoformer,100,145,73.0,86.07277
Autoformer,100,146,72.0,87.52066
Autoformer,100,147,71.0,90.23771
Autoformer,100,148,70.0,90.79282
Autoformer,100,149,69.0,87.6216
Autoformer,100,150,68.0,85.85674
Autoformer,100,151,67.0,76.64262
Autoformer,100,152,66.0,72.945854
Autoformer,100,153,65.0,77.15551
Autoformer,100,154,64.0,76.61826
Autoformer,100,155,63.0,78.180626
Autoformer,100,156,62.0,84.30754
Autoformer,100,157,61.0,80.989235
Autoformer,100,158,60.0,76.00023
Autoformer,100,159,59.0,73.76985
Autoformer,100,160,58.0,75.14468
Autoformer,100,161,57.0,66.416405
Autoformer,100,162,56.0,61.65782
Autoformer,100,163,55.0,59.638096
Autoformer,100,164,54.0,58.91417
Autoformer,100,165,53.0,54.255615
Autoformer,100,166,52.0,53.0066
Autoformer,100,167,51.0,49.46476
Autoformer,100,168,50.0,51.710262
Autoformer,100,169,49.0,51.140953
Autoformer,100,170,48.0,51.547283
Autoformer,100,171,47.0,49.309265
Autoformer,100,172,46.0,43.14324
Autoformer,100,173,45.0,46.504852
Autoformer,100,174,44.0,48.502094
Autoformer,100,175,43.0,50.434155
Autoformer,100,176,42.0,44.128258
Autoformer,100,177,41.0,41.622257
Autoformer,100,178,40.0,35.131508
Autoformer,100,179,39.0,35.72493
Autoformer,100,180,38.0,36.05648
Autoformer,100,181,37.0,38.484467
Autoformer,100,182,36.0,34.997414
Autoformer,100,183,35.0,35.02474
Autoformer,100,184,34.0,30.229496
Autoformer,100,185,33.0,28.573332
Autoformer,100,186,32.0,28.509542
Autoformer,100,187,31.0,25.73366
Autoformer,100,188,30.0,28.595497
Autoformer,100,189,29.0,26.02575
Autoformer,100,190,28.0,24.353745
Autoformer,100,191,27.0,24.53643
Autoformer,100,192,26.0,23.026634
Autoformer,100,193,25.0,22.50434
Autoformer,100,194,24.0,20.428585
Autoformer,100,195,23.0,19.654219
Autoformer,100,196,22.0,20.768433
Autoformer,100,197,21.0,18.5993
Autoformer,100,198,20.0,15.160273
LSTM,1,30,113.0,111.03655
LSTM,1,31,112.0,109.23724
LSTM,2,30,117.0,106.724625
LSTM,2,31,116.0,104.38744
LSTM,2,32,115.0,99.587364
LSTM,2,33,114.0,106.34314
LSTM,2,34,113.0,113.27471
LSTM,2,35,112.0,115.54066
LSTM,2,36,111.0,117.56028
LSTM,2,37,110.0,119.501175
LSTM,2,38,109.0,118.4036
LSTM,2,39,108.0,114.20237
LSTM,2,40,107.0,113.72327
LSTM,2,41,106.0,116.28136
LSTM,2,42,105.0,112.70803
LSTM,2,43,104.0,109.63346
LSTM,2,44,103.0,106.39485
LSTM,2,45,102.0,111.954124
LSTM,2,46,101.0,113.10206
LSTM,2,47,100.0,119.24694
LSTM,2,48,99.0,119.7425
LSTM,2,49,98.0,119.79414
LSTM,3,30,125.0,94.02604
LSTM,3,31,125.0,89.99814
LSTM,3,32,125.0,98.60791
LSTM,3,33,125.0,88.43457
LSTM,3,34,125.0,75.873856
LSTM,3,35,125.0,81.13991
LSTM,3,36,125.0,87.1911
LSTM,3,37,125.0,96.1701
LSTM,3,38,125.0,102.078636
LSTM,3,39,125.0,101.58497
LSTM,3,40,125.0,102.6197
LSTM,3,41,125.0,106.47181
LSTM,3,42,125.0,105.830605
LSTM,3,43,125.0,106.92731
LSTM,3,44,125.0,107.15635
LSTM,3,45,125.0,102.63029
LSTM,3,46,125.0,109.08547
LSTM,3,47,125.0,110.03639
LSTM,3,48,125.0,112.95091
LSTM,3,49,125.0,114.36887
LSTM,3,50,125.0,112.97905
LSTM,3,51,125.0,114.697586
LSTM,3,52,125.0,117.41549
LSTM,3,53,125.0,116.76526
LSTM,3,54,125.0,118.65479
LSTM,3,55,125.0,118.332954
LSTM,3,56,125.0,120.63283
LSTM,3,57,125.0,120.88438
LSTM,3,58,125.0,120.412125
LSTM,3,59,125.0,120.02097
LSTM,3,60,125.0,117.786064
LSTM,3,61,125.0,116.817444
LSTM,3,62,125.0,119.45644
LSTM,3,63,125.0,113.503044
LSTM,3,64,125.0,112.90442
LSTM,3,65,125.0,113.02276
LSTM,3,66,125.0,113.28253
LSTM,3,67,125.0,117.29504
LSTM,3,68,125.0,117.00754
LSTM,3,69,125.0,115.0957
LSTM,3,70,125.0,114.9535
LSTM,3,71,124.0,116.74452
LSTM,3,72,123.0,115.16529
LSTM,3,73,122.0,114.81573
LSTM,3,74,121.0,113.66582
LSTM,3,75,120.0,110.20942
LSTM,3,76,119.0,109.57396
LSTM,3,77,118.0,106.38021
LSTM,3,78,117.0,110.1081
LSTM,3,79,116.0,112.24152
LSTM,3,80,115.0,113.363106
LSTM,3,81,114.0,115.033455
LSTM,3,82,113.0,118.40922
LSTM,3,83,112.0,117.64628
LSTM,3,84,111.0,115.667854
LSTM,3,85,110.0,115.78857
LSTM,3,86,109.0,116.911224
LSTM,3,87,108.0,109.792076
LSTM,3,88,107.0,101.629036
LSTM,3,89,106.0,97.981384
LSTM,3,90,105.0,97.11392
LSTM,3,91,104.0,102.28238
LSTM,3,92,103.0,104.421104
LSTM,3,93,102.0,100.174774
LSTM,3,94,101.0,101.28425
LSTM,3,95,100.0,94.26116
LSTM,3,96,99.0,95.39956
LSTM,3,97,98.0,102.500565
LSTM,3,98,97.0,103.73213
LSTM,3,99,96.0,104.22131
LSTM,3,100,95.0,103.949684
LSTM,3,101,94.0,105.04928
LSTM,3,102,93.0,99.20123
LSTM,3,103,92.0,98.506714
LSTM,3,104,91.0,94.40043
LSTM,3,105,90.0,93.01896
LSTM,3,106,89.0,95.03907
LSTM,3,107,88.0,98.120094
LSTM,3,108,87.0,101.840675
LSTM,3,109,86.0,101.95562
LSTM,3,110,85.0,107.10927
LSTM,3,111,84.0,107.592575
LSTM,3,112,83.0,105.35663
LSTM,3,113,82.0,102.14375
LSTM,3,114,81.0,97.080025
LSTM,3,115,80.0,96.20096
LSTM,3,116,79.0,96.30476
LSTM,3,117,78.0,88.01086
LSTM,3,118,77.0,80.93607
LSTM,3,119,76.0,78.61629
LSTM,3,120,75.0,67.44457
LSTM,3,121,74.0,68.14208
LSTM,3,122,73.0,65.39894
LSTM,3,123,72.0,61.059494
LSTM,3,124,71.0,57.696823
LSTM,3,125,70.0,51.61402
LSTM,3,126,69.0,51.456078
LSTM,4,30,125.0,119.19685
LSTM,4,31,125.0,119.99075
LSTM,4,32,125.0,118.03472
LSTM,4,33,125.0,119.812294
LSTM,4,34,125.0,119.81504
LSTM,4,35,125.0,119.413
LSTM,4,36,125.0,121.42771
LSTM,4,37,125.0,121.16978
LSTM,4,38,125.0,119.82837
LSTM,4,39,125.0,120.34253
LSTM,4,40,125.0,120.83471
LSTM,4,41,125.0,120.11678
LSTM,4,42,125.0,121.42668
LSTM,4,43,125.0,120.680275
LSTM,4,44,125.0,119.7475
LSTM,4,45,125.0,117.72954
LSTM,4,46,125.0,110.942245
LSTM,4,47,125.0,100.4035
LSTM,4,48,125.0,108.18123
LSTM,4,49,125.0,109.504654
LSTM,4,50,125.0,107.31706
LSTM,4,51,125.0,104.259315
LSTM,4,52,125.0,112.966286
LSTM,4,53,125.0,107.24751
LSTM,4,54,125.0,111.19377
LSTM,4,55,125.0,113.92854
LSTM,4,56,125.0,113.99924
LSTM,4,57,125.0,115.73431
LSTM,4,58,125.0,114.50545
LSTM,4,59,125.0,113.69556
LSTM,4,60,125.0,113.26454
LSTM,4,61,125.0,116.533936
LSTM,4,62,125.0,112.472755
LSTM,4,63,125.0,113.126595
LSTM,4,64,124.0,115.52309
LSTM,4,65,123.0,108.89716
LSTM,4,66,122.0,112.77589
LSTM,4,67,121.0,115.67347
LSTM,4,68,120.0,115.39092
LSTM,4,69,119.0,116.17313
LSTM,4,70,118.0,115.226074
LSTM,4,71,117.0,115.563324
LSTM,4,72,116.0,115.83955
LSTM,4,73,115.0,110.92702
LSTM,4,74,114.0,102.38293
LSTM,4,75,113.0,94.36982
LSTM,4,76,112.0,77.93684
LSTM,4,77,111.0,78.288086
LSTM,4,78,110.0,84.712135
LSTM,4,79,109.0,83.55951
LSTM,4,80,108.0,78.529144
LSTM,4,81,107.0,78.57438
LSTM,4,82,106.0,81.83182
LSTM,4,83,105.0,85.41581
LSTM,4,84,104.0,96.12064
LSTM,4,85,103.0,94.99812
LSTM,4,86,102.0,98.16651
LSTM,4,87,101.0,97.81663
LSTM,4,88,100.0,102.30263
LSTM,4,89,99.0,104.46759
LSTM,4,90,98.0,107.59524
LSTM,4,91,97.0,112.52189
LSTM,4,92,96.0,115.58783
LSTM,4,93,95.0,116.4023
LSTM,4,94,94.0,117.51882
LSTM,4,95,93.0,115.429
LSTM,4,96,92.0,116.51796
LSTM,4,97,91.0,118.09236
LSTM,4,98,90.0,117.673386
LSTM,4,99,89.0,116.42949
LSTM,4,100,88.0,115.00779
LSTM,4,101,87.0,110.86582
LSTM,4,102,86.0,111.44451
LSTM,4,103,85.0,107.62163
LSTM,4,104,84.0,103.90549
LSTM,4,105,83.0,96.29852
LSTM,4,106,82.0,84.96208
LSTM,5,30,125.0,118.00156
LSTM,5,31,125.0,120.81976
LSTM,5,32,125.0,120.68831
LSTM,5,33,125.0,120.75296
LSTM,5,34,125.0,121.95687
LSTM,5,35,125.0,122.87617
LSTM,5,36,125.0,123.18447
LSTM,5,37,125.0,121.39632
LSTM,5,38,125.0,119.16298
LSTM,5,39,125.0,116.172226
LSTM,5,40,125.0,100.281105
LSTM,5,41,125.0,94.39647
LSTM,5,42,125.0,87.93446
LSTM,5,43,125.0,91.07568
LSTM,5,44,125.0,77.729744
LSTM,5,45,125.0,83.76352
LSTM,5,46,125.0,90.86689
LSTM,5,47,125.0,91.58121
LSTM,5,48,125.0,90.59557
LSTM,5,49,125.0,89.05779
LSTM,5,50,125.0,89.97033
LSTM,5,51,125.0,95.27019
LSTM,5,52,125.0,99.27648
LSTM,5,53,125.0,95.27598
LSTM,5,54,125.0,103.68339
LSTM,5,55,125.0,98.65809
LSTM,5,56,125.0,104.3366
LSTM,5,57,125.0,111.96691
LSTM,5,58,125.0,109.831985
LSTM,5,59,125.0,110.74441
LSTM,5,60,125.0,112.533615
LSTM,5,61,125.0,116.17345
LSTM,5,62,125.0,116.891846
LSTM,5,63,125.0,117.73542
LSTM,5,64,125.0,117.99881
LSTM,5,65,124.0,119.66078
LSTM,5,66,123.0,120.25887
LSTM,5,67,122.0,119.5367
LSTM,5,68,121.0,119.152176
LSTM,5,69,120.0,118.319214
LSTM,5,70,119.0,115.47345
LSTM,5,71,118.0,109.58862
LSTM,5,72,117.0,103.26638
LSTM,5,73,116.0,109.05461
LSTM,5,74,115.0,95.534386
LSTM,5,75,114.0,99.8318
LSTM,5,76,113.0,96.52728
LSTM,5,77,112.0,97.33583
LSTM,5,78,111.0,98.30262
LSTM,5,79,110.0,94.8229
LSTM,5,80,109.0,102.69858
LSTM,5,81,108.0,100.73921
LSTM,5,82,107.0,105.57842
LSTM,5,83,106.0,105.27296
LSTM,5,84,105.0,106.18435
LSTM,5,85,104.0,101.363495
LSTM,5,86,103.0,109.609955
LSTM,5,87,102.0,106.37595
LSTM,5,88,101.0,101.918816
LSTM,5,89,100.0,102.33192
LSTM,5,90,99.0,103.309296
LSTM,5,91,98.0,104.42229
LSTM,5,92,97.0,103.26826
LSTM,5,93,96.0,102.70556
LSTM,5,94,95.0,100.56763
LSTM,5,95,94.0,103.77801
LSTM,5,96,93.0,102.56658
LSTM,5,97,92.0,104.93988
LSTM,5,98,91.0,105.3027
LSTM,6,30,125.0,117.99295
LSTM,6,31,125.0,118.03053
LSTM,6,32,125.0,111.38305
LSTM,6,33,125.0,108.805305
LSTM,6,34,125.0,112.22479
LSTM,6,35,125.0,115.05557
LSTM,6,36,125.0,116.77549
LSTM,6,37,125.0,118.114044
LSTM,6,38,125.0,120.2727
LSTM,6,39,125.0,122.3341
LSTM,6,40,125.0,122.886765
LSTM,6,41,125.0,124.00213
LSTM,6,42,125.0,122.62225
LSTM,6,43,125.0,122.48972
LSTM,6,44,125.0,116.9661
LSTM,6,45,125.0,110.84081
LSTM,6,46,125.0,113.487045
LSTM,6,47,125.0,116.848946
LSTM,6,48,125.0,120.97244
LSTM,6,49,125.0,122.168495
LSTM,6,50,125.0,121.178604
LSTM,6,51,125.0,121.44056
LSTM,6,52,125.0,121.3972
LSTM,6,53,125.0,121.57618
LSTM,6,54,125.0,122.16543
LSTM,6,55,125.0,119.73955
LSTM,6,56,125.0,121.912605
LSTM,6,57,125.0,117.43741
LSTM,6,58,125.0,120.46825
LSTM,6,59,125.0,121.65044
LSTM,6,60,125.0,120.80428
LSTM,6,61,125.0,120.05598
LSTM,6,62,125.0,109.49709
LSTM,6,63,125.0,105.89005
LSTM,6,64,125.0,104.93154
LSTM,6,65,125.0,99.48196
LSTM,6,66,125.0,103.01554
LSTM,6,67,125.0,105.22511
LSTM,6,68,125.0,110.306786
LSTM,6,69,125.0,113.362854
LSTM,6,70,125.0,111.42316
LSTM,6,71,125.0,113.79778
LSTM,6,72,125.0,113.48476
LSTM,6,73,125.0,116.8696
LSTM,6,74,124.0,107.715416
LSTM,6,75,123.0,108.36846
LSTM,6,76,122.0,107.84832
LSTM,6,77,121.0,110.789314
LSTM,6,78,120.0,112.663795
LSTM,6,79,119.0,115.45877
LSTM,6,80,118.0,112.386444
LSTM,6,81,117.0,116.6006
LSTM,6,82,116.0,115.05682
LSTM,6,83,115.0,113.06156
LSTM,6,84,114.0,117.53565
LSTM,6,85,113.0,115.26886
LSTM,6,86,112.0,116.278595
LSTM,6,87,111.0,116.48689
LSTM,6,88,110.0,119.6695
LSTM,6,89,109.0,119.36493
LSTM,6,90,108.0,119.68318
LSTM,6,91,107.0,120.9849
LSTM,6,92,106.0,117.7604
LSTM,6,93,105.0,119.800644
LSTM,6,94,104.0,119.96369
LSTM,6,95,103.0,116.46334
LSTM,6,96,102.0,111.104744
LSTM,6,97,101.0,113.67297
LSTM,6,98,100.0,112.802216
LSTM,6,99,99.0,113.19643
LSTM,6,100,98.0,109.44105
LSTM,6,101,97.0,105.58094
LSTM,6,102,96.0,99.39207
LSTM,6,103,95.0,104.8821
LSTM,6,104,94.0,106.359604
LSTM,6,105,93.0,110.95031
LSTM,7,30,125.0,120.099754
LSTM,7,31,125.0,118.77626
LSTM,7,32,125.0,119.20245
LSTM,7,33,125.0,119.794685
LSTM,7,34,125.0,119.77725
LSTM,7,35,125.0,119.160194
LSTM,7,36,125.0,118.48959
LSTM,7,37,125.0,118.68713
LSTM,7,38,125.0,118.59599
LSTM,7,39,125.0,117.712616
LSTM,7,40,125.0,116.765724
LSTM,7,41,125.0,115.26476
LSTM,7,42,125.0,115.94519
LSTM,7,43,125.0,115.81661
LSTM,7,44,125.0,113.423096
LSTM,7,45,125.0,114.044075
LSTM,7,46,125.0,114.26147
LSTM,7,47,125.0,111.083626
LSTM,7,48,125.0,111.98609
LSTM,7,49,125.0,111.17532
LSTM,7,50,125.0,113.321915
LSTM,7,51,125.0,117.020325
LSTM,7,52,125.0,119.36615
LSTM,7,53,125.0,118.91645
LSTM,7,54,125.0,118.16575
LSTM,7,55,125.0,118.28353
LSTM,7,56,125.0,118.3345
LSTM,7,57,125.0,119.838
LSTM,7,58,125.0,119.62396
LSTM,7,59,125.0,119.67969
LSTM,7,60,125.0,120.07477
LSTM,7,61,125.0,119.867485
LSTM,7,62,125.0,120.41769
LSTM,7,63,125.0,120.559425
LSTM,7,64,125.0,120.53907
LSTM,7,65,125.0,120.966095
LSTM,7,66,125.0,121.155876
LSTM,7,67,125.0,120.26167
LSTM,7,68,125.0,120.09623
LSTM,7,69,125.0,120.195595
LSTM,7,70,125.0,120.68945
LSTM,7,71,125.0,120.16179
LSTM,7,72,125.0,120.26619
LSTM,7,73,125.0,119.984825
LSTM,7,74,125.0,119.24627
LSTM,7,75,125.0,118.81945
LSTM,7,76,125.0,119.626724
LSTM,7,77,125.0,118.06427
LSTM,7,78,125.0,117.25082
LSTM,7,79,125.0,115.80992
LSTM,7,80,125.0,114.0607
LSTM,7,81,125.0,114.43124
LSTM,7,82,125.0,115.53137
LSTM,7,83,125.0,113.65077
LSTM,7,84,125.0,115.73649
LSTM,7,85,125.0,117.52136
LSTM,7,86,125.0,115.571205
LSTM,7,87,125.0,114.17478
LSTM,7,88,125.0,112.579544
LSTM,7,89,125.0,111.71955
LSTM,7,90,125.0,111.28095
LSTM,7,91,125.0,113.906624
LSTM,7,92,125.0,116.60863
LSTM,7,93,125.0,117.059006
LSTM,7,94,125.0,115.68456
LSTM,7,95,125.0,117.27272
LSTM,7,96,125.0,117.21505
LSTM,7,97,125.0,117.08926
LSTM,7,98,125.0,116.1844
LSTM,7,99,125.0,114.815735
LSTM,7,100,125.0,116.48123
LSTM,7,101,125.0,115.07083
LSTM,7,102,125.0,118.52786
LSTM,7,103,125.0,116.35187
LSTM,7,104,125.0,117.06628
LSTM,7,105,125.0,117.33016
LSTM,7,106,125.0,118.53112
LSTM,7,107,125.0,115.68913
LSTM,7,108,125.0,116.235085
LSTM,7,109,125.0,117.192505
LSTM,7,110,125.0,116.70988
LSTM,7,111,125.0,113.624916
LSTM,7,112,125.0,114.727615
LSTM,7,113,125.0,110.76336
LSTM,7,114,125.0,109.425835
LSTM,7,115,125.0,109.25138
LSTM,7,116,125.0,113.89298
LSTM,7,117,125.0,109.90423
LSTM,7,118,125.0,107.52428
LSTM,7,119,125.0,94.843285
LSTM,7,120,125.0,93.257774
LSTM,7,121,125.0,100.890724
LSTM,7,122,125.0,104.871124
LSTM,7,123,125.0,107.419205
LSTM,7,124,125.0,104.7442
LSTM,7,125,125.0,105.42116
LSTM,7,126,125.0,105.674614
LSTM,7,127,124.0,106.646255
LSTM,7,128,123.0,106.49259
LSTM,7,129,122.0,109.0604
LSTM,7,130,121.0,106.47539
LSTM,7,131,120.0,104.904205
LSTM,7,132,119.0,103.56489
LSTM,7,133,118.0,102.158264
LSTM,7,134,117.0,106.96486
LSTM,7,135,116.0,113.33883
LSTM,7,136,115.0,114.9483
LSTM,7,137,114.0,113.868484
LSTM,7,138,113.0,112.24302
LSTM,7,139,112.0,116.55592
LSTM,7,140,111.0,117.03982
LSTM,7,141,110.0,110.90443
LSTM,7,142,109.0,108.40158
LSTM,7,143,108.0,102.84248
LSTM,7,144,107.0,97.051254
LSTM,7,145,106.0,88.42496
LSTM,7,146,105.0,95.074905
LSTM,7,147,104.0,91.45969
LSTM,7,148,103.0,89.58179
LSTM,7,149,102.0,87.12932
LSTM,7,150,101.0,82.415535
LSTM,7,151,100.0,94.629295
LSTM,7,152,99.0,97.63183
LSTM,7,153,98.0,101.121864
LSTM,7,154,97.0,104.68228
LSTM,7,155,96.0,104.97767
LSTM,7,156,95.0,105.22214
LSTM,7,157,94.0,107.309586
LSTM,7,158,93.0,106.50094
LSTM,7,159,92.0,106.01462
LSTM,7,160,91.0,100.724884
LSTM,8,30,125.0,120.7281
LSTM,8,31,125.0,119.0078
LSTM,8,32,125.0,117.584755
LSTM,8,33,125.0,115.13691
LSTM,8,34,125.0,115.78052
LSTM,8,35,125.0,117.11825
LSTM,8,36,125.0,111.79421
LSTM,8,37,125.0,114.54416
LSTM,8,38,125.0,114.376976
LSTM,8,39,125.0,118.43209
LSTM,8,40,125.0,117.643456
LSTM,8,41,125.0,119.7509
LSTM,8,42,125.0,119.45281
LSTM,8,43,125.0,119.36996
LSTM,8,44,125.0,116.21734
LSTM,8,45,125.0,115.90686
LSTM,8,46,125.0,117.491455
LSTM,8,47,125.0,115.27629
LSTM,8,48,125.0,113.16221
LSTM,8,49,125.0,117.40747
LSTM,8,50,125.0,114.8627
LSTM,8,51,125.0,119.02506
LSTM,8,52,125.0,115.39424
LSTM,8,53,125.0,112.48866
LSTM,8,54,125.0,111.56737
LSTM,8,55,125.0,105.83876
LSTM,8,56,125.0,103.77305
LSTM,8,57,125.0,104.982
LSTM,8,58,125.0,108.85137
LSTM,8,59,125.0,112.25283
LSTM,8,60,125.0,110.83126
LSTM,8,61,125.0,105.64488
LSTM,8,62,125.0,102.47775
LSTM,8,63,125.0,97.948456
LSTM,8,64,125.0,106.48652
LSTM,8,65,125.0,109.845924
LSTM,8,66,125.0,106.86186
LSTM,8,67,125.0,109.17728
LSTM,8,68,125.0,112.31748
LSTM,8,69,125.0,110.7439
LSTM,8,70,125.0,110.73275
LSTM,8,71,125.0,113.95511
LSTM,8,72,125.0,118.69568
LSTM,8,73,125.0,115.45805
LSTM,8,74,125.0,115.917206
LSTM,8,75,125.0,116.843605
LSTM,8,76,125.0,117.47383
LSTM,8,77,125.0,119.62276
LSTM,8,78,125.0,120.67808
LSTM,8,79,125.0,121.80392
LSTM,8,80,125.0,119.78141
LSTM,8,81,125.0,121.60484
LSTM,8,82,125.0,119.543976
LSTM,8,83,125.0,118.696625
LSTM,8,84,125.0,117.159515
LSTM,8,85,125.0,117.60272
LSTM,8,86,125.0,109.087074
LSTM,8,87,125.0,107.260185
LSTM,8,88,125.0,106.01314
LSTM,8,89,125.0,113.04276
LSTM,8,90,125.0,109.48752
LSTM,8,91,125.0,112.69233
LSTM,8,92,125.0,112.916306
LSTM,8,93,125.0,111.33646
LSTM,8,94,125.0,112.94739
LSTM,8,95,125.0,114.002754
LSTM,8,96,125.0,115.47654
LSTM,8,97,125.0,114.64968
LSTM,8,98,125.0,116.930275
LSTM,8,99,125.0,116.47585
LSTM,8,100,125.0,113.37128
LSTM,8,101,125.0,110.97831
LSTM,8,102,125.0,110.0066
LSTM,8,103,125.0,112.60396
LSTM,8,104,125.0,111.55702
LSTM,8,105,125.0,109.30974
LSTM,8,106,125.0,111.42831
LSTM,8,107,125.0,116.20088
LSTM,8,108,125.0,117.91253
LSTM,8,109,125.0,113.82403
LSTM,8,110,125.0,118.07032
LSTM,8,111,125.0,114.71931
LSTM,8,112,125.0,113.07142
LSTM,8,113,125.0,110.990944
LSTM,8,114,125.0,102.48497
LSTM,8,115,125.0,104.25932
LSTM,8,116,125.0,90.91047
LSTM,8,117,125.0,92.29369
LSTM,8,118,125.0,105.84625
LSTM,8,119,125.0,113.267975
LSTM,8,120,125.0,113.052956
LSTM,8,121,125.0,118.57056
LSTM,8,122,125.0,119.532524
LSTM,8,123,125.0,120.222466
LSTM,8,124,125.0,120.42588
LSTM,8,125,125.0,120.79801
LSTM,8,126,125.0,120.73276
LSTM,8,127,125.0,121.4525
LSTM,8,128,125.0,122.197716
LSTM,8,129,125.0,120.59607
LSTM,8,130,125.0,116.74585
LSTM,8,131,125.0,114.18031
LSTM,8,132,125.0,113.29433
LSTM,8,133,125.0,114.51261
LSTM,8,134,125.0,113.464935
LSTM,8,135,125.0,113.42225
LSTM,8,136,125.0,111.41581
LSTM,8,137,124.0,109.59624
LSTM,8,138,123.0,109.305664
LSTM,8,139,122.0,105.54083
LSTM,8,140,121.0,105.16665
LSTM,8,141,120.0,98.890915
LSTM,8,142,119.0,101.89462
LSTM,8,143,118.0,102.13269
LSTM,8,144,117.0,98.50546
LSTM,8,145,116.0,87.431885
LSTM,8,146,115.0,88.67505
LSTM,8,147,114.0,96.77517
LSTM,8,148,113.0,108.86394
LSTM,8,149,112.0,108.61011
LSTM,8,150,111.0,113.21346
LSTM,8,151,110.0,112.84888
LSTM,8,152,109.0,109.661415
LSTM,8,153,108.0,108.41718
LSTM,8,154,107.0,109.15313
LSTM,8,155,106.0,110.94237
LSTM,8,156,105.0,113.02105
LSTM,8,157,104.0,107.229126
LSTM,8,158,103.0,105.59987
LSTM,8,159,102.0,105.88593
LSTM,8,160,101.0,101.06832
LSTM,8,161,100.0,101.42186
LSTM,8,162,99.0,102.82754
LSTM,8,163,98.0,102.3148
LSTM,8,164,97.0,104.801056
LSTM,8,165,96.0,103.56617
LSTM,8,166,95.0,95.54669
LSTM,9,30,125.0,122.75882
LSTM,9,31,125.0,120.31728
LSTM,9,32,125.0,120.03164
LSTM,9,33,125.0,117.70553
LSTM,9,34,125.0,116.87852
LSTM,9,35,125.0,110.376686
LSTM,9,36,125.0,113.98646
LSTM,9,37,125.0,116.87781
LSTM,9,38,125.0,117.72687
LSTM,9,39,125.0,120.5078
LSTM,9,40,125.0,120.475845
LSTM,9,41,125.0,120.31864
LSTM,9,42,124.0,119.80853
LSTM,9,43,123.0,114.59655
LSTM,9,44,122.0,107.72511
LSTM,9,45,121.0,104.93719
LSTM,9,46,120.0,108.07697
LSTM,9,47,119.0,107.42753
LSTM,9,48,118.0,109.03217
LSTM,9,49,117.0,113.57181
LSTM,9,50,116.0,117.67237
LSTM,9,51,115.0,116.4795
LSTM,9,52,114.0,117.992195
LSTM,9,53,113.0,114.15009
LSTM,9,54,112.0,118.64445
LSTM,9,55,111.0,119.4607
LSTM,10,30,125.0,117.64619
LSTM,10,31,125.0,115.965645
LSTM,10,32,125.0,116.28649
LSTM,10,33,125.0,118.74684
LSTM,10,34,125.0,117.383705
LSTM,10,35,125.0,115.80042
LSTM,10,36,125.0,115.26203
LSTM,10,37,125.0,114.51821
LSTM,10,38,125.0,116.99245
LSTM,10,39,125.0,114.84431
LSTM,10,40,125.0,116.31418
LSTM,10,41,125.0,116.959885
LSTM,10,42,125.0,118.340034
LSTM,10,43,125.0,118.67829
LSTM,10,44,125.0,118.01602
LSTM,10,45,125.0,118.62899
LSTM,10,46,125.0,117.41543
LSTM,10,47,125.0,117.33842
LSTM,10,48,125.0,117.807106
LSTM,10,49,125.0,120.26426
LSTM,10,50,125.0,119.40868
LSTM,10,51,125.0,118.536896
LSTM,10,52,125.0,118.12213
LSTM,10,53,125.0,117.65246
LSTM,10,54,125.0,120.05137
LSTM,10,55,125.0,119.848625
LSTM,10,56,125.0,119.56892
LSTM,10,57,125.0,118.0946
LSTM,10,58,125.0,116.372154
LSTM,10,59,125.0,117.55533
LSTM,10,60,125.0,116.235115
LSTM,10,61,125.0,118.631195
LSTM,10,62,125.0,117.57574
LSTM,10,63,125.0,117.6596
LSTM,10,64,125.0,119.200005
LSTM,10,65,125.0,118.729996
LSTM,10,66,125.0,117.0727
LSTM,10,67,125.0,117.94369
LSTM,10,68,125.0,118.88408
LSTM,10,69,125.0,118.593994
LSTM,10,70,125.0,118.15455
LSTM,10,71,125.0,117.11867
LSTM,10,72,125.0,117.59326
LSTM,10,73,125.0,118.03361
LSTM,10,74,125.0,117.97662
LSTM,10,75,125.0,119.18155
LSTM,10,76,125.0,119.08747
LSTM,10,77,125.0,118.67324
LSTM,10,78,125.0,118.159485
LSTM,10,79,125.0,119.822945
LSTM,10,80,125.0,119.536026
LSTM,10,81,125.0,119.54564
LSTM,10,82,125.0,118.37061
LSTM,10,83,125.0,116.30494
LSTM,10,84,125.0,118.32239
LSTM,10,85,125.0,118.06408
LSTM,10,86,125.0,119.53405
LSTM,10,87,125.0,117.18002
LSTM,10,88,125.0,115.745544
LSTM,10,89,125.0,114.39844
LSTM,10,90,125.0,113.90666
LSTM,10,91,125.0,116.04156
LSTM,10,92,125.0,114.79365
LSTM,10,93,125.0,115.86177
LSTM,10,94,125.0,117.27067
LSTM,10,95,125.0,118.1739
LSTM,10,96,125.0,117.06496
LSTM,10,97,125.0,118.03355
LSTM,10,98,125.0,112.47442
LSTM,10,99,125.0,113.1271
LSTM,10,100,125.0,113.32691
LSTM,10,101,125.0,114.86252
LSTM,10,102,125.0,112.829254
LSTM,10,103,125.0,115.121025
LSTM,10,104,125.0,112.771805
LSTM,10,105,125.0,107.95136
LSTM,10,106,125.0,103.2061
LSTM,10,107,125.0,103.423164
LSTM,10,108,125.0,104.37243
LSTM,10,109,125.0,106.01955
LSTM,10,110,125.0,108.585945
LSTM,10,111,125.0,107.85851
LSTM,10,112,125.0,107.239265
LSTM,10,113,125.0,110.897896
LSTM,10,114,125.0,113.074455
LSTM,10,115,125.0,114.83069
LSTM,10,116,125.0,113.61585
LSTM,10,117,125.0,116.42987
LSTM,10,118,125.0,114.748
LSTM,10,119,125.0,111.74132
LSTM,10,120,125.0,111.81888
LSTM,10,121,125.0,114.11502
LSTM,10,122,125.0,117.82008
LSTM,10,123,125.0,117.63785
LSTM,10,124,125.0,118.257126
LSTM,10,125,125.0,117.83697
LSTM,10,126,125.0,117.12396
LSTM,10,127,125.0,115.73795
LSTM,10,128,125.0,114.52169
LSTM,10,129,125.0,112.41967
LSTM,10,130,125.0,114.17584
LSTM,10,131,125.0,112.05204
LSTM,10,132,125.0,110.692505
LSTM,10,133,125.0,110.22124
LSTM,10,134,125.0,104.0148
LSTM,10,135,125.0,97.33128
LSTM,10,136,125.0,90.183
LSTM,10,137,125.0,87.74372
LSTM,10,138,125.0,90.9685
LSTM,10,139,125.0,86.654564
LSTM,10,140,125.0,92.68398
LSTM,10,141,125.0,92.77588
LSTM,10,142,125.0,91.38345
LSTM,10,143,125.0,107.90819
LSTM,10,144,125.0,109.080154
LSTM,10,145,125.0,112.42492
LSTM,10,146,125.0,113.46937
LSTM,10,147,125.0,117.379425
LSTM,10,148,125.0,114.39908
LSTM,10,149,125.0,112.95269
LSTM,10,150,125.0,107.21074
LSTM,10,151,125.0,111.83576
LSTM,10,152,125.0,114.85728
LSTM,10,153,125.0,116.589325
LSTM,10,154,125.0,116.63297
LSTM,10,155,125.0,113.62613
LSTM,10,156,125.0,114.04999
LSTM,10,157,125.0,111.07548
LSTM,10,158,125.0,112.35641
LSTM,10,159,125.0,109.57128
LSTM,10,160,125.0,107.26722
LSTM,10,161,125.0,97.676346
LSTM,10,162,125.0,93.409546
LSTM,10,163,125.0,90.96184
LSTM,10,164,124.0,86.01869
LSTM,10,165,123.0,88.98678
LSTM,10,166,122.0,86.25258
LSTM,10,167,121.0,88.89544
LSTM,10,168,120.0,83.60703
LSTM,10,169,119.0,74.56181
LSTM,10,170,118.0,72.626305
LSTM,10,171,117.0,76.2987
LSTM,10,172,116.0,72.67065
LSTM,10,173,115.0,79.84942
LSTM,10,174,114.0,79.029
LSTM,10,175,113.0,73.823654
LSTM,10,176,112.0,86.59331
LSTM,10,177,111.0,83.6659
LSTM,10,178,110.0,95.7496
LSTM,10,179,109.0,98.51143
LSTM,10,180,108.0,89.07282
LSTM,10,181,107.0,98.4689
LSTM,10,182,106.0,97.44291
LSTM,10,183,105.0,95.15559
LSTM,10,184,104.0,98.64962
LSTM,10,185,103.0,99.46018
LSTM,10,186,102.0,99.97826
LSTM,10,187,101.0,88.917534
LSTM,10,188,100.0,90.02337
LSTM,10,189,99.0,81.46872
LSTM,10,190,98.0,84.46573
LSTM,10,191,97.0,86.33147
LSTM,10,192,96.0,82.66243
LSTM,11,30,125.0,116.632065
LSTM,11,31,125.0,112.062675
LSTM,11,32,125.0,109.309364
LSTM,11,33,125.0,112.77114
LSTM,11,34,125.0,116.39663
LSTM,11,35,125.0,118.8105
LSTM,11,36,125.0,120.97976
LSTM,11,37,125.0,120.353386
LSTM,11,38,125.0,120.80984
LSTM,11,39,125.0,120.23742
LSTM,11,40,125.0,118.91359
LSTM,11,41,125.0,118.1483
LSTM,11,42,125.0,117.07154
LSTM,11,43,125.0,116.36676
LSTM,11,44,125.0,117.65022
LSTM,11,45,125.0,119.22955
LSTM,11,46,125.0,119.57041
LSTM,11,47,125.0,119.00628
LSTM,11,48,125.0,118.11312
LSTM,11,49,125.0,117.63051
LSTM,11,50,125.0,117.05872
LSTM,11,51,125.0,115.54341
LSTM,11,52,125.0,114.16849
LSTM,11,53,125.0,112.86854
LSTM,11,54,125.0,111.6867
LSTM,11,55,125.0,109.13677
LSTM,11,56,124.0,107.79564
LSTM,11,57,123.0,105.750244
LSTM,11,58,122.0,105.41308
LSTM,11,59,121.0,106.20361
LSTM,11,60,120.0,99.23839
LSTM,11,61,119.0,96.18967
LSTM,11,62,118.0,98.74735
LSTM,11,63,117.0,100.897766
LSTM,11,64,116.0,103.390495
LSTM,11,65,115.0,110.49198
LSTM,11,66,114.0,115.37353
LSTM,11,67,113.0,117.97926
LSTM,11,68,112.0,118.14887
LSTM,11,69,111.0,117.10565
LSTM,11,70,110.0,115.52516
LSTM,11,71,109.0,117.33266
LSTM,11,72,108.0,117.6341
LSTM,11,73,107.0,116.393585
LSTM,11,74,106.0,115.20826
LSTM,11,75,105.0,114.71614
LSTM,11,76,104.0,114.96252
LSTM,11,77,103.0,112.82945
LSTM,11,78,102.0,109.76882
LSTM,11,79,101.0,106.42152
LSTM,11,80,100.0,100.12908
LSTM,11,81,99.0,100.27445
LSTM,11,82,98.0,101.25721
LSTM,11,83,97.0,96.82395
LSTM,12,30,125.0,119.681274
LSTM,12,31,125.0,117.9626
LSTM,12,32,125.0,118.44786
LSTM,12,33,125.0,118.51962
LSTM,12,34,125.0,118.550125
LSTM,12,35,125.0,118.52919
LSTM,12,36,125.0,119.10111
LSTM,12,37,125.0,119.3906
LSTM,12,38,125.0,119.38616
LSTM,12,39,125.0,119.76576
LSTM,12,40,125.0,120.1803
LSTM,12,41,125.0,120.14719
LSTM,12,42,125.0,119.88351
LSTM,12,43,125.0,120.5295
LSTM,12,44,125.0,120.49981
LSTM,12,45,125.0,120.422615
LSTM,12,46,125.0,119.70944
LSTM,12,47,125.0,120.272964
LSTM,12,48,125.0,119.8862
LSTM,12,49,125.0,120.37041
LSTM,12,50,125.0,120.07932
LSTM,12,51,125.0,119.26321
LSTM,12,52,125.0,119.06069
LSTM,12,53,125.0,119.302704
LSTM,12,54,125.0,120.00493
LSTM,12,55,125.0,119.802536
LSTM,12,56,125.0,119.63247
LSTM,12,57,125.0,118.40001
LSTM,12,58,125.0,117.752655
LSTM,12,59,125.0,118.76248
LSTM,12,60,125.0,119.21981
LSTM,12,61,125.0,117.870026
LSTM,12,62,125.0,116.44848
LSTM,12,63,125.0,115.70521
LSTM,12,64,125.0,116.46583
LSTM,12,65,125.0,116.95309
LSTM,12,66,125.0,117.9325
LSTM,12,67,125.0,118.706406
LSTM,12,68,125.0,118.541595
LSTM,12,69,125.0,117.88905
LSTM,12,70,125.0,117.90185
LSTM,12,71,125.0,116.68194
LSTM,12,72,125.0,115.491035
LSTM,12,73,125.0,116.66755
LSTM,12,74,125.0,117.061966
LSTM,12,75,125.0,116.21181
LSTM,12,76,125.0,114.80849
LSTM,12,77,125.0,115.52496
LSTM,12,78,125.0,112.12008
LSTM,12,79,125.0,114.200836
LSTM,12,80,125.0,111.28216
LSTM,12,81,125.0,109.95652
LSTM,12,82,125.0,111.82918
LSTM,12,83,125.0,111.701256
LSTM,12,84,125.0,110.88492
LSTM,12,85,125.0,116.49375
LSTM,12,86,125.0,115.10177
LSTM,12,87,125.0,116.97173
LSTM,12,88,125.0,118.02131
LSTM,12,89,125.0,117.67298
LSTM,12,90,125.0,119.57761
LSTM,12,91,125.0,117.38542
LSTM,12,92,125.0,114.61691
LSTM,12,93,125.0,116.37546
LSTM,12,94,125.0,116.70498
LSTM,12,95,125.0,114.47153
LSTM,12,96,125.0,115.801796
LSTM,12,97,125.0,118.6852
LSTM,12,98,125.0,118.02389
LSTM,12,99,125.0,118.18898
LSTM,12,100,125.0,117.57425
LSTM,12,101,125.0,118.85658
LSTM,12,102,125.0,117.62047
LSTM,12,103,125.0,118.24398
LSTM,12,104,125.0,118.84227
LSTM,12,105,125.0,118.383675
LSTM,12,106,125.0,118.85652
LSTM,12,107,125.0,119.01997
LSTM,12,108,125.0,119.41612
LSTM,12,109,125.0,119.40692
LSTM,12,110,125.0,118.9916
LSTM,12,111,125.0,119.6583
LSTM,12,112,125.0,120.823875
LSTM,12,113,125.0,120.95986
LSTM,12,114,125.0,120.58927
LSTM,12,115,125.0,119.84142
LSTM,12,116,125.0,119.20748
LSTM,12,117,125.0,119.80916
LSTM,12,118,125.0,120.56543
LSTM,12,119,125.0,119.4603
LSTM,12,120,125.0,120.328354
LSTM,12,121,125.0,119.99096
LSTM,12,122,125.0,118.097244
LSTM,12,123,125.0,119.042206
LSTM,12,124,125.0,118.7663
LSTM,12,125,125.0,117.06875
LSTM,12,126,125.0,115.866425
LSTM,12,127,125.0,118.099396
LSTM,12,128,125.0,116.886665
LSTM,12,129,125.0,115.422005
LSTM,12,130,125.0,113.74965
LSTM,12,131,125.0,115.869064
LSTM,12,132,125.0,113.9602
LSTM,12,133,125.0,115.83459
LSTM,12,134,125.0,115.87655
LSTM,12,135,125.0,115.07736
LSTM,12,136,125.0,115.573784
LSTM,12,137,125.0,116.40929
LSTM,12,138,125.0,116.03917
LSTM,12,139,125.0,114.86688
LSTM,12,140,125.0,117.2566
LSTM,12,141,125.0,116.50448
LSTM,12,142,125.0,117.79744
LSTM,12,143,125.0,116.61914
LSTM,12,144,125.0,116.75468
LSTM,12,145,125.0,112.37018
LSTM,12,146,125.0,112.67753
LSTM,12,147,125.0,111.76971
LSTM,12,148,125.0,111.62731
LSTM,12,149,125.0,110.23311
LSTM,12,150,125.0,108.26424
LSTM,12,151,125.0,111.003136
LSTM,12,152,125.0,103.16942
LSTM,12,153,125.0,104.97597
LSTM,12,154,125.0,104.334076
LSTM,12,155,125.0,105.86355
LSTM,12,156,125.0,107.76712
LSTM,12,157,125.0,110.66257
LSTM,12,158,125.0,103.874596
LSTM,12,159,125.0,100.354675
LSTM,12,160,125.0,103.6663
LSTM,12,161,125.0,104.05177
LSTM,12,162,125.0,104.562614
LSTM,12,163,125.0,108.039474
LSTM,12,164,125.0,108.12161
LSTM,12,165,125.0,110.981125
LSTM,12,166,125.0,107.15577
LSTM,12,167,125.0,110.32702
LSTM,12,168,125.0,106.81039
LSTM,12,169,125.0,105.236946
LSTM,12,170,125.0,110.63258
LSTM,12,171,125.0,109.72688
LSTM,12,172,125.0,113.63352
LSTM,12,173,125.0,113.755585
LSTM,12,174,125.0,115.45691
LSTM,12,175,125.0,115.59619
LSTM,12,176,125.0,117.40584
LSTM,12,177,125.0,117.23128
LSTM,12,178,125.0,117.93342
LSTM,12,179,125.0,117.00697
LSTM,12,180,125.0,117.34678
LSTM,12,181,125.0,117.93744
LSTM,12,182,125.0,113.40129
LSTM,12,183,125.0,111.09758
LSTM,12,184,125.0,109.58821
LSTM,12,185,125.0,109.8425
LSTM,12,186,125.0,107.685616
LSTM,12,187,125.0,110.81661
LSTM,12,188,125.0,99.873604
LSTM,12,189,125.0,97.88191
LSTM,12,190,125.0,96.10179
LSTM,12,191,125.0,94.78179
LSTM,12,192,125.0,92.21512
LSTM,12,193,125.0,95.57396
LSTM,12,194,125.0,82.35205
LSTM,12,195,125.0,80.47761
LSTM,12,196,125.0,72.6456
LSTM,12,197,125.0,74.65774
LSTM,12,198,125.0,72.64131
LSTM,12,199,125.0,75.85831
LSTM,12,200,125.0,75.3114
LSTM,12,201,125.0,80.7583
LSTM,12,202,125.0,83.06599
LSTM,12,203,125.0,85.796875
LSTM,12,204,125.0,84.985596
LSTM,12,205,125.0,81.889915
LSTM,12,206,125.0,85.67074
LSTM,12,207,125.0,93.241196
LSTM,12,208,125.0,99.64712
LSTM,12,209,125.0,107.35782
LSTM,12,210,125.0,113.27829
LSTM,12,211,125.0,117.26411
LSTM,12,212,125.0,114.74475
LSTM,12,213,125.0,113.40862
LSTM,12,214,125.0,108.492096
LSTM,12,215,125.0,105.10643
LSTM,12,216,125.0,102.076935
LSTM,12,217,124.0,99.25534
LSTM,13,30,125.0,120.43952
LSTM,13,31,125.0,119.4205
LSTM,13,32,125.0,120.42388
LSTM,13,33,125.0,120.23691
LSTM,13,34,125.0,120.00914
LSTM,13,35,125.0,120.47869
LSTM,13,36,125.0,119.606316
LSTM,13,37,125.0,119.978516
LSTM,13,38,125.0,119.552956
LSTM,13,39,125.0,119.285225
LSTM,13,40,125.0,118.90407
LSTM,13,41,125.0,119.79435
LSTM,13,42,125.0,117.8979
LSTM,13,43,125.0,118.259285
LSTM,13,44,125.0,116.20468
LSTM,13,45,125.0,117.24456
LSTM,13,46,125.0,116.13236
LSTM,13,47,125.0,116.28459
LSTM,13,48,125.0,114.546234
LSTM,13,49,125.0,115.43169
LSTM,13,50,125.0,116.59539
LSTM,13,51,125.0,115.54868
LSTM,13,52,125.0,116.24816
LSTM,13,53,125.0,116.875046
LSTM,13,54,125.0,118.388115
LSTM,13,55,125.0,118.987236
LSTM,13,56,125.0,118.951065
LSTM,13,57,125.0,119.401375
LSTM,13,58,125.0,117.83809
LSTM,13,59,125.0,118.61023
LSTM,13,60,125.0,118.583046
LSTM,13,61,125.0,119.005684
LSTM,13,62,125.0,118.58865
LSTM,13,63,125.0,118.28932
LSTM,13,64,125.0,118.38843
LSTM,13,65,125.0,119.37038
LSTM,13,66,125.0,118.96876
LSTM,13,67,125.0,117.8661
LSTM,13,68,125.0,117.809525
LSTM,13,69,125.0,118.3997
LSTM,13,70,125.0,117.33044
LSTM,13,71,125.0,118.727196
LSTM,13,72,125.0,116.95426
LSTM,13,73,125.0,118.11682
LSTM,13,74,125.0,114.77614
LSTM,13,75,125.0,115.11705
LSTM,13,76,125.0,115.0264
LSTM,13,77,125.0,117.15101
LSTM,13,78,125.0,115.870224
LSTM,13,79,125.0,114.37111
LSTM,13,80,125.0,110.606926
LSTM,13,81,125.0,109.22204
LSTM,13,82,125.0,113.71624
LSTM,13,83,125.0,113.38084
LSTM,13,84,125.0,113.42356
LSTM,13,85,125.0,114.04495
LSTM,13,86,125.0,115.91399
LSTM,13,87,125.0,117.7477
LSTM,13,88,125.0,115.53587
LSTM,13,89,125.0,115.50329
LSTM,13,90,125.0,114.58408
LSTM,13,91,125.0,115.729385
LSTM,13,92,125.0,115.773415
LSTM,13,93,125.0,114.206314
LSTM,13,94,125.0,116.60131
LSTM,13,95,125.0,116.212715
LSTM,13,96,125.0,115.71148
LSTM,13,97,125.0,113.7541
LSTM,13,98,125.0,117.688736
LSTM,13,99,125.0,117.058395
LSTM,13,100,125.0,117.20745
LSTM,13,101,125.0,117.040565
LSTM,13,102,125.0,113.224106
LSTM,13,103,125.0,117.16542
LSTM,13,104,125.0,115.21921
LSTM,13,105,125.0,116.69396
LSTM,13,106,125.0,117.492966
LSTM,13,107,125.0,119.38617
LSTM,13,108,125.0,118.886566
LSTM,13,109,125.0,117.55054
LSTM,13,110,125.0,115.63077
LSTM,13,111,125.0,114.161385
LSTM,13,112,125.0,116.89877
LSTM,13,113,125.0,118.68805
LSTM,13,114,125.0,117.70407
LSTM,13,115,125.0,116.005226
LSTM,13,116,125.0,117.6624
LSTM,13,117,125.0,114.49538
LSTM,13,118,125.0,113.92682
LSTM,13,119,125.0,115.07899
LSTM,13,120,125.0,113.54822
LSTM,13,121,125.0,113.19071
LSTM,13,122,125.0,112.04692
LSTM,13,123,125.0,107.968544
LSTM,13,124,125.0,102.0888
LSTM,13,125,125.0,96.42491
LSTM,13,126,125.0,98.1336
LSTM,13,127,125.0,93.60695
LSTM,13,128,125.0,102.48384
LSTM,13,129,125.0,106.57756
LSTM,13,130,125.0,103.501
LSTM,13,131,125.0,98.37145
LSTM,13,132,125.0,89.27573
LSTM,13,133,125.0,95.717834
LSTM,13,134,125.0,94.62462
LSTM,13,135,125.0,99.94289
LSTM,13,136,125.0,105.1309
LSTM,13,137,125.0,105.91913
LSTM,13,138,125.0,101.9101
LSTM,13,139,125.0,98.76632
LSTM,13,140,125.0,97.44349
LSTM,13,141,125.0,101.01088
LSTM,13,142,125.0,106.92251
LSTM,13,143,125.0,109.522194
LSTM,13,144,125.0,109.33388
LSTM,13,145,125.0,108.714195
LSTM,13,146,125.0,114.43092
LSTM,13,147,125.0,111.60384
LSTM,13,148,125.0,112.489555
LSTM,13,149,125.0,115.242386
LSTM,13,150,125.0,115.47677
LSTM,13,151,125.0,111.251854
LSTM,13,152,125.0,113.61408
LSTM,13,153,125.0,112.27828
LSTM,13,154,125.0,110.509285
LSTM,13,155,125.0,110.44615
LSTM,13,156,125.0,104.513725
LSTM,13,157,125.0,105.301186
LSTM,13,158,125.0,106.346466
LSTM,13,159,125.0,103.247856
LSTM,13,160,125.0,99.279175
LSTM,13,161,125.0,95.25372
LSTM,13,162,125.0,95.51766
LSTM,13,163,125.0,103.96764
LSTM,13,164,125.0,106.02067
LSTM,13,165,125.0,106.08961
LSTM,13,166,124.0,107.18952
LSTM,13,167,123.0,102.45236
LSTM,13,168,122.0,95.7428
LSTM,13,169,121.0,97.85913
LSTM,13,170,120.0,100.83944
LSTM,13,171,119.0,104.37732
LSTM,13,172,118.0,103.563705
LSTM,13,173,117.0,96.312035
LSTM,13,174,116.0,95.26748
LSTM,13,175,115.0,93.83592
LSTM,13,176,114.0,92.10464
LSTM,13,177,113.0,93.63614
LSTM,13,178,112.0,93.41846
LSTM,13,179,111.0,91.92812
LSTM,13,180,110.0,85.522675
LSTM,13,181,109.0,85.703636
LSTM,13,182,108.0,91.78867
LSTM,13,183,107.0,99.65574
LSTM,13,184,106.0,102.2209
LSTM,13,185,105.0,101.71509
LSTM,13,186,104.0,100.9296
LSTM,13,187,103.0,99.275604
LSTM,13,188,102.0,99.146164
LSTM,13,189,101.0,88.6269
LSTM,13,190,100.0,81.86091
LSTM,13,191,99.0,78.31855
LSTM,13,192,98.0,79.82792
LSTM,13,193,97.0,88.03759
LSTM,13,194,96.0,84.66074
LSTM,13,195,95.0,67.14088
LSTM,14,30,123.0,117.73497
LSTM,14,31,122.0,113.56515
LSTM,14,32,121.0,114.22729
LSTM,14,33,120.0,114.303856
LSTM,14,34,119.0,113.38218
LSTM,14,35,118.0,114.61178
LSTM,14,36,117.0,115.29805
LSTM,14,37,116.0,113.42134
LSTM,14,38,115.0,115.80183
LSTM,14,39,114.0,116.72
LSTM,14,40,113.0,118.05755
LSTM,14,41,112.0,118.38317
LSTM,14,42,111.0,117.400276
LSTM,14,43,110.0,117.567154
LSTM,14,44,109.0,116.64831
LSTM,14,45,108.0,114.65901
LSTM,14,46,107.0,115.36171
LSTM,15,30,125.0,118.36002
LSTM,15,31,125.0,116.59971
LSTM,15,32,125.0,116.18024
LSTM,15,33,125.0,117.143005
LSTM,15,34,125.0,119.29807
LSTM,15,35,124.0,118.92198
LSTM,15,36,123.0,118.99074
LSTM,15,37,122.0,116.74709
LSTM,15,38,121.0,115.987495
LSTM,15,39,120.0,116.941895
LSTM,15,40,119.0,117.01632
LSTM,15,41,118.0,115.328705
LSTM,15,42,117.0,114.60553
LSTM,15,43,116.0,109.032364
LSTM,15,44,115.0,112.28164
LSTM,15,45,114.0,109.96635
LSTM,15,46,113.0,111.6618
LSTM,15,47,112.0,113.96405
LSTM,15,48,111.0,114.66241
LSTM,15,49,110.0,110.14833
LSTM,15,50,109.0,105.30685
LSTM,15,51,108.0,105.70759
LSTM,15,52,107.0,106.73003
LSTM,15,53,106.0,107.79025
LSTM,15,54,105.0,110.02936
LSTM,15,55,104.0,110.1411
LSTM,15,56,103.0,113.55101
LSTM,15,57,102.0,116.11063
LSTM,15,58,101.0,112.677826
LSTM,15,59,100.0,114.94118
LSTM,15,60,99.0,112.95118
LSTM,15,61,98.0,113.63717
LSTM,15,62,97.0,112.28503
LSTM,15,63,96.0,112.20164
LSTM,15,64,95.0,114.45016
LSTM,15,65,94.0,116.05236
LSTM,15,66,93.0,113.41201
LSTM,15,67,92.0,115.783264
LSTM,15,68,91.0,115.74146
LSTM,15,69,90.0,114.913605
LSTM,15,70,89.0,112.04491
LSTM,15,71,88.0,111.964516
LSTM,15,72,87.0,105.93814
LSTM,15,73,86.0,101.40379
LSTM,15,74,85.0,107.5206
LSTM,15,75,84.0,101.78641
LSTM,15,76,83.0,102.900986
LSTM,16,30,125.0,119.14177
LSTM,16,31,125.0,118.935425
LSTM,16,32,125.0,118.35799
LSTM,16,33,125.0,119.46855
LSTM,16,34,125.0,119.66194
LSTM,16,35,125.0,118.05217
LSTM,16,36,125.0,117.17091
LSTM,16,37,125.0,117.021545
LSTM,16,38,125.0,118.99054
LSTM,16,39,125.0,119.43809
LSTM,16,40,125.0,119.919754
LSTM,16,41,125.0,119.299095
LSTM,16,42,125.0,119.06968
LSTM,16,43,125.0,119.28148
LSTM,16,44,125.0,117.88365
LSTM,16,45,125.0,117.12641
LSTM,16,46,125.0,117.742485
LSTM,16,47,125.0,117.76448
LSTM,16,48,125.0,115.896454
LSTM,16,49,125.0,114.96686
LSTM,16,50,125.0,114.10274
LSTM,16,51,125.0,111.70325
LSTM,16,52,125.0,111.32468
LSTM,16,53,125.0,112.37644
LSTM,16,54,125.0,112.439575
LSTM,16,55,125.0,114.32045
LSTM,16,56,125.0,109.974205
LSTM,16,57,125.0,114.833755
LSTM,16,58,125.0,114.97257
LSTM,16,59,125.0,117.66832
LSTM,16,60,125.0,117.547
LSTM,16,61,125.0,118.53262
LSTM,16,62,125.0,117.90715
LSTM,16,63,125.0,119.501884
LSTM,16,64,125.0,119.48937
LSTM,16,65,125.0,117.70347
LSTM,16,66,125.0,116.13499
LSTM,16,67,125.0,115.73669
LSTM,16,68,125.0,117.70833
LSTM,16,69,125.0,118.225815
LSTM,16,70,125.0,117.877884
LSTM,16,71,125.0,115.673805
LSTM,16,72,125.0,116.64246
LSTM,16,73,124.0,117.547615
LSTM,16,74,123.0,117.14682
LSTM,16,75,122.0,114.99933
LSTM,16,76,121.0,115.28001
LSTM,16,77,120.0,113.65639
LSTM,16,78,119.0,113.28962
LSTM,16,79,118.0,109.40531
LSTM,16,80,117.0,104.713326
LSTM,16,81,116.0,106.09153
LSTM,16,82,115.0,106.99491
LSTM,16,83,114.0,109.04873
LSTM,16,84,113.0,110.78802
LSTM,16,85,112.0,112.90449
LSTM,16,86,111.0,112.96505
LSTM,16,87,110.0,116.89811
LSTM,16,88,109.0,115.45482
LSTM,16,89,108.0,115.55681
LSTM,16,90,107.0,115.60336
LSTM,16,91,106.0,116.66107
LSTM,16,92,105.0,116.07997
LSTM,16,93,104.0,115.92788
LSTM,16,94,103.0,110.06852
LSTM,16,95,102.0,112.55458
LSTM,16,96,101.0,110.88984
LSTM,16,97,100.0,113.6953
LSTM,16,98,99.0,112.09797
LSTM,16,99,98.0,110.98497
LSTM,16,100,97.0,102.69075
LSTM,16,101,96.0,99.49546
LSTM,16,102,95.0,96.68021
LSTM,16,103,94.0,102.91828
LSTM,16,104,93.0,99.72358
LSTM,16,105,92.0,97.35634
LSTM,16,106,91.0,95.47732
LSTM,16,107,90.0,98.53007
LSTM,16,108,89.0,101.0614
LSTM,16,109,88.0,101.74562
LSTM,16,110,87.0,101.27599
LSTM,16,111,86.0,96.384
LSTM,16,112,85.0,99.41611
LSTM,16,113,84.0,97.61052
LSTM,17,30,125.0,117.83708
LSTM,17,31,125.0,117.682915
LSTM,17,32,125.0,117.42759
LSTM,17,33,125.0,114.92432
LSTM,17,34,125.0,115.70089
LSTM,17,35,125.0,117.41172
LSTM,17,36,125.0,116.89869
LSTM,17,37,125.0,119.29811
LSTM,17,38,125.0,118.305435
LSTM,17,39,125.0,116.65547
LSTM,17,40,125.0,114.27799
LSTM,17,41,125.0,115.82554
LSTM,17,42,125.0,116.05677
LSTM,17,43,125.0,116.551704
LSTM,17,44,125.0,117.12107
LSTM,17,45,125.0,115.46264
LSTM,17,46,125.0,113.05584
LSTM,17,47,125.0,111.85485
LSTM,17,48,125.0,112.85949
LSTM,17,49,125.0,110.141655
LSTM,17,50,125.0,111.999794
LSTM,17,51,125.0,113.546135
LSTM,17,52,125.0,111.01443
LSTM,17,53,125.0,111.01352
LSTM,17,54,125.0,113.257706
LSTM,17,55,125.0,114.80278
LSTM,17,56,125.0,115.75323
LSTM,17,57,125.0,115.94513
LSTM,17,58,125.0,116.77623
LSTM,17,59,125.0,116.06084
LSTM,17,60,125.0,113.4412
LSTM,17,61,125.0,115.09854
LSTM,17,62,125.0,117.343155
LSTM,17,63,125.0,114.29108
LSTM,17,64,125.0,114.284904
LSTM,17,65,125.0,113.277336
LSTM,17,66,125.0,112.509224
LSTM,17,67,125.0,116.08423
LSTM,17,68,125.0,116.789986
LSTM,17,69,125.0,114.86284
LSTM,17,70,125.0,113.395485
LSTM,17,71,125.0,112.63284
LSTM,17,72,125.0,112.84915
LSTM,17,73,125.0,113.10489
LSTM,17,74,125.0,114.26823
LSTM,17,75,125.0,109.69825
LSTM,17,76,125.0,100.73831
LSTM,17,77,125.0,104.95612
LSTM,17,78,125.0,105.795784
LSTM,17,79,125.0,103.02634
LSTM,17,80,125.0,105.41658
LSTM,17,81,125.0,111.17493
LSTM,17,82,125.0,106.80065
LSTM,17,83,125.0,111.25821
LSTM,17,84,125.0,111.52175
LSTM,17,85,125.0,114.84061
LSTM,17,86,125.0,116.6093
LSTM,17,87,125.0,115.230255
LSTM,17,88,125.0,117.34988
LSTM,17,89,125.0,117.391884
LSTM,17,90,125.0,117.607414
LSTM,17,91,124.0,116.31363
LSTM,17,92,123.0,118.41922
LSTM,17,93,122.0,114.56396
LSTM,17,94,121.0,114.00044
LSTM,17,95,120.0,115.365746
LSTM,17,96,119.0,109.38237
LSTM,17,97,118.0,105.55109
LSTM,17,98,117.0,110.1276
LSTM,17,99,116.0,111.03809
LSTM,17,100,115.0,108.85088
LSTM,17,101,114.0,104.82497
LSTM,17,102,113.0,99.739494
LSTM,17,103,112.0,93.942924
LSTM,17,104,111.0,87.46318
LSTM,17,105,110.0,81.89761
LSTM,17,106,109.0,74.91365
LSTM,17,107,108.0,65.731514
LSTM,17,108,107.0,63.868362
LSTM,17,109,106.0,65.27541
LSTM,17,110,105.0,66.02186
LSTM,17,111,104.0,67.88193
LSTM,17,112,103.0,65.63512
LSTM,17,113,102.0,75.87477
LSTM,17,114,101.0,84.987015
LSTM,17,115,100.0,87.64627
LSTM,17,116,99.0,87.189514
LSTM,17,117,98.0,84.51915
LSTM,17,118,97.0,90.49732
LSTM,17,119,96.0,87.3538
LSTM,17,120,95.0,87.64696
LSTM,17,121,94.0,89.45526
LSTM,17,122,93.0,87.94991
LSTM,17,123,92.0,89.1706
LSTM,17,124,91.0,89.55693
LSTM,17,125,90.0,92.419785
LSTM,17,126,89.0,83.85621
LSTM,17,127,88.0,85.6988
LSTM,17,128,87.0,87.23465
LSTM,17,129,86.0,84.9081
LSTM,17,130,85.0,87.102585
LSTM,17,131,84.0,81.78761
LSTM,17,132,83.0,79.1486
LSTM,17,133,82.0,81.80898
LSTM,17,134,81.0,94.03492
LSTM,17,135,80.0,92.51617
LSTM,17,136,79.0,87.31008
LSTM,17,137,78.0,84.52866
LSTM,17,138,77.0,85.16217
LSTM,17,139,76.0,71.01
LSTM,17,140,75.0,74.46791
LSTM,17,141,74.0,69.46244
LSTM,17,142,73.0,74.82074
LSTM,17,143,72.0,77.19415
LSTM,17,144,71.0,75.67914
LSTM,17,145,70.0,90.27297
LSTM,17,146,69.0,82.553635
LSTM,17,147,68.0,87.98484
LSTM,17,148,67.0,83.50479
LSTM,17,149,66.0,85.2454
LSTM,17,150,65.0,84.773834
LSTM,17,151,64.0,76.82416
LSTM,17,152,63.0,57.276997
LSTM,17,153,62.0,56.724945
LSTM,17,154,61.0,56.5093
LSTM,17,155,60.0,55.16299
LSTM,17,156,59.0,52.996006
LSTM,17,157,58.0,52.116886
LSTM,17,158,57.0,47.95321
LSTM,17,159,56.0,47.348293
LSTM,17,160,55.0,49.0389
LSTM,17,161,54.0,49.37914
LSTM,17,162,53.0,52.744663
LSTM,17,163,52.0,50.031822
LSTM,17,164,51.0,56.80671
LSTM,17,165,50.0,54.685627
LSTM,18,30,125.0,118.7293
LSTM,18,31,125.0,116.63875
LSTM,18,32,125.0,116.853806
LSTM,18,33,125.0,120.02778
LSTM,18,34,125.0,118.64356
LSTM,18,35,125.0,114.4196
LSTM,18,36,125.0,114.76776
LSTM,18,37,124.0,112.43818
LSTM,18,38,123.0,109.11558
LSTM,18,39,122.0,102.053375
LSTM,18,40,121.0,107.37766
LSTM,18,41,120.0,107.43137
LSTM,18,42,119.0,101.72922
LSTM,18,43,118.0,109.78847
LSTM,18,44,117.0,109.92738
LSTM,18,45,116.0,111.61212
LSTM,18,46,115.0,112.35566
LSTM,18,47,114.0,112.80044
LSTM,18,48,113.0,113.59038
LSTM,18,49,112.0,115.11344
LSTM,18,50,111.0,114.03398
LSTM,18,51,110.0,109.15288
LSTM,18,52,109.0,112.20489
LSTM,18,53,108.0,114.106735
LSTM,18,54,107.0,115.436745
LSTM,18,55,106.0,116.08244
LSTM,18,56,105.0,115.50834
LSTM,18,57,104.0,117.129745
LSTM,18,58,103.0,117.85185
LSTM,18,59,102.0,118.80413
LSTM,18,60,101.0,116.98358
LSTM,18,61,100.0,115.23138
LSTM,18,62,99.0,115.3911
LSTM,18,63,98.0,111.606995
LSTM,18,64,97.0,109.994545
LSTM,18,65,96.0,103.685234
LSTM,18,66,95.0,107.800865
LSTM,18,67,94.0,111.50111
LSTM,18,68,93.0,109.70953
LSTM,18,69,92.0,108.20833
LSTM,18,70,91.0,112.291145
LSTM,18,71,90.0,110.58931
LSTM,18,72,89.0,111.34219
LSTM,18,73,88.0,111.37275
LSTM,18,74,87.0,112.64713
LSTM,18,75,86.0,113.55755
LSTM,18,76,85.0,109.650215
LSTM,18,77,84.0,114.97834
LSTM,18,78,83.0,116.86556
LSTM,18,79,82.0,114.280914
LSTM,18,80,81.0,110.07345
LSTM,18,81,80.0,103.12055
LSTM,18,82,79.0,101.96199
LSTM,18,83,78.0,91.38591
LSTM,18,84,77.0,90.520645
LSTM,18,85,76.0,95.860825
LSTM,18,86,75.0,85.303444
LSTM,18,87,74.0,88.4887
LSTM,18,88,73.0,79.02673
LSTM,18,89,72.0,80.091354
LSTM,18,90,71.0,80.35257
LSTM,18,91,70.0,70.881226
LSTM,18,92,69.0,82.289375
LSTM,18,93,68.0,69.58284
LSTM,18,94,67.0,63.551693
LSTM,18,95,66.0,63.48647
LSTM,18,96,65.0,65.38609
LSTM,18,97,64.0,78.76604
LSTM,18,98,63.0,77.46388
LSTM,18,99,62.0,78.74755
LSTM,18,100,61.0,83.537636
LSTM,18,101,60.0,82.89536
LSTM,18,102,59.0,94.20236
LSTM,18,103,58.0,92.31343
LSTM,18,104,57.0,90.83112
LSTM,18,105,56.0,94.01628
LSTM,18,106,55.0,86.44812
LSTM,18,107,54.0,101.65737
LSTM,18,108,53.0,103.86387
LSTM,18,109,52.0,101.86053
LSTM,18,110,51.0,99.51206
LSTM,18,111,50.0,99.75458
LSTM,18,112,49.0,98.153076
LSTM,18,113,48.0,73.77041
LSTM,18,114,47.0,75.50046
LSTM,18,115,46.0,78.060036
LSTM,18,116,45.0,76.14582
LSTM,18,117,44.0,67.84775
LSTM,18,118,43.0,55.981773
LSTM,18,119,42.0,50.97946
LSTM,18,120,41.0,50.50481
LSTM,18,121,40.0,44.93097
LSTM,18,122,39.0,44.06828
LSTM,18,123,38.0,46.802166
LSTM,18,124,37.0,44.608654
LSTM,18,125,36.0,43.22698
LSTM,18,126,35.0,36.379173
LSTM,18,127,34.0,35.838585
LSTM,18,128,33.0,35.374542
LSTM,18,129,32.0,33.1751
LSTM,18,130,31.0,34.526215
LSTM,18,131,30.0,38.419376
LSTM,18,132,29.0,38.631916
LSTM,18,133,28.0,35.570217
LSTM,19,30,125.0,118.73129
LSTM,19,31,125.0,119.08336
LSTM,19,32,125.0,117.44177
LSTM,19,33,125.0,117.29619
LSTM,19,34,125.0,116.7704
LSTM,19,35,125.0,117.727165
LSTM,19,36,125.0,118.52241
LSTM,19,37,125.0,115.18461
LSTM,19,38,125.0,118.13989
LSTM,19,39,125.0,115.51741
LSTM,19,40,125.0,116.37208
LSTM,19,41,125.0,116.01218
LSTM,19,42,125.0,118.684204
LSTM,19,43,125.0,120.49402
LSTM,19,44,125.0,119.634346
LSTM,19,45,125.0,119.348946
LSTM,19,46,125.0,119.39548
LSTM,19,47,125.0,118.899124
LSTM,19,48,125.0,119.97187
LSTM,19,49,125.0,120.628334
LSTM,19,50,125.0,121.17776
LSTM,19,51,125.0,120.92993
LSTM,19,52,125.0,120.96782
LSTM,19,53,125.0,120.7972
LSTM,19,54,125.0,120.25958
LSTM,19,55,125.0,120.242165
LSTM,19,56,125.0,119.41007
LSTM,19,57,125.0,120.0846
LSTM,19,58,125.0,119.328156
LSTM,19,59,125.0,117.473015
LSTM,19,60,125.0,118.38901
LSTM,19,61,125.0,118.9032
LSTM,19,62,125.0,117.482155
LSTM,19,63,125.0,116.75114
LSTM,19,64,125.0,115.25282
LSTM,19,65,125.0,117.46274
LSTM,19,66,125.0,115.84674
LSTM,19,67,125.0,114.04842
LSTM,19,68,125.0,117.3002
LSTM,19,69,125.0,114.633354
LSTM,19,70,125.0,112.43187
LSTM,19,71,125.0,111.92915
LSTM,19,72,125.0,111.12814
LSTM,19,73,125.0,108.43841
LSTM,19,74,125.0,107.3884
LSTM,19,75,125.0,108.76854
LSTM,19,76,125.0,107.12384
LSTM,19,77,125.0,111.63936
LSTM,19,78,125.0,111.30172
LSTM,19,79,125.0,109.430016
LSTM,19,80,125.0,110.87605
LSTM,19,81,125.0,112.98789
LSTM,19,82,125.0,114.98217
LSTM,19,83,125.0,113.664764
LSTM,19,84,125.0,109.89755
LSTM,19,85,125.0,112.13691
LSTM,19,86,125.0,112.15972
LSTM,19,87,125.0,112.17618
LSTM,19,88,125.0,112.85179
LSTM,19,89,125.0,113.658806
LSTM,19,90,125.0,113.98046
LSTM,19,91,125.0,114.91707
LSTM,19,92,125.0,113.62938
LSTM,19,93,125.0,115.288246
LSTM,19,94,125.0,111.4912
LSTM,19,95,125.0,113.36595
LSTM,19,96,125.0,104.11412
LSTM,19,97,125.0,104.15898
LSTM,19,98,124.0,111.0371
LSTM,19,99,123.0,107.452034
LSTM,19,100,122.0,107.78438
LSTM,19,101,121.0,109.24237
LSTM,19,102,120.0,113.761696
LSTM,19,103,119.0,112.01127
LSTM,19,104,118.0,104.64849
LSTM,19,105,117.0,112.271965
LSTM,19,106,116.0,105.78627
LSTM,19,107,115.0,104.28203
LSTM,19,108,114.0,103.719055
LSTM,19,109,113.0,107.53897
LSTM,19,110,112.0,106.99609
LSTM,19,111,111.0,99.87667
LSTM,19,112,110.0,107.302864
LSTM,19,113,109.0,99.175606
LSTM,19,114,108.0,99.68944
LSTM,19,115,107.0,88.06748
LSTM,19,116,106.0,87.485695
LSTM,19,117,105.0,84.45812
LSTM,19,118,104.0,84.834
LSTM,19,119,103.0,87.38992
LSTM,19,120,102.0,93.713936
LSTM,19,121,101.0,98.45362
LSTM,19,122,100.0,101.86555
LSTM,19,123,99.0,109.13627
LSTM,19,124,98.0,107.736206
LSTM,19,125,97.0,104.55038
LSTM,19,126,96.0,103.82739
LSTM,19,127,95.0,104.55908
LSTM,19,128,94.0,104.602196
LSTM,19,129,93.0,94.29202
LSTM,19,130,92.0,95.918884
LSTM,19,131,91.0,92.68329
LSTM,19,132,90.0,97.92154
LSTM,19,133,89.0,99.28479
LSTM,19,134,88.0,93.943985
LSTM,19,135,87.0,93.05518
LSTM,20,30,125.0,115.46895
LSTM,20,31,125.0,114.896385
LSTM,20,32,125.0,107.137955
LSTM,20,33,125.0,109.17923
LSTM,20,34,125.0,110.22385
LSTM,20,35,125.0,109.70506
LSTM,20,36,125.0,113.80752
LSTM,20,37,125.0,118.01726
LSTM,20,38,125.0,115.730034
LSTM,20,39,125.0,115.69091
LSTM,20,40,125.0,118.37267
LSTM,20,41,125.0,119.16394
LSTM,20,42,125.0,117.48249
LSTM,20,43,125.0,118.27579
LSTM,20,44,125.0,118.8899
LSTM,20,45,125.0,119.27957
LSTM,20,46,125.0,120.11737
LSTM,20,47,125.0,116.56288
LSTM,20,48,125.0,116.43735
LSTM,20,49,125.0,115.01921
LSTM,20,50,125.0,112.768074
LSTM,20,51,125.0,113.0337
LSTM,20,52,125.0,115.23911
LSTM,20,53,125.0,113.536446
LSTM,20,54,125.0,111.65435
LSTM,20,55,125.0,111.122955
LSTM,20,56,125.0,114.273254
LSTM,20,57,125.0,117.15004
LSTM,20,58,125.0,114.484215
LSTM,20,59,125.0,111.64926
LSTM,20,60,125.0,113.56326
LSTM,20,61,125.0,116.87183
LSTM,20,62,125.0,109.31121
LSTM,20,63,125.0,105.58063
LSTM,20,64,125.0,104.294106
LSTM,20,65,125.0,107.106735
LSTM,20,66,125.0,110.40105
LSTM,20,67,125.0,112.81086
LSTM,20,68,125.0,106.491
LSTM,20,69,125.0,106.551384
LSTM,20,70,125.0,113.11278
LSTM,20,71,125.0,116.61804
LSTM,20,72,125.0,112.64697
LSTM,20,73,125.0,112.31059
LSTM,20,74,125.0,108.53583
LSTM,20,75,125.0,112.2243
LSTM,20,76,124.0,113.340294
LSTM,20,77,123.0,110.3919
LSTM,20,78,122.0,101.300964
LSTM,20,79,121.0,107.96832
LSTM,20,80,120.0,103.856255
LSTM,20,81,119.0,92.78817
LSTM,20,82,118.0,102.729576
LSTM,20,83,117.0,104.14533
LSTM,20,84,116.0,101.38901
LSTM,20,85,115.0,101.98969
LSTM,20,86,114.0,107.80031
LSTM,20,87,113.0,113.88389
LSTM,20,88,112.0,115.81508
LSTM,20,89,111.0,114.26686
LSTM,20,90,110.0,113.053055
LSTM,20,91,109.0,117.14292
LSTM,20,92,108.0,109.30141
LSTM,20,93,107.0,105.06664
LSTM,20,94,106.0,101.224014
LSTM,20,95,105.0,102.36462
LSTM,20,96,104.0,103.81258
LSTM,20,97,103.0,100.43745
LSTM,20,98,102.0,98.36076
LSTM,20,99,101.0,96.22381
LSTM,20,100,100.0,106.22032
LSTM,20,101,99.0,114.09407
LSTM,20,102,98.0,104.76886
LSTM,20,103,97.0,109.07819
LSTM,20,104,96.0,106.066475
LSTM,20,105,95.0,102.73483
LSTM,20,106,94.0,103.026215
LSTM,20,107,93.0,101.08924
LSTM,20,108,92.0,95.20654
LSTM,20,109,91.0,106.15806
LSTM,20,110,90.0,98.027985
LSTM,20,111,89.0,95.18396
LSTM,20,112,88.0,89.0188
LSTM,20,113,87.0,93.500496
LSTM,20,114,86.0,86.78799
LSTM,20,115,85.0,89.511284
LSTM,20,116,84.0,94.071144
LSTM,20,117,83.0,91.94873
LSTM,20,118,82.0,100.79953
LSTM,20,119,81.0,101.39606
LSTM,20,120,80.0,99.56344
LSTM,20,121,79.0,105.504684
LSTM,20,122,78.0,104.26441
LSTM,20,123,77.0,104.26221
LSTM,20,124,76.0,96.633675
LSTM,20,125,75.0,97.027466
LSTM,20,126,74.0,83.11708
LSTM,20,127,73.0,73.12539
LSTM,20,128,72.0,67.91997
LSTM,20,129,71.0,61.344578
LSTM,20,130,70.0,54.983498
LSTM,20,131,69.0,53.435635
LSTM,20,132,68.0,52.09109
LSTM,20,133,67.0,56.404575
LSTM,20,134,66.0,54.356728
LSTM,20,135,65.0,54.94744
LSTM,20,136,64.0,57.286636
LSTM,20,137,63.0,58.593643
LSTM,20,138,62.0,57.788727
LSTM,20,139,61.0,63.81233
LSTM,20,140,60.0,67.38689
LSTM,20,141,59.0,69.815285
LSTM,20,142,58.0,63.968803
LSTM,20,143,57.0,62.797066
LSTM,20,144,56.0,61.12793
LSTM,20,145,55.0,57.749584
LSTM,20,146,54.0,69.27131
LSTM,20,147,53.0,65.56299
LSTM,20,148,52.0,63.657623
LSTM,20,149,51.0,61.07661
LSTM,20,150,50.0,60.34365
LSTM,20,151,49.0,66.35943
LSTM,20,152,48.0,64.364075
LSTM,20,153,47.0,56.89035
LSTM,20,154,46.0,52.960495
LSTM,20,155,45.0,50.38004
LSTM,20,156,44.0,39.02104
LSTM,20,157,43.0,37.879765
LSTM,20,158,42.0,34.04286
LSTM,20,159,41.0,33.93926
LSTM,20,160,40.0,34.146217
LSTM,20,161,39.0,34.17903
LSTM,20,162,38.0,31.960814
LSTM,20,163,37.0,32.595043
LSTM,20,164,36.0,35.506683
LSTM,20,165,35.0,39.5866
LSTM,20,166,34.0,40.79402
LSTM,20,167,33.0,43.016506
LSTM,20,168,32.0,37.357872
LSTM,20,169,31.0,33.165367
LSTM,20,170,30.0,31.461435
LSTM,20,171,29.0,31.83007
LSTM,20,172,28.0,30.528194
LSTM,20,173,27.0,28.981543
LSTM,20,174,26.0,29.774744
LSTM,20,175,25.0,30.267479
LSTM,20,176,24.0,31.698694
LSTM,20,177,23.0,32.039276
LSTM,20,178,22.0,32.06394
LSTM,20,179,21.0,29.33273
LSTM,20,180,20.0,26.463902
LSTM,20,181,19.0,24.347479
LSTM,20,182,18.0,20.869205
LSTM,20,183,17.0,16.58794
LSTM,20,184,16.0,14.497619
LSTM,21,30,125.0,118.11558
LSTM,21,31,125.0,118.33814
LSTM,21,32,125.0,118.359535
LSTM,21,33,125.0,117.66179
LSTM,21,34,125.0,117.683395
LSTM,21,35,125.0,116.18204
LSTM,21,36,125.0,116.78758
LSTM,21,37,125.0,118.76322
LSTM,21,38,125.0,116.769135
LSTM,21,39,125.0,118.9177
LSTM,21,40,125.0,119.79957
LSTM,21,41,125.0,118.22504
LSTM,21,42,125.0,117.50728
LSTM,21,43,125.0,116.897675
LSTM,21,44,125.0,118.19545
LSTM,21,45,125.0,117.3769
LSTM,21,46,125.0,116.19848
LSTM,21,47,125.0,116.53681
LSTM,21,48,125.0,116.22427
LSTM,21,49,125.0,116.163795
LSTM,21,50,125.0,117.25441
LSTM,21,51,125.0,117.44857
LSTM,21,52,125.0,117.34991
LSTM,21,53,125.0,117.409706
LSTM,21,54,125.0,117.049545
LSTM,21,55,125.0,117.46465
LSTM,21,56,125.0,117.93388
LSTM,21,57,125.0,117.86947
LSTM,21,58,125.0,119.20022
LSTM,21,59,125.0,119.67202
LSTM,21,60,125.0,119.56333
LSTM,21,61,125.0,120.19197
LSTM,21,62,125.0,118.94056
LSTM,21,63,125.0,118.42669
LSTM,21,64,125.0,116.859665
LSTM,21,65,125.0,118.15604
LSTM,21,66,125.0,119.4142
LSTM,21,67,125.0,118.96141
LSTM,21,68,125.0,119.573875
LSTM,21,69,125.0,120.091156
LSTM,21,70,125.0,120.588234
LSTM,21,71,125.0,119.7342
LSTM,21,72,125.0,120.25212
LSTM,21,73,125.0,120.12588
LSTM,21,74,125.0,120.310074
LSTM,21,75,125.0,120.63134
LSTM,21,76,125.0,119.77396
LSTM,21,77,125.0,120.16134
LSTM,21,78,125.0,120.606636
LSTM,21,79,125.0,120.28514
LSTM,21,80,125.0,119.510506
LSTM,21,81,124.0,120.36969
LSTM,21,82,123.0,120.24033
LSTM,21,83,122.0,119.86567
LSTM,21,84,121.0,118.48671
LSTM,21,85,120.0,119.22189
LSTM,21,86,119.0,119.25765
LSTM,21,87,118.0,118.68471
LSTM,21,88,117.0,118.75359
LSTM,21,89,116.0,118.565636
LSTM,21,90,115.0,117.84707
LSTM,21,91,114.0,117.65625
LSTM,21,92,113.0,114.29905
LSTM,21,93,112.0,115.14071
LSTM,21,94,111.0,110.84382
LSTM,21,95,110.0,113.03653
LSTM,21,96,109.0,114.44171
LSTM,21,97,108.0,112.98616
LSTM,21,98,107.0,113.45686
LSTM,21,99,106.0,112.55522
LSTM,21,100,105.0,108.780266
LSTM,21,101,104.0,106.62535
LSTM,21,102,103.0,108.4643
LSTM,21,103,102.0,112.89282
LSTM,21,104,101.0,113.69044
LSTM,21,105,100.0,116.710655
LSTM,21,106,99.0,116.66411
LSTM,21,107,98.0,111.53003
LSTM,21,108,97.0,114.03787
LSTM,21,109,96.0,112.942345
LSTM,21,110,95.0,109.44046
LSTM,21,111,94.0,112.29582
LSTM,21,112,93.0,110.661766
LSTM,21,113,92.0,107.31681
LSTM,21,114,91.0,99.023994
LSTM,21,115,90.0,106.18128
LSTM,21,116,89.0,107.788
LSTM,21,117,88.0,106.57575
LSTM,21,118,87.0,102.19265
LSTM,21,119,86.0,104.885086
LSTM,21,120,85.0,105.47802
LSTM,21,121,84.0,107.3058
LSTM,21,122,83.0,92.20071
LSTM,21,123,82.0,88.06706
LSTM,21,124,81.0,84.99308
LSTM,21,125,80.0,76.114296
LSTM,21,126,79.0,78.836494
LSTM,21,127,78.0,75.96936
LSTM,21,128,77.0,76.02606
LSTM,21,129,76.0,78.10979
LSTM,21,130,75.0,82.86217
LSTM,21,131,74.0,77.55918
LSTM,21,132,73.0,65.67416
LSTM,21,133,72.0,80.089035
LSTM,21,134,71.0,83.50302
LSTM,21,135,70.0,91.63005
LSTM,21,136,69.0,94.76591
LSTM,21,137,68.0,93.26079
LSTM,21,138,67.0,100.15519
LSTM,21,139,66.0,92.09677
LSTM,21,140,65.0,90.62862
LSTM,21,141,64.0,95.63459
LSTM,21,142,63.0,86.21872
LSTM,21,143,62.0,83.43008
LSTM,21,144,61.0,71.636986
LSTM,21,145,60.0,77.94838
LSTM,21,146,59.0,70.86685
LSTM,21,147,58.0,68.083084
LSTM,21,148,57.0,62.551292
LSTM,22,30,120.0,123.25168
LSTM,22,31,119.0,121.97676
LSTM,22,32,118.0,123.09665
LSTM,22,33,117.0,117.95402
LSTM,22,34,116.0,118.54068
LSTM,22,35,115.0,119.422455
LSTM,22,36,114.0,118.412094
LSTM,22,37,113.0,119.04307
LSTM,22,38,112.0,118.56527
LSTM,22,39,111.0,119.66724
LSTM,23,30,125.0,117.96478
LSTM,23,31,125.0,117.7381
LSTM,23,32,125.0,118.72724
LSTM,23,33,125.0,119.54567
LSTM,23,34,125.0,119.468925
LSTM,23,35,125.0,119.098236
LSTM,23,36,125.0,118.880936
LSTM,23,37,125.0,118.995575
LSTM,23,38,125.0,119.60917
LSTM,23,39,125.0,119.95335
LSTM,23,40,125.0,119.678764
LSTM,23,41,125.0,119.18548
LSTM,23,42,125.0,119.55929
LSTM,23,43,125.0,118.59609
LSTM,23,44,125.0,119.43337
LSTM,23,45,125.0,120.22109
LSTM,23,46,125.0,121.03628
LSTM,23,47,125.0,120.50006
LSTM,23,48,125.0,120.503654
LSTM,23,49,125.0,120.77597
LSTM,23,50,125.0,120.248314
LSTM,23,51,125.0,120.94431
LSTM,23,52,125.0,120.562645
LSTM,23,53,125.0,119.92249
LSTM,23,54,125.0,119.666534
LSTM,23,55,125.0,119.89466
LSTM,23,56,125.0,119.9968
LSTM,23,57,125.0,119.9654
LSTM,23,58,125.0,119.7786
LSTM,23,59,125.0,119.53169
LSTM,23,60,125.0,119.94946
LSTM,23,61,125.0,119.757355
LSTM,23,62,125.0,119.4436
LSTM,23,63,125.0,118.50635
LSTM,23,64,125.0,119.2251
LSTM,23,65,125.0,119.69093
LSTM,23,66,125.0,118.84517
LSTM,23,67,125.0,118.58386
LSTM,23,68,125.0,118.36465
LSTM,23,69,125.0,118.687515
LSTM,23,70,125.0,119.63597
LSTM,23,71,125.0,119.78128
LSTM,23,72,125.0,119.782845
LSTM,23,73,125.0,117.71584
LSTM,23,74,125.0,118.456696
LSTM,23,75,125.0,118.23984
LSTM,23,76,125.0,119.07236
LSTM,23,77,125.0,119.32036
LSTM,23,78,125.0,119.24701
LSTM,23,79,125.0,119.44996
LSTM,23,80,125.0,117.99966
LSTM,23,81,125.0,118.06662
LSTM,23,82,125.0,118.40538
LSTM,23,83,125.0,117.385925
LSTM,23,84,125.0,116.226875
LSTM,23,85,125.0,116.77437
LSTM,23,86,125.0,116.05715
LSTM,23,87,125.0,117.93541
LSTM,23,88,125.0,118.33655
LSTM,23,89,125.0,118.28992
LSTM,23,90,125.0,118.898476
LSTM,23,91,125.0,118.38645
LSTM,23,92,125.0,117.23097
LSTM,23,93,125.0,116.32556
LSTM,23,94,125.0,116.55087
LSTM,23,95,125.0,117.278465
LSTM,23,96,125.0,117.66805
LSTM,23,97,125.0,118.83897
LSTM,23,98,125.0,118.16081
LSTM,23,99,125.0,117.741585
LSTM,23,100,125.0,118.932175
LSTM,23,101,125.0,119.035065
LSTM,23,102,125.0,116.98548
LSTM,23,103,125.0,117.49815
LSTM,23,104,125.0,117.98647
LSTM,23,105,125.0,117.852516
LSTM,23,106,125.0,116.418365
LSTM,23,107,125.0,116.46194
LSTM,23,108,125.0,116.15804
LSTM,23,109,125.0,116.92292
LSTM,23,110,125.0,115.77896
LSTM,23,111,125.0,115.30876
LSTM,23,112,125.0,115.296646
LSTM,23,113,125.0,114.19138
LSTM,23,114,125.0,114.181984
LSTM,23,115,125.0,114.479675
LSTM,23,116,125.0,114.46599
LSTM,23,117,125.0,115.328255
LSTM,23,118,125.0,113.74793
LSTM,23,119,124.0,113.725235
LSTM,23,120,123.0,114.89063
LSTM,23,121,122.0,117.1574
LSTM,23,122,121.0,117.16486
LSTM,23,123,120.0,117.49159
LSTM,23,124,119.0,116.64941
LSTM,23,125,118.0,112.29308
LSTM,23,126,117.0,113.89171
LSTM,23,127,116.0,112.95467
LSTM,23,128,115.0,115.427795
LSTM,23,129,114.0,117.13972
LSTM,23,130,113.0,115.79504
LSTM,24,30,125.0,118.09625
LSTM,24,31,125.0,118.11841
LSTM,24,32,125.0,116.92759
LSTM,24,33,125.0,116.28028
LSTM,24,34,125.0,113.8614
LSTM,24,35,125.0,115.20897
LSTM,24,36,125.0,115.512
LSTM,24,37,125.0,117.98953
LSTM,24,38,125.0,117.10206
LSTM,24,39,125.0,117.970665
LSTM,24,40,125.0,116.64151
LSTM,24,41,125.0,117.95525
LSTM,24,42,125.0,118.44592
LSTM,24,43,125.0,117.46408
LSTM,24,44,125.0,118.754196
LSTM,24,45,125.0,119.763405
LSTM,24,46,125.0,118.818085
LSTM,24,47,125.0,119.628876
LSTM,24,48,125.0,120.17047
LSTM,24,49,125.0,120.27192
LSTM,24,50,125.0,118.89994
LSTM,24,51,125.0,119.42316
LSTM,24,52,125.0,119.20283
LSTM,24,53,125.0,118.91689
LSTM,24,54,125.0,119.14483
LSTM,24,55,125.0,118.38009
LSTM,24,56,125.0,118.10525
LSTM,24,57,125.0,118.277534
LSTM,24,58,125.0,119.829
LSTM,24,59,125.0,120.30572
LSTM,24,60,125.0,119.65642
LSTM,24,61,125.0,120.177864
LSTM,24,62,125.0,119.8202
LSTM,24,63,125.0,119.54722
LSTM,24,64,125.0,117.517845
LSTM,24,65,125.0,117.3605
LSTM,24,66,125.0,118.53762
LSTM,24,67,125.0,118.73663
LSTM,24,68,125.0,116.43461
LSTM,24,69,125.0,116.75476
LSTM,24,70,125.0,116.22405
LSTM,24,71,125.0,117.43978
LSTM,24,72,125.0,117.45237
LSTM,24,73,125.0,115.8997
LSTM,24,74,125.0,116.12526
LSTM,24,75,125.0,116.17008
LSTM,24,76,125.0,116.50026
LSTM,24,77,125.0,117.50699
LSTM,24,78,125.0,117.607635
LSTM,24,79,125.0,116.91888
LSTM,24,80,125.0,113.806816
LSTM,24,81,125.0,113.80831
LSTM,24,82,124.0,110.48592
LSTM,24,83,123.0,113.10147
LSTM,24,84,122.0,112.28019
LSTM,24,85,121.0,109.19386
LSTM,24,86,120.0,107.88913
LSTM,24,87,119.0,105.78491
LSTM,24,88,118.0,110.062584
LSTM,24,89,117.0,108.56045
LSTM,24,90,116.0,107.5388
LSTM,24,91,115.0,108.66666
LSTM,24,92,114.0,106.731255
LSTM,24,93,113.0,106.43193
LSTM,24,94,112.0,105.24273
LSTM,24,95,111.0,106.32208
LSTM,24,96,110.0,109.19425
LSTM,24,97,109.0,110.41281
LSTM,24,98,108.0,110.24384
LSTM,24,99,107.0,109.266235
LSTM,24,100,106.0,106.0612
LSTM,24,101,105.0,106.62946
LSTM,24,102,104.0,108.799576
LSTM,24,103,103.0,108.64904
LSTM,24,104,102.0,107.776276
LSTM,24,105,101.0,103.23119
LSTM,24,106,100.0,110.7149
LSTM,24,107,99.0,111.17079
LSTM,24,108,98.0,111.378784
LSTM,24,109,97.0,108.30139
LSTM,24,110,96.0,104.57808
LSTM,24,111,95.0,106.30404
LSTM,24,112,94.0,101.41772
LSTM,24,113,93.0,105.696846
LSTM,24,114,92.0,109.600204
LSTM,24,115,91.0,98.90992
LSTM,24,116,90.0,96.3706
LSTM,24,117,89.0,93.76771
LSTM,24,118,88.0,93.425674
LSTM,24,119,87.0,89.252426
LSTM,24,120,86.0,78.417435
LSTM,24,121,85.0,82.993996
LSTM,24,122,84.0,77.206345
LSTM,24,123,83.0,75.60014
LSTM,24,124,82.0,74.19229
LSTM,24,125,81.0,76.123436
LSTM,24,126,80.0,77.241264
LSTM,24,127,79.0,81.02688
LSTM,24,128,78.0,83.924805
LSTM,24,129,77.0,84.58004
LSTM,24,130,76.0,70.3424
LSTM,24,131,75.0,66.981865
LSTM,24,132,74.0,78.808495
LSTM,24,133,73.0,77.72918
LSTM,24,134,72.0,78.81802
LSTM,24,135,71.0,75.446526
LSTM,24,136,70.0,76.55613
LSTM,24,137,69.0,77.89471
LSTM,24,138,68.0,78.92615
LSTM,24,139,67.0,70.25276
LSTM,24,140,66.0,66.168304
LSTM,24,141,65.0,75.482025
LSTM,24,142,64.0,69.20152
LSTM,24,143,63.0,67.43853
LSTM,24,144,62.0,60.429462
LSTM,24,145,61.0,55.71336
LSTM,24,146,60.0,49.166813
LSTM,24,147,59.0,51.04799
LSTM,24,148,58.0,52.343456
LSTM,24,149,57.0,47.86531
LSTM,24,150,56.0,48.37387
LSTM,24,151,55.0,47.359894
LSTM,24,152,54.0,47.929455
LSTM,24,153,53.0,52.891838
LSTM,24,154,52.0,49.344387
LSTM,24,155,51.0,49.567726
LSTM,24,156,50.0,52.391422
LSTM,24,157,49.0,52.833492
LSTM,24,158,48.0,49.280117
LSTM,24,159,47.0,49.383705
LSTM,24,160,46.0,46.67346
LSTM,24,161,45.0,46.127533
LSTM,24,162,44.0,44.01039
LSTM,24,163,43.0,44.05791
LSTM,24,164,42.0,43.745518
LSTM,24,165,41.0,46.590996
LSTM,24,166,40.0,47.24284
LSTM,24,167,39.0,45.387203
LSTM,24,168,38.0,44.517666
LSTM,24,169,37.0,39.09849
LSTM,24,170,36.0,37.105976
LSTM,24,171,35.0,37.90655
LSTM,24,172,34.0,34.409447
LSTM,24,173,33.0,30.061287
LSTM,24,174,32.0,27.075264
LSTM,24,175,31.0,25.95819
LSTM,24,176,30.0,28.05271
LSTM,24,177,29.0,28.059328
LSTM,24,178,28.0,28.048141
LSTM,24,179,27.0,27.697948
LSTM,24,180,26.0,27.861992
LSTM,24,181,25.0,27.429348
LSTM,24,182,24.0,26.116611
LSTM,24,183,23.0,26.08761
LSTM,24,184,22.0,24.308477
LSTM,24,185,21.0,22.366226
LSTM,24,186,20.0,22.004118
LSTM,25,30,125.0,120.94668
LSTM,25,31,125.0,120.12447
LSTM,25,32,125.0,120.02905
LSTM,25,33,125.0,119.93724
LSTM,25,34,125.0,120.01353
LSTM,25,35,125.0,120.403625
LSTM,25,36,125.0,121.45983
LSTM,25,37,125.0,121.51154
LSTM,25,38,125.0,121.295975
LSTM,25,39,125.0,119.86244
LSTM,25,40,125.0,117.104645
LSTM,25,41,125.0,115.41249
LSTM,25,42,125.0,108.1558
LSTM,25,43,125.0,113.47926
LSTM,25,44,125.0,108.67391
LSTM,25,45,125.0,105.63209
LSTM,25,46,125.0,110.80665
LSTM,25,47,125.0,115.81317
LSTM,25,48,125.0,104.63607
LSTM,26,30,125.0,114.88308
LSTM,26,31,125.0,116.47519
LSTM,26,32,125.0,117.44029
LSTM,26,33,125.0,118.36373
LSTM,26,34,125.0,118.03541
LSTM,26,35,125.0,117.81669
LSTM,26,36,125.0,118.46564
LSTM,26,37,125.0,117.38679
LSTM,26,38,125.0,119.54929
LSTM,26,39,125.0,118.725075
LSTM,26,40,125.0,116.53395
LSTM,26,41,125.0,118.262566
LSTM,26,42,125.0,118.33025
LSTM,26,43,125.0,118.989944
LSTM,26,44,125.0,117.91775
LSTM,26,45,125.0,114.80982
LSTM,26,46,125.0,115.27662
LSTM,26,47,125.0,115.17029
LSTM,26,48,125.0,117.69438
LSTM,26,49,125.0,115.98648
LSTM,26,50,125.0,112.72224
LSTM,26,51,125.0,115.84871
LSTM,26,52,125.0,118.179054
LSTM,26,53,125.0,118.17319
LSTM,26,54,125.0,118.926346
LSTM,26,55,125.0,120.62041
LSTM,26,56,125.0,118.87248
LSTM,26,57,125.0,116.78578
LSTM,26,58,125.0,115.393135
LSTM,26,59,125.0,115.36771
LSTM,26,60,125.0,115.87749
LSTM,26,61,125.0,114.63687
LSTM,26,62,125.0,117.06609
LSTM,26,63,125.0,117.420746
LSTM,26,64,125.0,112.644745
LSTM,26,65,125.0,112.613396
LSTM,26,66,125.0,111.03573
LSTM,26,67,125.0,106.702194
LSTM,26,68,125.0,110.1407
LSTM,26,69,125.0,111.17927
LSTM,26,70,125.0,108.287025
LSTM,26,71,124.0,107.280106
LSTM,26,72,123.0,109.18917
LSTM,26,73,122.0,111.58587
LSTM,26,74,121.0,109.783134
LSTM,26,75,120.0,109.51287
LSTM,26,76,119.0,109.93824
LSTM,27,30,125.0,118.951935
LSTM,27,31,125.0,119.6345
LSTM,27,32,125.0,119.910645
LSTM,27,33,125.0,120.54591
LSTM,27,34,125.0,120.28982
LSTM,27,35,125.0,120.039734
LSTM,27,36,125.0,119.93155
LSTM,27,37,125.0,119.47459
LSTM,27,38,125.0,119.91573
LSTM,27,39,125.0,120.396324
LSTM,27,40,125.0,119.865906
LSTM,27,41,125.0,120.274574
LSTM,27,42,125.0,119.39144
LSTM,27,43,125.0,119.234245
LSTM,27,44,125.0,119.92764
LSTM,27,45,125.0,119.80088
LSTM,27,46,125.0,119.005775
LSTM,27,47,125.0,119.72567
LSTM,27,48,125.0,119.84803
LSTM,27,49,125.0,119.64103
LSTM,27,50,125.0,119.22339
LSTM,27,51,125.0,118.69183
LSTM,27,52,125.0,119.62393
LSTM,27,53,125.0,118.44125
LSTM,27,54,125.0,117.9692
LSTM,27,55,125.0,118.44386
LSTM,27,56,125.0,119.35187
LSTM,27,57,125.0,119.790794
LSTM,27,58,125.0,118.74561
LSTM,27,59,125.0,117.98792
LSTM,27,60,125.0,117.52676
LSTM,27,61,125.0,118.34399
LSTM,27,62,125.0,119.55322
LSTM,27,63,125.0,120.10093
LSTM,27,64,125.0,118.61185
LSTM,27,65,125.0,118.527336
LSTM,27,66,125.0,119.34814
LSTM,27,67,125.0,118.13315
LSTM,27,68,125.0,117.96465
LSTM,27,69,125.0,118.73608
LSTM,27,70,125.0,117.21667
LSTM,27,71,125.0,114.65709
LSTM,27,72,125.0,114.68481
LSTM,27,73,125.0,116.59311
LSTM,27,74,125.0,117.314835
LSTM,27,75,125.0,114.178154
LSTM,27,76,125.0,111.441986
LSTM,27,77,125.0,107.38008
LSTM,27,78,125.0,111.53481
LSTM,27,79,125.0,111.84495
LSTM,27,80,125.0,112.90938
LSTM,27,81,125.0,110.039986
LSTM,27,82,124.0,103.7329
LSTM,27,83,123.0,102.697014
LSTM,27,84,122.0,104.90712
LSTM,27,85,121.0,103.75588
LSTM,27,86,120.0,99.23275
LSTM,27,87,119.0,105.59106
LSTM,27,88,118.0,109.76435
LSTM,27,89,117.0,111.11836
LSTM,27,90,116.0,111.57093
LSTM,27,91,115.0,112.47777
LSTM,27,92,114.0,116.97117
LSTM,27,93,113.0,116.37211
LSTM,27,94,112.0,113.31892
LSTM,27,95,111.0,115.54446
LSTM,27,96,110.0,116.76663
LSTM,27,97,109.0,116.76239
LSTM,27,98,108.0,116.54391
LSTM,27,99,107.0,112.17825
LSTM,27,100,106.0,113.0483
LSTM,27,101,105.0,112.712135
LSTM,27,102,104.0,114.679146
LSTM,27,103,103.0,116.46591
LSTM,27,104,102.0,117.30666
LSTM,27,105,101.0,115.18095
LSTM,27,106,100.0,115.61032
LSTM,27,107,99.0,110.34763
LSTM,27,108,98.0,112.967064
LSTM,27,109,97.0,112.89831
LSTM,27,110,96.0,116.67487
LSTM,27,111,95.0,115.96896
LSTM,27,112,94.0,106.87239
LSTM,27,113,93.0,106.209
LSTM,27,114,92.0,104.74253
LSTM,27,115,91.0,95.44613
LSTM,27,116,90.0,89.66737
LSTM,27,117,89.0,84.80466
LSTM,27,118,88.0,93.821846
LSTM,27,119,87.0,98.46715
LSTM,27,120,86.0,93.60202
LSTM,27,121,85.0,89.57574
LSTM,27,122,84.0,95.36962
LSTM,27,123,83.0,91.488594
LSTM,27,124,82.0,81.81333
LSTM,27,125,81.0,82.11189
LSTM,27,126,80.0,83.707344
LSTM,27,127,79.0,74.23974
LSTM,27,128,78.0,68.17088
LSTM,27,129,77.0,66.04824
LSTM,27,130,76.0,69.98902
LSTM,27,131,75.0,73.01889
LSTM,27,132,74.0,68.178246
LSTM,27,133,73.0,66.02012
LSTM,27,134,72.0,68.001785
LSTM,27,135,71.0,67.13985
LSTM,27,136,70.0,63.184155
LSTM,27,137,69.0,71.913574
LSTM,27,138,68.0,82.17561
LSTM,27,139,67.0,87.364525
LSTM,27,140,66.0,90.315994
LSTM,28,30,125.0,118.61609
LSTM,28,31,125.0,118.37489
LSTM,28,32,125.0,120.00719
LSTM,28,33,125.0,118.79138
LSTM,28,34,125.0,118.415306
LSTM,28,35,125.0,117.874084
LSTM,28,36,125.0,116.700096
LSTM,28,37,125.0,117.18553
LSTM,28,38,125.0,117.77857
LSTM,28,39,125.0,117.14528
LSTM,28,40,125.0,116.370514
LSTM,28,41,125.0,117.73225
LSTM,28,42,125.0,120.1941
LSTM,28,43,125.0,121.27824
LSTM,28,44,125.0,120.45294
LSTM,28,45,125.0,120.85198
LSTM,28,46,125.0,121.97749
LSTM,28,47,125.0,122.681206
LSTM,28,48,125.0,122.80597
LSTM,28,49,125.0,123.172386
LSTM,28,50,125.0,121.728836
LSTM,28,51,125.0,120.75586
LSTM,28,52,125.0,113.946526
LSTM,28,53,125.0,109.735
LSTM,28,54,125.0,109.91068
LSTM,28,55,125.0,111.50762
LSTM,28,56,125.0,114.27349
LSTM,28,57,125.0,113.04682
LSTM,28,58,125.0,109.70182
LSTM,28,59,125.0,115.102295
LSTM,28,60,125.0,116.7844
LSTM,28,61,125.0,116.32273
LSTM,28,62,125.0,118.117905
LSTM,28,63,125.0,112.97294
LSTM,28,64,125.0,114.678375
LSTM,28,65,125.0,116.57141
LSTM,28,66,125.0,117.348816
LSTM,28,67,125.0,114.9406
LSTM,28,68,125.0,117.21333
LSTM,28,69,125.0,114.17008
LSTM,28,70,125.0,112.737656
LSTM,28,71,125.0,116.485115
LSTM,28,72,125.0,118.707596
LSTM,28,73,125.0,120.85454
LSTM,28,74,125.0,118.70219
LSTM,28,75,125.0,120.63604
LSTM,28,76,125.0,121.76346
LSTM,28,77,125.0,121.63226
LSTM,28,78,125.0,122.25907
LSTM,28,79,125.0,122.09386
LSTM,28,80,125.0,123.21547
LSTM,28,81,125.0,123.03777
LSTM,28,82,125.0,121.89697
LSTM,28,83,125.0,120.91866
LSTM,28,84,125.0,121.87013
LSTM,28,85,125.0,121.80327
LSTM,28,86,125.0,122.21777
LSTM,28,87,125.0,121.125435
LSTM,28,88,125.0,120.17645
LSTM,28,89,125.0,120.777954
LSTM,28,90,125.0,120.549034
LSTM,28,91,125.0,118.09318
LSTM,28,92,125.0,116.4287
LSTM,28,93,125.0,109.328186
LSTM,28,94,125.0,117.31814
LSTM,28,95,125.0,116.50412
LSTM,28,96,125.0,109.210724
LSTM,28,97,125.0,109.80309
LSTM,28,98,125.0,116.87885
LSTM,28,99,125.0,117.25216
LSTM,28,100,125.0,113.38905
LSTM,28,101,125.0,114.863
LSTM,28,102,125.0,111.18546
LSTM,28,103,125.0,110.85289
LSTM,28,104,125.0,109.15922
LSTM,28,105,125.0,113.45078
LSTM,28,106,125.0,110.61601
LSTM,28,107,125.0,109.417885
LSTM,28,108,125.0,109.39351
LSTM,28,109,125.0,106.82495
LSTM,28,110,125.0,103.97708
LSTM,28,111,125.0,108.18939
LSTM,28,112,125.0,103.42604
LSTM,28,113,125.0,100.5069
LSTM,28,114,125.0,104.42295
LSTM,28,115,125.0,107.06168
LSTM,28,116,125.0,108.16904
LSTM,28,117,125.0,106.45644
LSTM,28,118,125.0,110.61818
LSTM,28,119,125.0,111.61188
LSTM,28,120,125.0,118.61093
LSTM,28,121,125.0,117.1572
LSTM,28,122,125.0,116.16583
LSTM,28,123,125.0,119.97313
LSTM,28,124,125.0,121.50604
LSTM,28,125,125.0,116.976395
LSTM,28,126,125.0,107.17142
LSTM,28,127,125.0,108.346466
LSTM,28,128,125.0,110.10736
LSTM,28,129,125.0,109.38062
LSTM,28,130,125.0,102.91418
LSTM,28,131,124.0,108.19413
LSTM,28,132,123.0,107.93764
LSTM,28,133,122.0,110.96057
LSTM,28,134,121.0,116.35203
LSTM,28,135,120.0,118.56528
LSTM,28,136,119.0,113.30789
LSTM,28,137,118.0,118.42342
LSTM,28,138,117.0,116.784096
LSTM,28,139,116.0,115.56734
LSTM,28,140,115.0,109.086365
LSTM,28,141,114.0,105.57931
LSTM,28,142,113.0,108.77873
LSTM,28,143,112.0,105.44616
LSTM,28,144,111.0,103.73611
LSTM,28,145,110.0,103.38539
LSTM,28,146,109.0,100.63845
LSTM,28,147,108.0,104.95868
LSTM,28,148,107.0,107.2269
LSTM,28,149,106.0,104.980255
LSTM,28,150,105.0,111.70001
LSTM,28,151,104.0,107.7118
LSTM,28,152,103.0,103.71139
LSTM,28,153,102.0,115.430305
LSTM,28,154,101.0,116.616295
LSTM,28,155,100.0,112.20489
LSTM,28,156,99.0,111.54659
LSTM,28,157,98.0,109.799164
LSTM,28,158,97.0,108.60443
LSTM,29,30,125.0,110.476135
LSTM,29,31,125.0,114.56565
LSTM,29,32,125.0,115.59125
LSTM,29,33,125.0,116.77181
LSTM,29,34,125.0,116.93946
LSTM,29,35,125.0,117.51436
LSTM,29,36,125.0,117.64142
LSTM,29,37,125.0,117.01839
LSTM,29,38,125.0,119.484695
LSTM,29,39,125.0,120.231865
LSTM,29,40,125.0,120.68267
LSTM,29,41,125.0,118.97697
LSTM,29,42,125.0,120.08723
LSTM,29,43,125.0,118.754776
LSTM,29,44,125.0,116.10628
LSTM,29,45,125.0,115.710175
LSTM,29,46,125.0,117.98212
LSTM,29,47,125.0,117.652374
LSTM,29,48,125.0,115.00236
LSTM,29,49,125.0,116.52274
LSTM,29,50,125.0,114.674255
LSTM,29,51,125.0,113.96894
LSTM,29,52,125.0,112.99911
LSTM,29,53,125.0,114.42585
LSTM,29,54,125.0,114.80707
LSTM,29,55,125.0,111.46844
LSTM,29,56,125.0,115.236824
LSTM,29,57,125.0,112.64667
LSTM,29,58,125.0,110.00481
LSTM,29,59,125.0,111.52696
LSTM,29,60,125.0,108.813896
LSTM,29,61,125.0,112.98034
LSTM,29,62,125.0,113.20427
LSTM,29,63,125.0,112.07912
LSTM,29,64,125.0,114.464905
LSTM,29,65,125.0,114.7274
LSTM,29,66,125.0,112.593765
LSTM,29,67,125.0,117.32858
LSTM,29,68,125.0,118.416954
LSTM,29,69,125.0,118.88806
LSTM,29,70,125.0,118.37119
LSTM,29,71,125.0,115.840004
LSTM,29,72,125.0,116.264496
LSTM,29,73,125.0,118.39503
LSTM,29,74,125.0,117.443695
LSTM,29,75,125.0,119.12342
LSTM,29,76,125.0,118.807
LSTM,29,77,125.0,119.1101
LSTM,29,78,125.0,117.12565
LSTM,29,79,125.0,116.16579
LSTM,29,80,125.0,113.77669
LSTM,29,81,125.0,109.106255
LSTM,29,82,125.0,111.55102
LSTM,29,83,125.0,112.3049
LSTM,29,84,125.0,111.887634
LSTM,29,85,125.0,100.160645
LSTM,29,86,125.0,106.38133
LSTM,29,87,125.0,100.09954
LSTM,29,88,125.0,100.59469
LSTM,29,89,125.0,104.48232
LSTM,29,90,125.0,101.97151
LSTM,29,91,125.0,98.9567
LSTM,29,92,125.0,98.05611
LSTM,29,93,125.0,101.49837
LSTM,29,94,125.0,105.38124
LSTM,29,95,125.0,107.77789
LSTM,29,96,125.0,103.705826
LSTM,29,97,125.0,107.40213
LSTM,29,98,125.0,112.00875
LSTM,29,99,125.0,113.60639
LSTM,29,100,125.0,110.529915
LSTM,29,101,125.0,107.70186
LSTM,29,102,125.0,107.413506
LSTM,29,103,125.0,112.75153
LSTM,29,104,125.0,117.05595
LSTM,29,105,125.0,119.79533
LSTM,29,106,125.0,119.68937
LSTM,29,107,125.0,121.99808
LSTM,29,108,125.0,121.62791
LSTM,29,109,125.0,120.18527
LSTM,29,110,125.0,118.22378
LSTM,29,111,125.0,117.03176
LSTM,29,112,125.0,117.74103
LSTM,29,113,125.0,119.133125
LSTM,29,114,125.0,119.62481
LSTM,29,115,125.0,116.38977
LSTM,29,116,125.0,118.18037
LSTM,29,117,125.0,116.55281
LSTM,29,118,125.0,117.28714
LSTM,29,119,125.0,116.99236
LSTM,29,120,125.0,117.69795
LSTM,29,121,125.0,116.0177
LSTM,29,122,125.0,113.94909
LSTM,29,123,125.0,110.533554
LSTM,29,124,125.0,110.5973
LSTM,29,125,125.0,109.78378
LSTM,29,126,125.0,107.227905
LSTM,29,127,125.0,105.89571
LSTM,29,128,125.0,105.10433
LSTM,29,129,125.0,110.51853
LSTM,29,130,125.0,104.554855
LSTM,29,131,125.0,96.594955
LSTM,29,132,125.0,95.12836
LSTM,29,133,125.0,82.32006
LSTM,29,134,125.0,90.224945
LSTM,29,135,125.0,92.13955
LSTM,29,136,125.0,83.48914
LSTM,29,137,124.0,92.420456
LSTM,29,138,123.0,99.16203
LSTM,29,139,122.0,98.69545
LSTM,29,140,121.0,97.76399
LSTM,29,141,120.0,100.789345
LSTM,29,142,119.0,95.22475
LSTM,29,143,118.0,98.07764
LSTM,29,144,117.0,92.819176
LSTM,29,145,116.0,88.92683
LSTM,29,146,115.0,95.72895
LSTM,29,147,114.0,96.61144
LSTM,29,148,113.0,97.552155
LSTM,29,149,112.0,92.44377
LSTM,29,150,111.0,99.18594
LSTM,29,151,110.0,100.38258
LSTM,29,152,109.0,90.83421
LSTM,29,153,108.0,91.29153
LSTM,29,154,107.0,89.911896
LSTM,29,155,106.0,88.36758
LSTM,29,156,105.0,85.832756
LSTM,29,157,104.0,96.50988
LSTM,29,158,103.0,98.36345
LSTM,29,159,102.0,101.80137
LSTM,29,160,101.0,101.262764
LSTM,29,161,100.0,97.436806
LSTM,29,162,99.0,96.93252
LSTM,29,163,98.0,93.53364
LSTM,29,164,97.0,89.48888
LSTM,29,165,96.0,93.15625
LSTM,29,166,95.0,89.56597
LSTM,29,167,94.0,91.62884
LSTM,29,168,93.0,90.19115
LSTM,29,169,92.0,94.4105
LSTM,29,170,91.0,97.423836
LSTM,29,171,90.0,100.18623
LSTM,30,30,125.0,120.30354
LSTM,30,31,125.0,121.52651
LSTM,30,32,125.0,121.859535
LSTM,30,33,125.0,121.964
LSTM,30,34,125.0,121.29058
LSTM,30,35,125.0,122.359116
LSTM,30,36,125.0,122.55575
LSTM,30,37,125.0,122.40801
LSTM,30,38,125.0,121.653244
LSTM,30,39,125.0,120.99171
LSTM,30,40,125.0,120.45378
LSTM,30,41,125.0,121.30891
LSTM,30,42,125.0,122.49625
LSTM,30,43,125.0,124.31498
LSTM,30,44,125.0,123.803055
LSTM,30,45,125.0,120.50271
LSTM,30,46,125.0,116.640656
LSTM,30,47,125.0,119.5321
LSTM,30,48,125.0,118.373474
LSTM,30,49,125.0,113.93194
LSTM,30,50,125.0,114.30762
LSTM,30,51,125.0,107.24976
LSTM,30,52,125.0,109.46253
LSTM,30,53,125.0,111.69149
LSTM,30,54,125.0,113.541626
LSTM,30,55,125.0,115.16576
LSTM,30,56,125.0,113.69033
LSTM,30,57,125.0,111.01434
LSTM,30,58,125.0,115.08407
LSTM,30,59,125.0,120.46773
LSTM,30,60,125.0,116.596436
LSTM,30,61,125.0,109.87981
LSTM,30,62,125.0,109.34082
LSTM,30,63,125.0,111.9037
LSTM,30,64,125.0,111.75973
LSTM,30,65,125.0,115.76441
LSTM,30,66,125.0,116.31936
LSTM,30,67,125.0,115.291306
LSTM,30,68,125.0,117.53668
LSTM,30,69,125.0,116.83451
LSTM,30,70,125.0,117.67009
LSTM,30,71,125.0,120.42172
LSTM,30,72,125.0,123.14233
LSTM,30,73,125.0,124.7774
LSTM,30,74,125.0,124.617065
LSTM,30,75,125.0,122.8762
LSTM,30,76,125.0,121.43207
LSTM,30,77,125.0,122.33642
LSTM,30,78,125.0,122.190544
LSTM,30,79,125.0,124.04307
LSTM,30,80,125.0,124.25252
LSTM,30,81,125.0,120.34027
LSTM,30,82,125.0,117.96418
LSTM,30,83,125.0,118.69601
LSTM,30,84,125.0,114.92622
LSTM,30,85,125.0,114.84432
LSTM,30,86,125.0,115.6521
LSTM,30,87,125.0,113.15593
LSTM,30,88,125.0,116.61057
LSTM,30,89,125.0,120.15064
LSTM,30,90,125.0,118.59616
LSTM,30,91,125.0,113.66958
LSTM,30,92,125.0,112.47304
LSTM,30,93,125.0,111.81562
LSTM,30,94,125.0,112.42073
LSTM,30,95,125.0,115.263664
LSTM,30,96,125.0,112.51245
LSTM,30,97,125.0,110.76445
LSTM,30,98,125.0,110.892456
LSTM,30,99,125.0,110.03998
LSTM,30,100,125.0,109.99172
LSTM,30,101,125.0,110.27961
LSTM,30,102,125.0,114.464905
LSTM,30,103,125.0,117.32696
LSTM,30,104,125.0,117.397606
LSTM,30,105,125.0,115.76468
LSTM,30,106,125.0,112.80973
LSTM,30,107,125.0,111.59188
LSTM,30,108,125.0,112.64686
LSTM,30,109,125.0,117.3487
LSTM,30,110,125.0,115.92253
LSTM,30,111,125.0,105.91467
LSTM,30,112,125.0,87.731636
LSTM,30,113,125.0,91.96618
LSTM,30,114,125.0,81.81529
LSTM,30,115,125.0,74.66158
LSTM,30,116,125.0,68.944275
LSTM,30,117,125.0,55.333984
LSTM,30,118,125.0,66.85042
LSTM,30,119,125.0,69.48875
LSTM,30,120,125.0,69.022896
LSTM,30,121,125.0,62.008354
LSTM,30,122,125.0,70.727806
LSTM,30,123,125.0,68.76539
LSTM,30,124,125.0,71.36452
LSTM,30,125,125.0,78.28277
LSTM,30,126,125.0,82.782455
LSTM,30,127,125.0,77.82684
LSTM,30,128,125.0,74.92818
LSTM,30,129,125.0,83.27183
LSTM,30,130,125.0,91.44169
LSTM,30,131,125.0,88.78635
LSTM,30,132,125.0,94.90257
LSTM,30,133,125.0,103.69514
LSTM,30,134,124.0,104.59732
LSTM,30,135,123.0,107.275475
LSTM,30,136,122.0,111.08962
LSTM,30,137,121.0,111.12296
LSTM,30,138,120.0,106.15156
LSTM,30,139,119.0,108.17443
LSTM,30,140,118.0,106.65524
LSTM,30,141,117.0,107.61586
LSTM,30,142,116.0,105.405655
LSTM,30,143,115.0,106.790855
LSTM,31,30,125.0,115.03452
LSTM,31,31,125.0,116.33729
LSTM,31,32,125.0,117.426895
LSTM,31,33,125.0,113.21889
LSTM,31,34,125.0,112.68895
LSTM,31,35,125.0,110.674706
LSTM,31,36,125.0,114.841705
LSTM,31,37,125.0,115.07854
LSTM,31,38,125.0,114.77011
LSTM,31,39,125.0,116.042534
LSTM,31,40,125.0,111.86098
LSTM,31,41,125.0,111.62761
LSTM,31,42,125.0,111.85663
LSTM,31,43,125.0,109.93964
LSTM,31,44,125.0,110.35945
LSTM,31,45,125.0,110.85494
LSTM,31,46,125.0,112.185036
LSTM,31,47,125.0,112.48613
LSTM,31,48,125.0,112.72397
LSTM,31,49,125.0,112.948685
LSTM,31,50,125.0,115.353485
LSTM,31,51,125.0,117.42948
LSTM,31,52,125.0,115.101074
LSTM,31,53,125.0,115.01832
LSTM,31,54,125.0,114.71623
LSTM,31,55,125.0,112.053825
LSTM,31,56,125.0,114.06089
LSTM,31,57,125.0,110.03891
LSTM,31,58,125.0,109.1456
LSTM,31,59,125.0,98.43594
LSTM,31,60,125.0,104.86558
LSTM,31,61,125.0,100.92621
LSTM,31,62,125.0,105.20651
LSTM,31,63,125.0,102.45036
LSTM,31,64,125.0,99.135376
LSTM,31,65,125.0,90.34814
LSTM,31,66,125.0,97.470566
LSTM,31,67,125.0,98.17277
LSTM,31,68,125.0,95.8801
LSTM,31,69,125.0,99.306854
LSTM,31,70,125.0,93.27941
LSTM,31,71,125.0,96.495445
LSTM,31,72,125.0,95.72065
LSTM,31,73,125.0,97.073616
LSTM,31,74,125.0,101.70132
LSTM,31,75,125.0,103.52598
LSTM,31,76,125.0,106.9078
LSTM,31,77,125.0,110.225006
LSTM,31,78,125.0,109.59696
LSTM,31,79,125.0,109.14593
LSTM,31,80,124.0,112.77981
LSTM,31,81,123.0,115.9801
LSTM,31,82,122.0,119.26166
LSTM,31,83,121.0,119.87034
LSTM,31,84,120.0,120.37395
LSTM,31,85,119.0,119.616325
LSTM,31,86,118.0,120.90694
LSTM,31,87,117.0,120.33421
LSTM,31,88,116.0,120.071724
LSTM,31,89,115.0,117.91571
LSTM,31,90,114.0,118.76778
LSTM,31,91,113.0,114.27642
LSTM,31,92,112.0,112.342064
LSTM,31,93,111.0,106.8119
LSTM,31,94,110.0,98.76712
LSTM,31,95,109.0,91.21257
LSTM,31,96,108.0,93.879684
LSTM,31,97,107.0,84.41224
LSTM,31,98,106.0,81.96018
LSTM,31,99,105.0,77.702934
LSTM,31,100,104.0,79.25492
LSTM,31,101,103.0,85.95941
LSTM,31,102,102.0,67.45836
LSTM,31,103,101.0,63.6379
LSTM,31,104,100.0,61.05129
LSTM,31,105,99.0,79.64975
LSTM,31,106,98.0,83.30253
LSTM,31,107,97.0,74.95386
LSTM,31,108,96.0,80.43551
LSTM,31,109,95.0,85.67936
LSTM,31,110,94.0,92.074684
LSTM,31,111,93.0,100.014145
LSTM,31,112,92.0,103.85141
LSTM,31,113,91.0,104.85822
LSTM,31,114,90.0,113.14885
LSTM,31,115,89.0,114.489334
LSTM,31,116,88.0,113.50198
LSTM,31,117,87.0,111.4285
LSTM,31,118,86.0,104.50505
LSTM,31,119,85.0,105.734856
LSTM,31,120,84.0,108.002396
LSTM,31,121,83.0,91.623184
LSTM,31,122,82.0,82.98656
LSTM,31,123,81.0,69.26647
LSTM,31,124,80.0,71.907875
LSTM,31,125,79.0,71.80658
LSTM,31,126,78.0,77.226326
LSTM,31,127,77.0,71.57486
LSTM,31,128,76.0,68.63679
LSTM,31,129,75.0,71.493324
LSTM,31,130,74.0,73.1719
LSTM,31,131,73.0,72.11718
LSTM,31,132,72.0,62.333626
LSTM,31,133,71.0,65.040184
LSTM,31,134,70.0,67.08232
LSTM,31,135,69.0,69.07529
LSTM,31,136,68.0,66.23825
LSTM,31,137,67.0,55.847435
LSTM,31,138,66.0,63.665386
LSTM,31,139,65.0,63.85444
LSTM,31,140,64.0,77.95835
LSTM,31,141,63.0,87.44235
LSTM,31,142,62.0,85.0813
LSTM,31,143,61.0,90.94093
LSTM,31,144,60.0,97.06766
LSTM,31,145,59.0,91.14317
LSTM,31,146,58.0,83.382095
LSTM,31,147,57.0,82.01351
LSTM,31,148,56.0,63.556213
LSTM,31,149,55.0,58.66652
LSTM,31,150,54.0,52.614487
LSTM,31,151,53.0,50.120934
LSTM,31,152,52.0,45.74877
LSTM,31,153,51.0,44.419613
LSTM,31,154,50.0,37.74011
LSTM,31,155,49.0,43.753876
LSTM,31,156,48.0,47.652756
LSTM,31,157,47.0,44.90295
LSTM,31,158,46.0,49.591248
LSTM,31,159,45.0,48.276726
LSTM,31,160,44.0,47.544224
LSTM,31,161,43.0,42.055065
LSTM,31,162,42.0,38.31101
LSTM,31,163,41.0,34.36257
LSTM,31,164,40.0,34.86876
LSTM,31,165,39.0,34.375404
LSTM,31,166,38.0,37.03471
LSTM,31,167,37.0,37.684696
LSTM,31,168,36.0,36.66186
LSTM,31,169,35.0,35.75802
LSTM,31,170,34.0,38.440247
LSTM,31,171,33.0,39.438725
LSTM,31,172,32.0,40.68844
LSTM,31,173,31.0,43.29603
LSTM,31,174,30.0,41.935406
LSTM,31,175,29.0,38.77957
LSTM,31,176,28.0,34.323936
LSTM,31,177,27.0,33.87935
LSTM,31,178,26.0,29.916721
LSTM,31,179,25.0,25.58845
LSTM,31,180,24.0,22.43664
LSTM,31,181,23.0,21.006994
LSTM,31,182,22.0,19.124392
LSTM,31,183,21.0,17.94837
LSTM,31,184,20.0,16.542862
LSTM,31,185,19.0,16.259659
LSTM,31,186,18.0,15.483662
LSTM,31,187,17.0,14.689048
LSTM,31,188,16.0,14.168154
LSTM,31,189,15.0,14.351183
LSTM,31,190,14.0,13.969752
LSTM,31,191,13.0,13.578234
LSTM,31,192,12.0,12.305475
LSTM,31,193,11.0,10.996635
LSTM,31,194,10.0,10.530421
LSTM,31,195,9.0,10.246684
LSTM,31,196,8.0,10.14124
LSTM,32,30,125.0,118.71399
LSTM,32,31,125.0,116.87116
LSTM,32,32,125.0,116.45675
LSTM,32,33,125.0,118.54669
LSTM,32,34,125.0,118.868355
LSTM,32,35,125.0,118.81021
LSTM,32,36,125.0,118.54448
LSTM,32,37,125.0,117.778275
LSTM,32,38,125.0,117.89126
LSTM,32,39,125.0,118.38402
LSTM,32,40,125.0,118.547676
LSTM,32,41,125.0,118.9784
LSTM,32,42,125.0,119.68731
LSTM,32,43,125.0,119.80571
LSTM,32,44,125.0,120.4371
LSTM,32,45,125.0,120.1826
LSTM,32,46,125.0,119.18153
LSTM,32,47,125.0,118.10294
LSTM,32,48,125.0,118.87731
LSTM,32,49,125.0,119.01977
LSTM,32,50,125.0,118.577614
LSTM,32,51,125.0,119.7751
LSTM,32,52,125.0,119.41067
LSTM,32,53,125.0,119.0459
LSTM,32,54,125.0,119.77283
LSTM,32,55,125.0,119.6269
LSTM,32,56,125.0,119.10468
LSTM,32,57,125.0,119.6356
LSTM,32,58,125.0,119.0075
LSTM,32,59,125.0,117.96178
LSTM,32,60,125.0,119.070366
LSTM,32,61,125.0,118.768845
LSTM,32,62,125.0,118.33468
LSTM,32,63,125.0,117.665474
LSTM,32,64,125.0,117.86578
LSTM,32,65,125.0,118.968796
LSTM,32,66,125.0,117.60338
LSTM,32,67,125.0,117.270996
LSTM,32,68,125.0,114.39192
LSTM,32,69,124.0,115.120605
LSTM,32,70,123.0,113.77764
LSTM,32,71,122.0,114.47047
LSTM,32,72,121.0,114.88082
LSTM,32,73,120.0,115.015076
LSTM,32,74,119.0,113.79171
LSTM,32,75,118.0,111.760086
LSTM,32,76,117.0,109.548416
LSTM,32,77,116.0,109.39746
LSTM,32,78,115.0,108.73859
LSTM,32,79,114.0,108.56001
LSTM,32,80,113.0,110.35825
LSTM,32,81,112.0,109.40274
LSTM,32,82,111.0,110.53013
LSTM,32,83,110.0,109.929
LSTM,32,84,109.0,109.91204
LSTM,32,85,108.0,114.00269
LSTM,32,86,107.0,110.41521
LSTM,32,87,106.0,115.51185
LSTM,32,88,105.0,117.08766
LSTM,32,89,104.0,116.092636
LSTM,32,90,103.0,116.866455
LSTM,32,91,102.0,115.74759
LSTM,32,92,101.0,114.08796
LSTM,32,93,100.0,110.64972
LSTM,32,94,99.0,111.79993
LSTM,32,95,98.0,110.100296
LSTM,32,96,97.0,106.99829
LSTM,32,97,96.0,105.293144
LSTM,32,98,95.0,94.39711
LSTM,32,99,94.0,94.63062
LSTM,32,100,93.0,92.5018
LSTM,32,101,92.0,90.432945
LSTM,32,102,91.0,87.39666
LSTM,32,103,90.0,85.844246
LSTM,32,104,89.0,75.788734
LSTM,32,105,88.0,74.592804
LSTM,32,106,87.0,70.14583
LSTM,32,107,86.0,70.97786
LSTM,32,108,85.0,77.53884
LSTM,32,109,84.0,77.78763
LSTM,32,110,83.0,84.122955
LSTM,32,111,82.0,74.78582
LSTM,32,112,81.0,74.937035
LSTM,32,113,80.0,76.18762
LSTM,32,114,79.0,82.59272
LSTM,32,115,78.0,89.18158
LSTM,32,116,77.0,94.39261
LSTM,32,117,76.0,98.48756
LSTM,32,118,75.0,97.86272
LSTM,32,119,74.0,95.86987
LSTM,32,120,73.0,89.61598
LSTM,32,121,72.0,92.84637
LSTM,32,122,71.0,88.4916
LSTM,32,123,70.0,78.55872
LSTM,32,124,69.0,83.55488
LSTM,32,125,68.0,84.06326
LSTM,32,126,67.0,84.404274
LSTM,32,127,66.0,81.33797
LSTM,32,128,65.0,72.58415
LSTM,32,129,64.0,62.065395
LSTM,32,130,63.0,62.955883
LSTM,32,131,62.0,66.08687
LSTM,32,132,61.0,56.055473
LSTM,32,133,60.0,55.66682
LSTM,32,134,59.0,55.73137
LSTM,32,135,58.0,55.649666
LSTM,32,136,57.0,51.81359
LSTM,32,137,56.0,52.590233
LSTM,32,138,55.0,51.152237
LSTM,32,139,54.0,51.299973
LSTM,32,140,53.0,53.12914
LSTM,32,141,52.0,49.136185
LSTM,32,142,51.0,47.587086
LSTM,32,143,50.0,46.00257
LSTM,32,144,49.0,47.34391
LSTM,32,145,48.0,49.131363
LSTM,33,30,125.0,114.77567
LSTM,33,31,125.0,111.70329
LSTM,33,32,124.0,112.99759
LSTM,33,33,123.0,113.24638
LSTM,33,34,122.0,112.99538
LSTM,33,35,121.0,115.42652
LSTM,33,36,120.0,117.17831
LSTM,33,37,119.0,116.98144
LSTM,33,38,118.0,114.29927
LSTM,33,39,117.0,114.54494
LSTM,33,40,116.0,113.42569
LSTM,33,41,115.0,112.393906
LSTM,33,42,114.0,110.50114
LSTM,33,43,113.0,109.88553
LSTM,33,44,112.0,110.33671
LSTM,33,45,111.0,111.6436
LSTM,33,46,110.0,115.034805
LSTM,33,47,109.0,116.571304
LSTM,33,48,108.0,113.830536
LSTM,33,49,107.0,113.073746
LSTM,33,50,106.0,113.29665
LSTM,34,30,125.0,120.33858
LSTM,34,31,125.0,119.9567
LSTM,34,32,125.0,119.47197
LSTM,34,33,125.0,119.06818
LSTM,34,34,125.0,118.69799
LSTM,34,35,125.0,118.7009
LSTM,34,36,125.0,118.69833
LSTM,34,37,125.0,118.84012
LSTM,34,38,125.0,119.63744
LSTM,34,39,125.0,118.781975
LSTM,34,40,125.0,118.689476
LSTM,34,41,125.0,116.677986
LSTM,34,42,125.0,117.806755
LSTM,34,43,125.0,117.30319
LSTM,34,44,125.0,118.71111
LSTM,34,45,125.0,118.49906
LSTM,34,46,125.0,118.666405
LSTM,34,47,125.0,118.01464
LSTM,34,48,125.0,117.28916
LSTM,34,49,125.0,117.846565
LSTM,34,50,125.0,116.435295
LSTM,34,51,125.0,117.1971
LSTM,34,52,125.0,118.77669
LSTM,34,53,125.0,116.85275
LSTM,34,54,125.0,116.862495
LSTM,34,55,125.0,116.77052
LSTM,34,56,125.0,119.173584
LSTM,34,57,125.0,118.13091
LSTM,34,58,125.0,119.02559
LSTM,34,59,125.0,118.08814
LSTM,34,60,125.0,116.576004
LSTM,34,61,125.0,115.94151
LSTM,34,62,125.0,114.524254
LSTM,34,63,125.0,114.81722
LSTM,34,64,125.0,113.853035
LSTM,34,65,125.0,116.08826
LSTM,34,66,125.0,117.018265
LSTM,34,67,125.0,117.57207
LSTM,34,68,125.0,118.521904
LSTM,34,69,125.0,117.07606
LSTM,34,70,125.0,116.07195
LSTM,34,71,125.0,115.613075
LSTM,34,72,125.0,116.276436
LSTM,34,73,125.0,115.82849
LSTM,34,74,125.0,118.70892
LSTM,34,75,125.0,119.62218
LSTM,34,76,125.0,118.776924
LSTM,34,77,125.0,118.76957
LSTM,34,78,125.0,118.36471
LSTM,34,79,125.0,117.869736
LSTM,34,80,125.0,116.43985
LSTM,34,81,125.0,117.382545
LSTM,34,82,125.0,118.54661
LSTM,34,83,125.0,118.01167
LSTM,34,84,125.0,119.475006
LSTM,34,85,125.0,118.229645
LSTM,34,86,124.0,119.40694
LSTM,34,87,123.0,119.07837
LSTM,34,88,122.0,119.67223
LSTM,34,89,121.0,119.234505
LSTM,34,90,120.0,118.5524
LSTM,34,91,119.0,118.656654
LSTM,34,92,118.0,116.846115
LSTM,34,93,117.0,116.81502
LSTM,34,94,116.0,111.8895
LSTM,34,95,115.0,113.30809
LSTM,34,96,114.0,112.838196
LSTM,34,97,113.0,111.82051
LSTM,34,98,112.0,105.206375
LSTM,34,99,111.0,107.86672
LSTM,34,100,110.0,107.3416
LSTM,34,101,109.0,101.50856
LSTM,34,102,108.0,102.739586
LSTM,34,103,107.0,105.5207
LSTM,34,104,106.0,108.45128
LSTM,34,105,105.0,104.28838
LSTM,34,106,104.0,101.159515
LSTM,34,107,103.0,99.16127
LSTM,34,108,102.0,96.628975
LSTM,34,109,101.0,97.22313
LSTM,34,110,100.0,92.85149
LSTM,34,111,99.0,89.76571
LSTM,34,112,98.0,91.19275
LSTM,34,113,97.0,87.26224
LSTM,34,114,96.0,89.32009
LSTM,34,115,95.0,87.07091
LSTM,34,116,94.0,84.383125
LSTM,34,117,93.0,84.75218
LSTM,34,118,92.0,88.3247
LSTM,34,119,91.0,92.66329
LSTM,34,120,90.0,90.462135
LSTM,34,121,89.0,93.00041
LSTM,34,122,88.0,94.894196
LSTM,34,123,87.0,94.25814
LSTM,34,124,86.0,92.83162
LSTM,34,125,85.0,92.297935
LSTM,34,126,84.0,88.18057
LSTM,34,127,83.0,93.20578
LSTM,34,128,82.0,82.59756
LSTM,34,129,81.0,83.63335
LSTM,34,130,80.0,89.58557
LSTM,34,131,79.0,92.06462
LSTM,34,132,78.0,90.7721
LSTM,34,133,77.0,102.4264
LSTM,34,134,76.0,97.75147
LSTM,34,135,75.0,92.10132
LSTM,34,136,74.0,93.84279
LSTM,34,137,73.0,95.723404
LSTM,34,138,72.0,95.12294
LSTM,34,139,71.0,97.19703
LSTM,34,140,70.0,103.774864
LSTM,34,141,69.0,91.478455
LSTM,34,142,68.0,86.750145
LSTM,34,143,67.0,81.33502
LSTM,34,144,66.0,80.57365
LSTM,34,145,65.0,78.7713
LSTM,34,146,64.0,73.47684
LSTM,34,147,63.0,72.061806
LSTM,34,148,62.0,76.494804
LSTM,34,149,61.0,70.89078
LSTM,34,150,60.0,56.984207
LSTM,34,151,59.0,53.4971
LSTM,34,152,58.0,52.01852
LSTM,34,153,57.0,55.859024
LSTM,34,154,56.0,54.521805
LSTM,34,155,55.0,53.51213
LSTM,34,156,54.0,53.50338
LSTM,34,157,53.0,52.45495
LSTM,34,158,52.0,47.71126
LSTM,34,159,51.0,47.40861
LSTM,34,160,50.0,47.516975
LSTM,34,161,49.0,49.458225
LSTM,34,162,48.0,49.102444
LSTM,34,163,47.0,52.377037
LSTM,34,164,46.0,53.450737
LSTM,34,165,45.0,50.646694
LSTM,34,166,44.0,47.590782
LSTM,34,167,43.0,47.679882
LSTM,34,168,42.0,47.789497
LSTM,34,169,41.0,41.83857
LSTM,34,170,40.0,38.368675
LSTM,34,171,39.0,31.972548
LSTM,34,172,38.0,30.413628
LSTM,34,173,37.0,38.602512
LSTM,34,174,36.0,41.39713
LSTM,34,175,35.0,40.820435
LSTM,34,176,34.0,41.821632
LSTM,34,177,33.0,37.970142
LSTM,34,178,32.0,40.340557
LSTM,34,179,31.0,40.343945
LSTM,34,180,30.0,39.74373
LSTM,34,181,29.0,36.36006
LSTM,34,182,28.0,35.733784
LSTM,34,183,27.0,31.438868
LSTM,34,184,26.0,27.453249
LSTM,34,185,25.0,25.402027
LSTM,34,186,24.0,24.122856
LSTM,34,187,23.0,22.300688
LSTM,34,188,22.0,21.247904
LSTM,34,189,21.0,20.885271
LSTM,34,190,20.0,20.41687
LSTM,34,191,19.0,18.822323
LSTM,34,192,18.0,17.586357
LSTM,34,193,17.0,16.77196
LSTM,34,194,16.0,16.905247
LSTM,34,195,15.0,16.44406
LSTM,34,196,14.0,15.9414625
LSTM,34,197,13.0,15.289014
LSTM,34,198,12.0,13.657123
LSTM,34,199,11.0,12.010175
LSTM,34,200,10.0,9.856279
LSTM,34,201,9.0,7.7392044
LSTM,34,202,8.0,6.5971236
LSTM,34,203,7.0,5.3564754
LSTM,35,30,125.0,122.35474
LSTM,35,31,125.0,122.350334
LSTM,35,32,125.0,120.8764
LSTM,35,33,125.0,120.78264
LSTM,35,34,125.0,119.96982
LSTM,35,35,125.0,118.416565
LSTM,35,36,125.0,118.68513
LSTM,35,37,125.0,119.88176
LSTM,35,38,125.0,118.67496
LSTM,35,39,125.0,116.727486
LSTM,35,40,125.0,114.356384
LSTM,35,41,125.0,111.621925
LSTM,35,42,125.0,111.9561
LSTM,35,43,125.0,110.81908
LSTM,35,44,125.0,107.14814
LSTM,35,45,125.0,104.12265
LSTM,35,46,125.0,101.93618
LSTM,35,47,125.0,108.18306
LSTM,35,48,125.0,106.812225
LSTM,35,49,125.0,108.50974
LSTM,35,50,125.0,104.730965
LSTM,35,51,125.0,108.192055
LSTM,35,52,125.0,100.990906
LSTM,35,53,125.0,98.511475
LSTM,35,54,125.0,103.954544
LSTM,35,55,125.0,106.57748
LSTM,35,56,125.0,106.18839
LSTM,35,57,125.0,105.94418
LSTM,35,58,125.0,109.822205
LSTM,35,59,125.0,111.86925
LSTM,35,60,125.0,113.03806
LSTM,35,61,125.0,116.16863
LSTM,35,62,125.0,118.06833
LSTM,35,63,125.0,120.077255
LSTM,35,64,125.0,118.97834
LSTM,35,65,125.0,121.531235
LSTM,35,66,125.0,122.173195
LSTM,35,67,125.0,122.61437
LSTM,35,68,125.0,122.85639
LSTM,35,69,125.0,121.73068
LSTM,35,70,125.0,120.87773
LSTM,35,71,125.0,122.45976
LSTM,35,72,125.0,123.12367
LSTM,35,73,125.0,122.61392
LSTM,35,74,125.0,120.89274
LSTM,35,75,125.0,118.75241
LSTM,35,76,125.0,117.30278
LSTM,35,77,125.0,119.01145
LSTM,35,78,125.0,118.09345
LSTM,35,79,125.0,118.33979
LSTM,35,80,125.0,118.15171
LSTM,35,81,125.0,118.67044
LSTM,35,82,125.0,117.66035
LSTM,35,83,125.0,115.32921
LSTM,35,84,125.0,111.2983
LSTM,35,85,124.0,107.28217
LSTM,35,86,123.0,103.98194
LSTM,35,87,122.0,94.57007
LSTM,35,88,121.0,90.06151
LSTM,35,89,120.0,91.37039
LSTM,35,90,119.0,90.27335
LSTM,35,91,118.0,89.273926
LSTM,35,92,117.0,81.3051
LSTM,35,93,116.0,78.28426
LSTM,35,94,115.0,85.8007
LSTM,35,95,114.0,93.59392
LSTM,35,96,113.0,92.45333
LSTM,35,97,112.0,87.92777
LSTM,35,98,111.0,94.19663
LSTM,35,99,110.0,92.64556
LSTM,35,100,109.0,84.411896
LSTM,35,101,108.0,87.64812
LSTM,35,102,107.0,89.55642
LSTM,35,103,106.0,93.81251
LSTM,35,104,105.0,97.50122
LSTM,35,105,104.0,97.68492
LSTM,35,106,103.0,106.09736
LSTM,35,107,102.0,106.68588
LSTM,35,108,101.0,110.25435
LSTM,35,109,100.0,112.84343
LSTM,35,110,99.0,113.401146
LSTM,35,111,98.0,112.12627
LSTM,35,112,97.0,109.83092
LSTM,35,113,96.0,106.95384
LSTM,35,114,95.0,102.94642
LSTM,35,115,94.0,103.35809
LSTM,35,116,93.0,104.19206
LSTM,35,117,92.0,102.24383
LSTM,35,118,91.0,100.00049
LSTM,35,119,90.0,99.03919
LSTM,35,120,89.0,101.11964
LSTM,35,121,88.0,98.20022
LSTM,35,122,87.0,96.57309
LSTM,35,123,86.0,95.138084
LSTM,35,124,85.0,97.47937
LSTM,35,125,84.0,102.64328
LSTM,35,126,83.0,105.057
LSTM,35,127,82.0,103.401
LSTM,35,128,81.0,96.82536
LSTM,35,129,80.0,86.74924
LSTM,35,130,79.0,77.69071
LSTM,35,131,78.0,70.79388
LSTM,35,132,77.0,60.509018
LSTM,35,133,76.0,51.95724
LSTM,35,134,75.0,55.403698
LSTM,35,135,74.0,53.85194
LSTM,35,136,73.0,53.823994
LSTM,35,137,72.0,57.0157
LSTM,35,138,71.0,65.05915
LSTM,35,139,70.0,69.99007
LSTM,35,140,69.0,71.89119
LSTM,35,141,68.0,77.94955
LSTM,35,142,67.0,77.131966
LSTM,35,143,66.0,75.91457
LSTM,35,144,65.0,72.49531
LSTM,35,145,64.0,72.719055
LSTM,35,146,63.0,71.19602
LSTM,35,147,62.0,64.63304
LSTM,35,148,61.0,59.987328
LSTM,35,149,60.0,63.08527
LSTM,35,150,59.0,68.06959
LSTM,35,151,58.0,65.29486
LSTM,35,152,57.0,63.317608
LSTM,35,153,56.0,60.89565
LSTM,35,154,55.0,57.49026
LSTM,35,155,54.0,60.606598
LSTM,35,156,53.0,61.120552
LSTM,35,157,52.0,57.018078
LSTM,35,158,51.0,52.868477
LSTM,35,159,50.0,50.222378
LSTM,35,160,49.0,46.889576
LSTM,35,161,48.0,42.876534
LSTM,35,162,47.0,40.718678
LSTM,35,163,46.0,37.882824
LSTM,35,164,45.0,40.927067
LSTM,35,165,44.0,40.67777
LSTM,35,166,43.0,42.310204
LSTM,35,167,42.0,42.609787
LSTM,35,168,41.0,39.44322
LSTM,35,169,40.0,36.503933
LSTM,35,170,39.0,37.191547
LSTM,35,171,38.0,38.06039
LSTM,35,172,37.0,36.57824
LSTM,35,173,36.0,35.476006
LSTM,35,174,35.0,36.362877
LSTM,35,175,34.0,35.03335
LSTM,35,176,33.0,32.425697
LSTM,35,177,32.0,27.60754
LSTM,35,178,31.0,28.14691
LSTM,35,179,30.0,27.153296
LSTM,35,180,29.0,26.618599
LSTM,35,181,28.0,25.990131
LSTM,35,182,27.0,25.644766
LSTM,35,183,26.0,25.170336
LSTM,35,184,25.0,25.775915
LSTM,35,185,24.0,25.7753
LSTM,35,186,23.0,24.83939
LSTM,35,187,22.0,23.12988
LSTM,35,188,21.0,21.544426
LSTM,35,189,20.0,21.08535
LSTM,35,190,19.0,20.89365
LSTM,35,191,18.0,21.005455
LSTM,35,192,17.0,20.394829
LSTM,35,193,16.0,19.109795
LSTM,35,194,15.0,18.826576
LSTM,35,195,14.0,17.78878
LSTM,35,196,13.0,16.820944
LSTM,35,197,12.0,15.447005
LSTM,35,198,11.0,13.866214
LSTM,36,30,115.0,114.47242
LSTM,36,31,114.0,111.44155
LSTM,36,32,113.0,107.07614
LSTM,36,33,112.0,98.604385
LSTM,36,34,111.0,96.113396
LSTM,36,35,110.0,100.06915
LSTM,36,36,109.0,103.38116
LSTM,36,37,108.0,103.705605
LSTM,36,38,107.0,103.5534
LSTM,36,39,106.0,103.00319
LSTM,36,40,105.0,99.35192
LSTM,36,41,104.0,102.76359
LSTM,36,42,103.0,100.43985
LSTM,36,43,102.0,102.10726
LSTM,36,44,101.0,103.95527
LSTM,36,45,100.0,103.35619
LSTM,36,46,99.0,105.803116
LSTM,36,47,98.0,104.60502
LSTM,36,48,97.0,100.52585
LSTM,36,49,96.0,97.06488
LSTM,36,50,95.0,101.75833
LSTM,36,51,94.0,105.42399
LSTM,36,52,93.0,105.31669
LSTM,36,53,92.0,106.2481
LSTM,36,54,91.0,109.31236
LSTM,36,55,90.0,108.86492
LSTM,36,56,89.0,110.23674
LSTM,36,57,88.0,111.34946
LSTM,36,58,87.0,112.34491
LSTM,36,59,86.0,113.2994
LSTM,36,60,85.0,112.60203
LSTM,36,61,84.0,109.81336
LSTM,36,62,83.0,109.52759
LSTM,36,63,82.0,109.205185
LSTM,36,64,81.0,110.271965
LSTM,36,65,80.0,110.2469
LSTM,36,66,79.0,109.79943
LSTM,36,67,78.0,110.07393
LSTM,36,68,77.0,110.68678
LSTM,36,69,76.0,109.97227
LSTM,36,70,75.0,109.004265
LSTM,36,71,74.0,106.447876
LSTM,36,72,73.0,102.06726
LSTM,36,73,72.0,100.022095
LSTM,36,74,71.0,93.035255
LSTM,36,75,70.0,89.37193
LSTM,36,76,69.0,90.30099
LSTM,36,77,68.0,85.98827
LSTM,36,78,67.0,75.71565
LSTM,36,79,66.0,73.013954
LSTM,36,80,65.0,71.85671
LSTM,36,81,64.0,68.35736
LSTM,36,82,63.0,64.51866
LSTM,36,83,62.0,62.372475
LSTM,36,84,61.0,59.863464
LSTM,36,85,60.0,53.222095
LSTM,36,86,59.0,55.975468
LSTM,36,87,58.0,55.803215
LSTM,36,88,57.0,61.285767
LSTM,36,89,56.0,59.309856
LSTM,36,90,55.0,56.16218
LSTM,36,91,54.0,55.437096
LSTM,36,92,53.0,59.03912
LSTM,36,93,52.0,58.953625
LSTM,36,94,51.0,56.620388
LSTM,36,95,50.0,57.95884
LSTM,36,96,49.0,54.833694
LSTM,36,97,48.0,58.209816
LSTM,36,98,47.0,59.87436
LSTM,36,99,46.0,62.496456
LSTM,36,100,45.0,64.04746
LSTM,36,101,44.0,63.84578
LSTM,36,102,43.0,65.43113
LSTM,36,103,42.0,63.13297
LSTM,36,104,41.0,62.20861
LSTM,36,105,40.0,61.25499
LSTM,36,106,39.0,61.765972
LSTM,36,107,38.0,59.81845
LSTM,36,108,37.0,56.00108
LSTM,36,109,36.0,53.675667
LSTM,36,110,35.0,51.126297
LSTM,36,111,34.0,49.41187
LSTM,36,112,33.0,49.218395
LSTM,36,113,32.0,47.382412
LSTM,36,114,31.0,43.582157
LSTM,36,115,30.0,41.35841
LSTM,36,116,29.0,39.871178
LSTM,36,117,28.0,37.743755
LSTM,36,118,27.0,37.263477
LSTM,36,119,26.0,34.786674
LSTM,36,120,25.0,35.864517
LSTM,36,121,24.0,34.153687
LSTM,36,122,23.0,31.793112
LSTM,36,123,22.0,29.705704
LSTM,36,124,21.0,26.952665
LSTM,36,125,20.0,25.29844
LSTM,36,126,19.0,24.233038
LSTM,37,30,112.0,114.906166
LSTM,37,31,111.0,116.43107
LSTM,37,32,110.0,114.03571
LSTM,37,33,109.0,116.50729
LSTM,37,34,108.0,117.25288
LSTM,37,35,107.0,116.27652
LSTM,37,36,106.0,117.78281
LSTM,37,37,105.0,118.74821
LSTM,37,38,104.0,119.96809
LSTM,37,39,103.0,118.76513
LSTM,37,40,102.0,115.373344
LSTM,37,41,101.0,116.37583
LSTM,37,42,100.0,117.45979
LSTM,37,43,99.0,118.32342
LSTM,37,44,98.0,117.98063
LSTM,37,45,97.0,117.86196
LSTM,37,46,96.0,118.95064
LSTM,37,47,95.0,119.04083
LSTM,37,48,94.0,118.16998
LSTM,37,49,93.0,118.27916
LSTM,37,50,92.0,117.28826
LSTM,37,51,91.0,118.93824
LSTM,37,52,90.0,117.76064
LSTM,37,53,89.0,115.395
LSTM,37,54,88.0,114.368706
LSTM,37,55,87.0,114.59918
LSTM,37,56,86.0,114.7044
LSTM,37,57,85.0,116.96896
LSTM,37,58,84.0,116.16561
LSTM,37,59,83.0,116.707924
LSTM,37,60,82.0,113.996864
LSTM,37,61,81.0,113.62085
LSTM,37,62,80.0,113.88221
LSTM,37,63,79.0,113.39831
LSTM,37,64,78.0,116.23217
LSTM,37,65,77.0,113.98753
LSTM,37,66,76.0,115.26755
LSTM,37,67,75.0,115.53573
LSTM,37,68,74.0,115.28535
LSTM,37,69,73.0,113.588005
LSTM,37,70,72.0,107.39608
LSTM,37,71,71.0,110.725746
LSTM,37,72,70.0,109.037254
LSTM,37,73,69.0,107.94817
LSTM,37,74,68.0,109.410706
LSTM,37,75,67.0,106.93516
LSTM,37,76,66.0,103.59918
LSTM,37,77,65.0,103.80398
LSTM,37,78,64.0,94.5289
LSTM,37,79,63.0,90.04386
LSTM,37,80,62.0,79.93854
LSTM,37,81,61.0,89.001686
LSTM,37,82,60.0,76.380905
LSTM,37,83,59.0,70.69613
LSTM,37,84,58.0,63.1415
LSTM,37,85,57.0,67.419395
LSTM,37,86,56.0,61.895164
LSTM,37,87,55.0,72.995155
LSTM,37,88,54.0,74.939545
LSTM,37,89,53.0,67.77209
LSTM,37,90,52.0,62.729958
LSTM,37,91,51.0,59.604244
LSTM,37,92,50.0,56.736042
LSTM,37,93,49.0,53.538773
LSTM,37,94,48.0,51.44265
LSTM,37,95,47.0,57.15211
LSTM,37,96,46.0,54.12619
LSTM,37,97,45.0,57.41064
LSTM,37,98,44.0,54.390106
LSTM,37,99,43.0,54.25527
LSTM,37,100,42.0,52.406704
LSTM,37,101,41.0,52.38233
LSTM,37,102,40.0,55.767048
LSTM,37,103,39.0,62.781525
LSTM,37,104,38.0,57.512062
LSTM,37,105,37.0,56.28686
LSTM,37,106,36.0,57.75081
LSTM,37,107,35.0,59.98109
LSTM,37,108,34.0,46.966805
LSTM,37,109,33.0,44.143097
LSTM,37,110,32.0,43.91317
LSTM,37,111,31.0,42.022427
LSTM,37,112,30.0,39.88133
LSTM,37,113,29.0,36.22645
LSTM,37,114,28.0,36.81561
LSTM,37,115,27.0,33.923916
LSTM,37,116,26.0,36.355103
LSTM,37,117,25.0,33.12269
LSTM,37,118,24.0,31.41963
LSTM,37,119,23.0,30.563807
LSTM,37,120,22.0,32.36642
LSTM,37,121,21.0,30.508524
LSTM,38,30,125.0,114.97034
LSTM,38,31,125.0,114.43982
LSTM,38,32,125.0,114.75047
LSTM,38,33,125.0,111.522606
LSTM,38,34,125.0,110.07914
LSTM,38,35,125.0,110.60457
LSTM,38,36,125.0,111.71986
LSTM,38,37,125.0,113.68948
LSTM,38,38,125.0,113.360405
LSTM,38,39,125.0,112.75849
LSTM,38,40,125.0,113.92618
LSTM,38,41,125.0,116.70464
LSTM,38,42,125.0,117.771034
LSTM,38,43,125.0,117.89525
LSTM,38,44,125.0,118.59371
LSTM,38,45,125.0,115.699265
LSTM,38,46,125.0,109.54647
LSTM,38,47,125.0,110.87633
LSTM,38,48,125.0,104.90603
LSTM,38,49,125.0,95.3194
LSTM,38,50,125.0,90.04113
LSTM,38,51,124.0,98.226166
LSTM,38,52,123.0,102.99209
LSTM,38,53,122.0,104.44188
LSTM,38,54,121.0,100.61338
LSTM,38,55,120.0,99.63199
LSTM,38,56,119.0,99.12461
LSTM,38,57,118.0,99.2032
LSTM,38,58,117.0,98.44004
LSTM,38,59,116.0,98.047905
LSTM,38,60,115.0,101.3545
LSTM,38,61,114.0,104.03769
LSTM,38,62,113.0,100.97059
LSTM,38,63,112.0,98.80655
LSTM,38,64,111.0,98.268524
LSTM,38,65,110.0,95.2902
LSTM,38,66,109.0,97.40744
LSTM,38,67,108.0,101.02291
LSTM,38,68,107.0,103.37511
LSTM,38,69,106.0,105.16353
LSTM,38,70,105.0,105.730736
LSTM,38,71,104.0,105.23019
LSTM,38,72,103.0,107.690994
LSTM,38,73,102.0,107.180016
LSTM,38,74,101.0,106.70422
LSTM,38,75,100.0,107.3726
LSTM,38,76,99.0,107.70219
LSTM,38,77,98.0,108.52409
LSTM,38,78,97.0,109.09188
LSTM,38,79,96.0,110.6741
LSTM,38,80,95.0,110.21338
LSTM,38,81,94.0,111.021385
LSTM,38,82,93.0,111.76145
LSTM,38,83,92.0,111.24795
LSTM,38,84,91.0,110.055466
LSTM,38,85,90.0,108.05934
LSTM,38,86,89.0,108.152504
LSTM,38,87,88.0,105.40339
LSTM,38,88,87.0,104.71914
LSTM,38,89,86.0,106.64912
LSTM,38,90,85.0,104.81837
LSTM,38,91,84.0,104.277145
LSTM,38,92,83.0,97.86346
LSTM,38,93,82.0,96.99341
LSTM,38,94,81.0,97.8237
LSTM,38,95,80.0,96.809746
LSTM,38,96,79.0,99.40004
LSTM,38,97,78.0,101.10307
LSTM,38,98,77.0,103.05525
LSTM,38,99,76.0,102.26761
LSTM,38,100,75.0,97.75152
LSTM,38,101,74.0,91.22156
LSTM,38,102,73.0,89.16282
LSTM,38,103,72.0,83.16346
LSTM,38,104,71.0,82.32717
LSTM,38,105,70.0,82.89638
LSTM,38,106,69.0,81.97967
LSTM,38,107,68.0,87.87314
LSTM,38,108,67.0,92.99634
LSTM,38,109,66.0,97.19023
LSTM,38,110,65.0,98.461945
LSTM,38,111,64.0,96.928185
LSTM,38,112,63.0,94.247574
LSTM,38,113,62.0,90.662964
LSTM,38,114,61.0,88.52898
LSTM,38,115,60.0,86.30763
LSTM,38,116,59.0,83.01206
LSTM,38,117,58.0,81.68664
LSTM,38,118,57.0,81.646
LSTM,38,119,56.0,78.201675
LSTM,38,120,55.0,76.77246
LSTM,38,121,54.0,72.89938
LSTM,38,122,53.0,72.38465
LSTM,38,123,52.0,67.64641
LSTM,38,124,51.0,61.46274
LSTM,38,125,50.0,58.019886
LSTM,39,30,125.0,119.71386
LSTM,39,31,125.0,120.11815
LSTM,39,32,125.0,118.70995
LSTM,39,33,125.0,119.44903
LSTM,39,34,125.0,119.79353
LSTM,39,35,125.0,120.10666
LSTM,39,36,125.0,119.92259
LSTM,39,37,125.0,118.907036
LSTM,40,30,125.0,115.54184
LSTM,40,31,125.0,116.40236
LSTM,40,32,125.0,115.64492
LSTM,40,33,125.0,117.010994
LSTM,40,34,125.0,112.707054
LSTM,40,35,125.0,111.1178
LSTM,40,36,125.0,105.86785
LSTM,40,37,124.0,104.94838
LSTM,40,38,123.0,103.43261
LSTM,40,39,122.0,103.49322
LSTM,40,40,121.0,101.29201
LSTM,40,41,120.0,102.381874
LSTM,40,42,119.0,105.609566
LSTM,40,43,118.0,103.91779
LSTM,40,44,117.0,105.68145
LSTM,40,45,116.0,107.25209
LSTM,40,46,115.0,113.024
LSTM,40,47,114.0,112.01394
LSTM,40,48,113.0,112.90162
LSTM,40,49,112.0,111.64164
LSTM,40,50,111.0,114.806305
LSTM,40,51,110.0,113.142044
LSTM,40,52,109.0,112.6546
LSTM,40,53,108.0,109.86204
LSTM,40,54,107.0,105.80562
LSTM,40,55,106.0,104.10956
LSTM,40,56,105.0,104.80383
LSTM,40,57,104.0,101.318405
LSTM,40,58,103.0,99.27304
LSTM,40,59,102.0,92.867355
LSTM,40,60,101.0,99.22071
LSTM,40,61,100.0,98.878685
LSTM,40,62,99.0,104.04028
LSTM,40,63,98.0,106.784584
LSTM,40,64,97.0,104.7407
LSTM,40,65,96.0,99.2613
LSTM,40,66,95.0,86.23424
LSTM,40,67,94.0,86.45821
LSTM,40,68,93.0,86.803535
LSTM,40,69,92.0,78.9208
LSTM,40,70,91.0,72.175705
LSTM,40,71,90.0,68.98352
LSTM,40,72,89.0,74.88905
LSTM,40,73,88.0,81.59178
LSTM,40,74,87.0,87.32303
LSTM,40,75,86.0,91.62125
LSTM,40,76,85.0,94.08895
LSTM,40,77,84.0,91.91234
LSTM,40,78,83.0,93.05404
LSTM,40,79,82.0,96.09333
LSTM,40,80,81.0,100.89082
LSTM,40,81,80.0,101.25476
LSTM,40,82,79.0,105.21126
LSTM,40,83,78.0,106.89761
LSTM,40,84,77.0,104.63738
LSTM,40,85,76.0,104.15907
LSTM,40,86,75.0,103.19295
LSTM,40,87,74.0,100.7905
LSTM,40,88,73.0,100.583755
LSTM,40,89,72.0,101.732765
LSTM,40,90,71.0,101.253075
LSTM,40,91,70.0,103.06019
LSTM,40,92,69.0,102.42961
LSTM,40,93,68.0,99.94248
LSTM,40,94,67.0,101.055534
LSTM,40,95,66.0,99.10873
LSTM,40,96,65.0,95.714
LSTM,40,97,64.0,92.189476
LSTM,40,98,63.0,94.4669
LSTM,40,99,62.0,89.64437
LSTM,40,100,61.0,87.950096
LSTM,40,101,60.0,80.972824
LSTM,40,102,59.0,79.6633
LSTM,40,103,58.0,73.96596
LSTM,40,104,57.0,68.92645
LSTM,40,105,56.0,62.459385
LSTM,40,106,55.0,58.749046
LSTM,40,107,54.0,58.63949
LSTM,40,108,53.0,52.45937
LSTM,40,109,52.0,51.829865
LSTM,40,110,51.0,55.035084
LSTM,40,111,50.0,55.091118
LSTM,40,112,49.0,57.991623
LSTM,40,113,48.0,61.90561
LSTM,40,114,47.0,59.687138
LSTM,40,115,46.0,58.546497
LSTM,40,116,45.0,56.60392
LSTM,40,117,44.0,50.453022
LSTM,40,118,43.0,47.99192
LSTM,40,119,42.0,49.235527
LSTM,40,120,41.0,47.89749
LSTM,40,121,40.0,43.25602
LSTM,40,122,39.0,40.89206
LSTM,40,123,38.0,38.903282
LSTM,40,124,37.0,38.645645
LSTM,40,125,36.0,36.02583
LSTM,40,126,35.0,34.425983
LSTM,40,127,34.0,32.43525
LSTM,40,128,33.0,30.655195
LSTM,40,129,32.0,31.054962
LSTM,40,130,31.0,29.913546
LSTM,40,131,30.0,29.281965
LSTM,40,132,29.0,29.935072
LSTM,40,133,28.0,29.61706
LSTM,41,30,111.0,119.86758
LSTM,41,31,110.0,120.46384
LSTM,41,32,109.0,119.639786
LSTM,41,33,108.0,119.56516
LSTM,41,34,107.0,119.20569
LSTM,41,35,106.0,118.842026
LSTM,41,36,105.0,119.66671
LSTM,41,37,104.0,119.016174
LSTM,41,38,103.0,120.19217
LSTM,41,39,102.0,119.65174
LSTM,41,40,101.0,119.68865
LSTM,41,41,100.0,119.80063
LSTM,41,42,99.0,119.68602
LSTM,41,43,98.0,118.16645
LSTM,41,44,97.0,117.840996
LSTM,41,45,96.0,115.862
LSTM,41,46,95.0,117.4773
LSTM,41,47,94.0,117.39141
LSTM,41,48,93.0,117.86595
LSTM,41,49,92.0,117.42124
LSTM,41,50,91.0,117.4617
LSTM,41,51,90.0,116.71267
LSTM,41,52,89.0,117.90477
LSTM,41,53,88.0,116.981346
LSTM,41,54,87.0,117.284294
LSTM,41,55,86.0,116.385376
LSTM,41,56,85.0,116.3106
LSTM,41,57,84.0,115.73355
LSTM,41,58,83.0,116.06279
LSTM,41,59,82.0,116.88486
LSTM,41,60,81.0,116.63068
LSTM,41,61,80.0,115.428474
LSTM,41,62,79.0,113.56315
LSTM,41,63,78.0,109.503006
LSTM,41,64,77.0,112.357574
LSTM,41,65,76.0,111.31537
LSTM,41,66,75.0,113.27913
LSTM,41,67,74.0,107.78694
LSTM,41,68,73.0,111.60489
LSTM,41,69,72.0,112.59593
LSTM,41,70,71.0,113.539955
LSTM,41,71,70.0,116.25055
LSTM,41,72,69.0,113.730194
LSTM,41,73,68.0,113.41967
LSTM,41,74,67.0,107.557976
LSTM,41,75,66.0,106.78701
LSTM,41,76,65.0,107.53652
LSTM,41,77,64.0,109.06133
LSTM,41,78,63.0,97.062485
LSTM,41,79,62.0,98.36538
LSTM,41,80,61.0,93.55758
LSTM,41,81,60.0,94.79648
LSTM,41,82,59.0,90.40044
LSTM,41,83,58.0,86.65249
LSTM,41,84,57.0,81.598785
LSTM,41,85,56.0,65.06529
LSTM,41,86,55.0,75.29581
LSTM,41,87,54.0,79.09078
LSTM,41,88,53.0,77.54742
LSTM,41,89,52.0,73.63313
LSTM,41,90,51.0,65.44077
LSTM,41,91,50.0,60.956036
LSTM,41,92,49.0,68.83316
LSTM,41,93,48.0,73.71079
LSTM,41,94,47.0,67.346794
LSTM,41,95,46.0,65.98871
LSTM,41,96,45.0,72.37711
LSTM,41,97,44.0,67.39445
LSTM,41,98,43.0,62.150875
LSTM,41,99,42.0,62.763794
LSTM,41,100,41.0,58.877934
LSTM,41,101,40.0,58.9048
LSTM,41,102,39.0,49.977585
LSTM,41,103,38.0,52.069923
LSTM,41,104,37.0,48.688946
LSTM,41,105,36.0,49.63679
LSTM,41,106,35.0,44.463875
LSTM,41,107,34.0,46.30325
LSTM,41,108,33.0,40.65826
LSTM,41,109,32.0,45.84664
LSTM,41,110,31.0,42.99204
LSTM,41,111,30.0,43.431534
LSTM,41,112,29.0,36.52882
LSTM,41,113,28.0,32.340767
LSTM,41,114,27.0,33.79559
LSTM,41,115,26.0,32.526093
LSTM,41,116,25.0,34.868454
LSTM,41,117,24.0,34.367645
LSTM,41,118,23.0,34.25623
LSTM,41,119,22.0,31.475065
LSTM,41,120,21.0,29.818897
LSTM,41,121,20.0,28.676353
LSTM,41,122,19.0,27.176193
LSTM,41,123,18.0,28.24685
LSTM,42,30,125.0,118.897804
LSTM,42,31,125.0,119.01792
LSTM,42,32,125.0,119.87724
LSTM,42,33,125.0,119.72454
LSTM,42,34,125.0,120.34537
LSTM,42,35,125.0,119.44425
LSTM,42,36,125.0,119.52245
LSTM,42,37,125.0,119.561775
LSTM,42,38,125.0,119.05538
LSTM,42,39,125.0,119.2192
LSTM,42,40,125.0,119.71149
LSTM,42,41,125.0,119.91392
LSTM,42,42,124.0,119.430565
LSTM,42,43,123.0,120.050606
LSTM,42,44,122.0,119.86464
LSTM,42,45,121.0,119.83718
LSTM,42,46,120.0,119.868965
LSTM,42,47,119.0,119.88646
LSTM,42,48,118.0,119.63017
LSTM,42,49,117.0,120.60456
LSTM,42,50,116.0,120.44353
LSTM,42,51,115.0,119.872055
LSTM,42,52,114.0,119.313286
LSTM,42,53,113.0,120.2876
LSTM,42,54,112.0,120.25589
LSTM,42,55,111.0,118.80218
LSTM,42,56,110.0,118.25412
LSTM,42,57,109.0,119.011986
LSTM,42,58,108.0,117.646965
LSTM,42,59,107.0,118.07241
LSTM,42,60,106.0,116.064995
LSTM,42,61,105.0,117.073845
LSTM,42,62,104.0,118.437355
LSTM,42,63,103.0,119.08582
LSTM,42,64,102.0,118.54478
LSTM,42,65,101.0,117.200264
LSTM,42,66,100.0,117.02742
LSTM,42,67,99.0,114.82569
LSTM,42,68,98.0,114.9922
LSTM,42,69,97.0,115.315575
LSTM,42,70,96.0,113.25463
LSTM,42,71,95.0,115.08353
LSTM,42,72,94.0,115.20556
LSTM,42,73,93.0,116.85688
LSTM,42,74,92.0,117.016335
LSTM,42,75,91.0,115.93044
LSTM,42,76,90.0,111.20231
LSTM,42,77,89.0,106.930374
LSTM,42,78,88.0,109.63572
LSTM,42,79,87.0,98.73643
LSTM,42,80,86.0,98.35938
LSTM,42,81,85.0,97.69685
LSTM,42,82,84.0,92.25086
LSTM,42,83,83.0,86.28367
LSTM,42,84,82.0,88.37602
LSTM,42,85,81.0,83.73491
LSTM,42,86,80.0,71.88911
LSTM,42,87,79.0,84.06841
LSTM,42,88,78.0,80.253716
LSTM,42,89,77.0,87.440475
LSTM,42,90,76.0,90.27861
LSTM,42,91,75.0,94.75184
LSTM,42,92,74.0,97.674286
LSTM,42,93,73.0,102.05545
LSTM,42,94,72.0,104.94652
LSTM,42,95,71.0,108.645615
LSTM,42,96,70.0,107.30881
LSTM,42,97,69.0,111.31736
LSTM,42,98,68.0,108.33493
LSTM,42,99,67.0,105.850426
LSTM,42,100,66.0,98.55102
LSTM,42,101,65.0,99.900696
LSTM,42,102,64.0,103.75904
LSTM,42,103,63.0,102.92652
LSTM,42,104,62.0,97.45017
LSTM,42,105,61.0,100.188576
LSTM,42,106,60.0,90.35753
LSTM,42,107,59.0,82.18157
LSTM,42,108,58.0,74.03304
LSTM,42,109,57.0,64.45477
LSTM,42,110,56.0,65.89479
LSTM,42,111,55.0,70.475365
LSTM,42,112,54.0,70.91059
LSTM,42,113,53.0,66.45016
LSTM,42,114,52.0,60.307163
LSTM,42,115,51.0,54.8309
LSTM,42,116,50.0,55.728004
LSTM,42,117,49.0,53.506012
LSTM,42,118,48.0,59.507347
LSTM,42,119,47.0,60.55153
LSTM,42,120,46.0,68.400795
LSTM,42,121,45.0,62.26705
LSTM,42,122,44.0,54.913925
LSTM,42,123,43.0,55.874123
LSTM,42,124,42.0,57.39081
LSTM,42,125,41.0,56.58348
LSTM,42,126,40.0,59.445847
LSTM,42,127,39.0,63.403664
LSTM,42,128,38.0,56.30253
LSTM,42,129,37.0,50.326748
LSTM,42,130,36.0,42.991512
LSTM,42,131,35.0,46.094658
LSTM,42,132,34.0,45.03428
LSTM,42,133,33.0,46.773308
LSTM,42,134,32.0,39.86144
LSTM,42,135,31.0,37.868645
LSTM,42,136,30.0,35.688255
LSTM,42,137,29.0,35.457546
LSTM,42,138,28.0,35.579445
LSTM,42,139,27.0,32.609356
LSTM,42,140,26.0,31.759983
LSTM,42,141,25.0,30.329552
LSTM,42,142,24.0,28.804008
LSTM,42,143,23.0,27.098879
LSTM,42,144,22.0,26.057913
LSTM,42,145,21.0,27.092232
LSTM,42,146,20.0,27.740116
LSTM,42,147,19.0,26.77474
LSTM,42,148,18.0,24.321604
LSTM,42,149,17.0,23.150436
LSTM,42,150,16.0,22.665586
LSTM,42,151,15.0,20.145536
LSTM,42,152,14.0,18.043472
LSTM,42,153,13.0,17.384405
LSTM,42,154,12.0,14.883765
LSTM,42,155,11.0,13.010297
LSTM,42,156,10.0,11.00046
LSTM,43,30,125.0,106.8177
LSTM,43,31,125.0,110.21036
LSTM,43,32,125.0,112.778114
LSTM,43,33,125.0,113.59912
LSTM,43,34,125.0,112.98949
LSTM,43,35,125.0,112.41982
LSTM,43,36,125.0,113.97003
LSTM,43,37,125.0,116.12632
LSTM,43,38,125.0,119.45431
LSTM,43,39,125.0,119.33707
LSTM,43,40,125.0,118.22704
LSTM,43,41,125.0,117.06451
LSTM,43,42,125.0,120.22105
LSTM,43,43,125.0,122.10911
LSTM,43,44,125.0,122.86617
LSTM,43,45,125.0,122.402336
LSTM,43,46,125.0,119.16979
LSTM,43,47,125.0,120.33201
LSTM,43,48,125.0,120.99643
LSTM,43,49,125.0,122.139114
LSTM,43,50,125.0,122.71862
LSTM,43,51,125.0,120.40465
LSTM,43,52,125.0,119.07204
LSTM,43,53,125.0,118.28494
LSTM,43,54,125.0,117.99502
LSTM,43,55,125.0,113.926056
LSTM,43,56,125.0,111.75659
LSTM,43,57,125.0,111.250496
LSTM,43,58,125.0,112.84565
LSTM,43,59,125.0,112.43345
LSTM,43,60,125.0,112.45868
LSTM,43,61,125.0,117.15079
LSTM,43,62,125.0,115.0664
LSTM,43,63,125.0,111.560005
LSTM,43,64,125.0,110.79255
LSTM,43,65,125.0,106.95462
LSTM,43,66,125.0,109.753624
LSTM,43,67,125.0,112.35915
LSTM,43,68,125.0,114.44021
LSTM,43,69,125.0,112.81163
LSTM,43,70,125.0,110.79708
LSTM,43,71,125.0,107.45384
LSTM,43,72,125.0,110.79244
LSTM,43,73,125.0,110.92755
LSTM,43,74,125.0,103.9881
LSTM,43,75,125.0,101.0588
LSTM,43,76,125.0,109.17665
LSTM,43,77,125.0,111.89573
LSTM,43,78,125.0,115.7593
LSTM,43,79,125.0,117.84822
LSTM,43,80,125.0,117.66528
LSTM,43,81,125.0,117.31434
LSTM,43,82,125.0,117.32515
LSTM,43,83,125.0,114.09706
LSTM,43,84,125.0,116.0793
LSTM,43,85,125.0,117.92764
LSTM,43,86,125.0,116.90296
LSTM,43,87,125.0,115.23217
LSTM,43,88,125.0,118.327934
LSTM,43,89,125.0,119.561005
LSTM,43,90,125.0,118.924904
LSTM,43,91,125.0,119.574
LSTM,43,92,125.0,115.48378
LSTM,43,93,125.0,114.69971
LSTM,43,94,125.0,113.59485
LSTM,43,95,125.0,109.47729
LSTM,43,96,125.0,112.14939
LSTM,43,97,125.0,114.720825
LSTM,43,98,125.0,116.356064
LSTM,43,99,125.0,115.62238
LSTM,43,100,125.0,112.86445
LSTM,43,101,125.0,109.04858
LSTM,43,102,125.0,102.26394
LSTM,43,103,125.0,101.592926
LSTM,43,104,125.0,87.799484
LSTM,43,105,125.0,84.28116
LSTM,43,106,125.0,77.96494
LSTM,43,107,124.0,79.78103
LSTM,43,108,123.0,92.5502
LSTM,43,109,122.0,87.899055
LSTM,43,110,121.0,81.356674
LSTM,43,111,120.0,79.97372
LSTM,43,112,119.0,85.92126
LSTM,43,113,118.0,87.89886
LSTM,43,114,117.0,92.86744
LSTM,43,115,116.0,101.009476
LSTM,43,116,115.0,102.1388
LSTM,43,117,114.0,102.26285
LSTM,43,118,113.0,103.988266
LSTM,43,119,112.0,103.8634
LSTM,43,120,111.0,112.52556
LSTM,43,121,110.0,111.374695
LSTM,43,122,109.0,108.590355
LSTM,43,123,108.0,114.08249
LSTM,43,124,107.0,111.92935
LSTM,43,125,106.0,115.332825
LSTM,43,126,105.0,115.17315
LSTM,43,127,104.0,114.36627
LSTM,43,128,103.0,116.02886
LSTM,43,129,102.0,116.04778
LSTM,43,130,101.0,111.88385
LSTM,43,131,100.0,112.55245
LSTM,43,132,99.0,111.82129
LSTM,43,133,98.0,116.87984
LSTM,43,134,97.0,114.202675
LSTM,43,135,96.0,111.07922
LSTM,43,136,95.0,104.5105
LSTM,43,137,94.0,110.03366
LSTM,43,138,93.0,113.08193
LSTM,43,139,92.0,106.24481
LSTM,43,140,91.0,99.34698
LSTM,43,141,90.0,95.28003
LSTM,43,142,89.0,104.286865
LSTM,43,143,88.0,101.09422
LSTM,43,144,87.0,99.61808
LSTM,43,145,86.0,90.797066
LSTM,43,146,85.0,88.534775
LSTM,43,147,84.0,88.44107
LSTM,43,148,83.0,75.74193
LSTM,43,149,82.0,74.85793
LSTM,43,150,81.0,89.86517
LSTM,43,151,80.0,90.53404
LSTM,43,152,79.0,94.68394
LSTM,43,153,78.0,94.97953
LSTM,43,154,77.0,92.85456
LSTM,43,155,76.0,104.554436
LSTM,43,156,75.0,98.73557
LSTM,43,157,74.0,92.07901
LSTM,43,158,73.0,89.969826
LSTM,43,159,72.0,78.39678
LSTM,43,160,71.0,75.49456
LSTM,43,161,70.0,83.84924
LSTM,43,162,69.0,76.1936
LSTM,43,163,68.0,81.02073
LSTM,43,164,67.0,79.69389
LSTM,43,165,66.0,79.07138
LSTM,43,166,65.0,77.14788
LSTM,43,167,64.0,72.229126
LSTM,43,168,63.0,71.578735
LSTM,43,169,62.0,64.75591
LSTM,43,170,61.0,59.618908
LSTM,43,171,60.0,59.768303
LSTM,43,172,59.0,55.839054
LSTM,44,30,125.0,119.225174
LSTM,44,31,125.0,119.30615
LSTM,44,32,125.0,118.31593
LSTM,44,33,125.0,117.70106
LSTM,44,34,125.0,118.86111
LSTM,44,35,125.0,120.14213
LSTM,44,36,125.0,120.73766
LSTM,44,37,125.0,121.25193
LSTM,44,38,125.0,122.22831
LSTM,44,39,124.0,121.71228
LSTM,44,40,123.0,121.283875
LSTM,44,41,122.0,118.309364
LSTM,44,42,121.0,116.15598
LSTM,44,43,120.0,117.56387
LSTM,44,44,119.0,119.53619
LSTM,44,45,118.0,119.21281
LSTM,44,46,117.0,112.27124
LSTM,44,47,116.0,105.02839
LSTM,44,48,115.0,102.964226
LSTM,44,49,114.0,103.62187
LSTM,44,50,113.0,108.87861
LSTM,44,51,112.0,102.92207
LSTM,44,52,111.0,97.74377
LSTM,44,53,110.0,102.02227
LSTM,44,54,109.0,97.07911
LSTM,45,30,125.0,120.547516
LSTM,45,31,125.0,117.6308
LSTM,45,32,125.0,113.90701
LSTM,45,33,125.0,111.80194
LSTM,45,34,125.0,109.27426
LSTM,45,35,125.0,109.40701
LSTM,45,36,125.0,112.83242
LSTM,45,37,125.0,109.156136
LSTM,45,38,125.0,110.00417
LSTM,45,39,125.0,108.28333
LSTM,45,40,125.0,111.85555
LSTM,45,41,125.0,105.12319
LSTM,45,42,125.0,96.74536
LSTM,45,43,125.0,102.8813
LSTM,45,44,125.0,106.76407
LSTM,45,45,125.0,108.300896
LSTM,45,46,125.0,106.74254
LSTM,45,47,125.0,103.374344
LSTM,45,48,125.0,108.55003
LSTM,45,49,125.0,113.95305
LSTM,45,50,125.0,116.94803
LSTM,45,51,125.0,118.41089
LSTM,45,52,125.0,117.4483
LSTM,45,53,125.0,117.82166
LSTM,45,54,125.0,116.7248
LSTM,45,55,125.0,114.79636
LSTM,45,56,125.0,116.66666
LSTM,45,57,125.0,116.586334
LSTM,45,58,125.0,117.40932
LSTM,45,59,125.0,118.09017
LSTM,45,60,125.0,118.25347
LSTM,45,61,125.0,114.688675
LSTM,45,62,125.0,114.15403
LSTM,45,63,125.0,115.6749
LSTM,45,64,125.0,114.37004
LSTM,45,65,125.0,115.20328
LSTM,45,66,125.0,111.7988
LSTM,45,67,125.0,107.541626
LSTM,45,68,125.0,105.864456
LSTM,45,69,125.0,110.86946
LSTM,45,70,125.0,115.891846
LSTM,45,71,125.0,115.06586
LSTM,45,72,125.0,113.38715
LSTM,45,73,125.0,117.665215
LSTM,45,74,125.0,120.41344
LSTM,45,75,125.0,121.631325
LSTM,45,76,125.0,118.25067
LSTM,45,77,125.0,116.43791
LSTM,45,78,125.0,118.02697
LSTM,45,79,125.0,119.72091
LSTM,45,80,125.0,121.1378
LSTM,45,81,125.0,120.03546
LSTM,45,82,125.0,119.92734
LSTM,45,83,125.0,119.925415
LSTM,45,84,125.0,118.785576
LSTM,45,85,125.0,118.15587
LSTM,45,86,125.0,117.94856
LSTM,45,87,125.0,117.81651
LSTM,45,88,125.0,117.5397
LSTM,45,89,125.0,116.85601
LSTM,45,90,125.0,115.99219
LSTM,45,91,125.0,111.61064
LSTM,45,92,125.0,112.78874
LSTM,45,93,125.0,109.74195
LSTM,45,94,125.0,108.3152
LSTM,45,95,125.0,107.7704
LSTM,45,96,125.0,103.04222
LSTM,45,97,125.0,105.074875
LSTM,45,98,125.0,101.7955
LSTM,45,99,125.0,103.11477
LSTM,45,100,125.0,105.57134
LSTM,45,101,125.0,105.70638
LSTM,45,102,125.0,106.26683
LSTM,45,103,125.0,106.04579
LSTM,45,104,125.0,105.51627
LSTM,45,105,125.0,105.37092
LSTM,45,106,125.0,104.53047
LSTM,45,107,125.0,105.471016
LSTM,45,108,125.0,104.15161
LSTM,45,109,125.0,101.77293
LSTM,45,110,125.0,100.11339
LSTM,45,111,125.0,100.82544
LSTM,45,112,125.0,103.30814
LSTM,45,113,125.0,110.98219
LSTM,45,114,125.0,112.49815
LSTM,45,115,125.0,113.96267
LSTM,45,116,125.0,113.67444
LSTM,45,117,125.0,111.63207
LSTM,45,118,125.0,109.718216
LSTM,45,119,125.0,111.86063
LSTM,45,120,125.0,110.97089
LSTM,45,121,125.0,107.77331
LSTM,45,122,125.0,106.40671
LSTM,45,123,125.0,108.95799
LSTM,45,124,125.0,109.899956
LSTM,45,125,125.0,111.344345
LSTM,45,126,125.0,112.06442
LSTM,45,127,125.0,115.29245
LSTM,45,128,125.0,112.733
LSTM,45,129,125.0,109.16705
LSTM,45,130,125.0,108.0147
LSTM,45,131,125.0,105.89272
LSTM,45,132,125.0,106.37097
LSTM,45,133,125.0,111.8143
LSTM,45,134,125.0,113.71655
LSTM,45,135,125.0,112.50538
LSTM,45,136,125.0,108.57432
LSTM,45,137,125.0,106.33857
LSTM,45,138,125.0,97.248795
LSTM,45,139,125.0,93.19981
LSTM,45,140,125.0,95.24922
LSTM,45,141,125.0,97.264725
LSTM,45,142,124.0,100.113754
LSTM,45,143,123.0,105.568115
LSTM,45,144,122.0,98.50483
LSTM,45,145,121.0,101.639984
LSTM,45,146,120.0,105.109055
LSTM,45,147,119.0,103.05928
LSTM,45,148,118.0,99.79146
LSTM,45,149,117.0,98.40357
LSTM,45,150,116.0,89.63678
LSTM,45,151,115.0,90.95638
LSTM,45,152,114.0,84.79787
LSTM,46,30,125.0,112.09969
LSTM,46,31,125.0,116.24491
LSTM,46,32,125.0,120.47765
LSTM,46,33,125.0,116.98925
LSTM,46,34,125.0,115.32363
LSTM,46,35,125.0,109.78563
LSTM,46,36,125.0,106.576294
LSTM,46,37,125.0,101.45813
LSTM,46,38,125.0,103.07829
LSTM,46,39,125.0,109.51309
LSTM,46,40,125.0,106.26284
LSTM,46,41,125.0,104.43977
LSTM,46,42,125.0,109.57712
LSTM,46,43,125.0,101.03998
LSTM,46,44,125.0,94.31289
LSTM,46,45,125.0,101.9515
LSTM,46,46,125.0,102.063065
LSTM,46,47,125.0,113.76345
LSTM,46,48,125.0,110.71566
LSTM,46,49,125.0,111.81819
LSTM,46,50,125.0,113.855644
LSTM,46,51,125.0,113.8905
LSTM,46,52,125.0,110.733
LSTM,46,53,125.0,113.89678
LSTM,46,54,125.0,116.37797
LSTM,46,55,125.0,114.05892
LSTM,46,56,125.0,106.203255
LSTM,46,57,125.0,106.87547
LSTM,46,58,125.0,107.437706
LSTM,46,59,125.0,106.73199
LSTM,46,60,125.0,114.91044
LSTM,46,61,125.0,113.01717
LSTM,46,62,125.0,112.68489
LSTM,46,63,125.0,110.93
LSTM,46,64,125.0,117.44358
LSTM,46,65,125.0,116.13133
LSTM,46,66,125.0,116.90718
LSTM,46,67,125.0,114.44395
LSTM,46,68,125.0,117.555725
LSTM,46,69,124.0,119.00031
LSTM,46,70,123.0,114.20433
LSTM,46,71,122.0,111.531425
LSTM,46,72,121.0,110.70885
LSTM,46,73,120.0,99.702805
LSTM,46,74,119.0,104.701126
LSTM,46,75,118.0,106.36976
LSTM,46,76,117.0,109.36238
LSTM,46,77,116.0,112.651024
LSTM,46,78,115.0,106.59306
LSTM,46,79,114.0,112.153725
LSTM,46,80,113.0,108.44308
LSTM,46,81,112.0,112.635414
LSTM,46,82,111.0,114.356804
LSTM,46,83,110.0,117.16362
LSTM,46,84,109.0,116.80289
LSTM,46,85,108.0,110.97683
LSTM,46,86,107.0,102.31422
LSTM,46,87,106.0,97.809296
LSTM,46,88,105.0,98.40019
LSTM,46,89,104.0,91.19408
LSTM,46,90,103.0,98.48761
LSTM,46,91,102.0,91.97301
LSTM,46,92,101.0,89.6505
LSTM,46,93,100.0,86.06537
LSTM,46,94,99.0,90.73464
LSTM,46,95,98.0,86.286644
LSTM,46,96,97.0,92.74031
LSTM,46,97,96.0,92.76889
LSTM,46,98,95.0,96.09232
LSTM,46,99,94.0,102.29786
LSTM,46,100,93.0,99.22969
LSTM,46,101,92.0,95.19275
LSTM,46,102,91.0,95.64918
LSTM,46,103,90.0,94.22034
LSTM,46,104,89.0,96.25441
LSTM,46,105,88.0,100.55014
LSTM,46,106,87.0,102.72984
LSTM,46,107,86.0,99.718956
LSTM,46,108,85.0,84.73515
LSTM,46,109,84.0,88.884766
LSTM,46,110,83.0,97.99612
LSTM,46,111,82.0,95.24149
LSTM,46,112,81.0,96.85461
LSTM,46,113,80.0,99.76517
LSTM,46,114,79.0,89.46862
LSTM,46,115,78.0,84.12859
LSTM,46,116,77.0,87.002205
LSTM,46,117,76.0,83.01684
LSTM,46,118,75.0,85.843994
LSTM,46,119,74.0,79.63261
LSTM,46,120,73.0,81.75849
LSTM,46,121,72.0,80.25093
LSTM,46,122,71.0,87.51605
LSTM,46,123,70.0,82.54887
LSTM,46,124,69.0,90.12607
LSTM,46,125,68.0,82.44265
LSTM,46,126,67.0,71.88736
LSTM,46,127,66.0,69.81209
LSTM,46,128,65.0,66.058784
LSTM,46,129,64.0,68.73192
LSTM,46,130,63.0,63.256214
LSTM,46,131,62.0,59.68224
LSTM,46,132,61.0,54.705685
LSTM,46,133,60.0,54.08933
LSTM,46,134,59.0,54.57887
LSTM,46,135,58.0,59.10644
LSTM,46,136,57.0,53.55479
LSTM,46,137,56.0,54.458923
LSTM,46,138,55.0,50.386948
LSTM,46,139,54.0,49.486874
LSTM,46,140,53.0,50.642773
LSTM,46,141,52.0,52.85109
LSTM,46,142,51.0,52.617115
LSTM,46,143,50.0,55.84324
LSTM,46,144,49.0,54.93262
LSTM,46,145,48.0,50.950912
LSTM,46,146,47.0,50.41931
LSTM,47,30,125.0,121.007935
LSTM,47,31,125.0,121.17038
LSTM,47,32,125.0,120.036316
LSTM,47,33,125.0,119.31473
LSTM,47,34,125.0,117.92642
LSTM,47,35,125.0,117.69721
LSTM,47,36,125.0,119.24453
LSTM,47,37,125.0,118.38001
LSTM,47,38,125.0,118.53975
LSTM,47,39,125.0,119.48673
LSTM,47,40,125.0,118.383125
LSTM,47,41,125.0,119.279144
LSTM,47,42,125.0,116.88229
LSTM,47,43,125.0,116.61071
LSTM,47,44,125.0,116.94524
LSTM,47,45,125.0,116.48728
LSTM,47,46,125.0,115.185104
LSTM,47,47,125.0,116.476654
LSTM,47,48,125.0,117.54833
LSTM,47,49,125.0,116.632195
LSTM,47,50,125.0,116.74102
LSTM,47,51,125.0,118.93359
LSTM,47,52,125.0,117.654854
LSTM,47,53,125.0,117.244064
LSTM,47,54,125.0,119.14142
LSTM,47,55,125.0,121.05283
LSTM,47,56,125.0,120.91374
LSTM,47,57,125.0,119.17719
LSTM,47,58,125.0,115.06509
LSTM,47,59,125.0,114.37316
LSTM,47,60,125.0,114.99991
LSTM,47,61,125.0,114.355354
LSTM,47,62,125.0,113.90196
LSTM,47,63,125.0,114.80998
LSTM,47,64,125.0,114.97404
LSTM,47,65,125.0,112.74243
LSTM,47,66,125.0,113.00715
LSTM,47,67,125.0,111.13534
LSTM,47,68,125.0,113.58045
LSTM,47,69,125.0,115.05186
LSTM,47,70,125.0,114.24781
LSTM,47,71,125.0,114.296486
LSTM,47,72,125.0,110.22773
LSTM,47,73,125.0,112.21695
LSTM,48,30,125.0,111.97312
LSTM,48,31,125.0,114.41517
LSTM,48,32,125.0,114.01155
LSTM,48,33,125.0,114.63472
LSTM,48,34,125.0,114.60311
LSTM,48,35,125.0,112.83538
LSTM,48,36,125.0,110.768295
LSTM,48,37,125.0,109.40492
LSTM,48,38,125.0,113.67941
LSTM,48,39,125.0,116.23368
LSTM,48,40,125.0,115.79806
LSTM,48,41,125.0,115.26666
LSTM,48,42,125.0,116.93857
LSTM,48,43,125.0,116.60436
LSTM,48,44,125.0,113.08395
LSTM,48,45,125.0,114.73962
LSTM,48,46,124.0,116.169334
LSTM,48,47,123.0,118.49839
LSTM,48,48,122.0,116.43441
LSTM,48,49,121.0,113.42419
LSTM,48,50,120.0,111.544754
LSTM,48,51,119.0,116.467125
LSTM,48,52,118.0,117.38701
LSTM,48,53,117.0,113.71746
LSTM,48,54,116.0,114.987976
LSTM,48,55,115.0,115.50516
LSTM,48,56,114.0,115.44862
LSTM,48,57,113.0,116.74932
LSTM,48,58,112.0,118.81486
LSTM,48,59,111.0,115.78894
LSTM,48,60,110.0,116.70363
LSTM,48,61,109.0,116.95415
LSTM,48,62,108.0,115.76757
LSTM,48,63,107.0,117.27337
LSTM,48,64,106.0,116.53919
LSTM,48,65,105.0,113.906586
LSTM,48,66,104.0,113.77287
LSTM,48,67,103.0,114.74098
LSTM,48,68,102.0,112.17214
LSTM,48,69,101.0,113.476845
LSTM,48,70,100.0,112.13818
LSTM,48,71,99.0,111.60973
LSTM,48,72,98.0,109.70108
LSTM,48,73,97.0,107.51316
LSTM,48,74,96.0,99.565735
LSTM,48,75,95.0,102.61761
LSTM,48,76,94.0,105.98864
LSTM,48,77,93.0,108.96248
LSTM,48,78,92.0,99.40106
LSTM,49,30,125.0,119.82854
LSTM,49,31,125.0,118.96648
LSTM,49,32,125.0,119.39116
LSTM,49,33,125.0,119.52247
LSTM,49,34,125.0,119.10951
LSTM,49,35,125.0,119.73691
LSTM,49,36,125.0,119.126366
LSTM,49,37,125.0,119.32806
LSTM,49,38,125.0,119.14572
LSTM,49,39,125.0,118.8128
LSTM,49,40,125.0,119.166725
LSTM,49,41,125.0,120.18354
LSTM,49,42,125.0,119.90067
LSTM,49,43,125.0,118.3196
LSTM,49,44,125.0,116.183
LSTM,49,45,125.0,115.837776
LSTM,49,46,125.0,111.25811
LSTM,49,47,125.0,114.451645
LSTM,49,48,125.0,113.7376
LSTM,49,49,125.0,116.46113
LSTM,49,50,125.0,116.58464
LSTM,49,51,125.0,116.73175
LSTM,49,52,125.0,116.07522
LSTM,49,53,125.0,116.00836
LSTM,49,54,125.0,114.89275
LSTM,49,55,125.0,115.421196
LSTM,49,56,125.0,117.0057
LSTM,49,57,125.0,117.61431
LSTM,49,58,125.0,117.66789
LSTM,49,59,125.0,117.12213
LSTM,49,60,125.0,118.23093
LSTM,49,61,125.0,118.09549
LSTM,49,62,125.0,118.89919
LSTM,49,63,125.0,118.6825
LSTM,49,64,125.0,119.58369
LSTM,49,65,125.0,119.94581
LSTM,49,66,125.0,121.03923
LSTM,49,67,125.0,121.046425
LSTM,49,68,125.0,120.44594
LSTM,49,69,125.0,120.929985
LSTM,49,70,125.0,121.042404
LSTM,49,71,125.0,121.4252
LSTM,49,72,125.0,121.32016
LSTM,49,73,125.0,121.41633
LSTM,49,74,125.0,121.25195
LSTM,49,75,125.0,120.77859
LSTM,49,76,125.0,119.17861
LSTM,49,77,125.0,119.18101
LSTM,49,78,125.0,118.57306
LSTM,49,79,125.0,118.04899
LSTM,49,80,125.0,118.843796
LSTM,49,81,125.0,119.13306
LSTM,49,82,125.0,119.088974
LSTM,49,83,125.0,119.52488
LSTM,49,84,125.0,119.9201
LSTM,49,85,125.0,118.94917
LSTM,49,86,125.0,118.60903
LSTM,49,87,125.0,117.22521
LSTM,49,88,125.0,116.4888
LSTM,49,89,125.0,116.86144
LSTM,49,90,125.0,116.91965
LSTM,49,91,125.0,117.33685
LSTM,49,92,125.0,117.02594
LSTM,49,93,125.0,117.39215
LSTM,49,94,125.0,118.671036
LSTM,49,95,125.0,118.41235
LSTM,49,96,125.0,118.64625
LSTM,49,97,125.0,119.71663
LSTM,49,98,125.0,118.015854
LSTM,49,99,125.0,117.623375
LSTM,49,100,125.0,117.34886
LSTM,49,101,125.0,117.5388
LSTM,49,102,125.0,116.38918
LSTM,49,103,125.0,116.57411
LSTM,49,104,125.0,118.51334
LSTM,49,105,125.0,118.43006
LSTM,49,106,125.0,117.622314
LSTM,49,107,125.0,118.66999
LSTM,49,108,125.0,118.5239
LSTM,49,109,125.0,117.6491
LSTM,49,110,125.0,117.29597
LSTM,49,111,125.0,118.73549
LSTM,49,112,125.0,113.79497
LSTM,49,113,125.0,115.14721
LSTM,49,114,125.0,117.19658
LSTM,49,115,125.0,117.058624
LSTM,49,116,125.0,120.87998
LSTM,49,117,125.0,119.907486
LSTM,49,118,125.0,118.73913
LSTM,49,119,125.0,117.60259
LSTM,49,120,125.0,118.15109
LSTM,49,121,125.0,118.15696
LSTM,49,122,125.0,117.51504
LSTM,49,123,125.0,116.38058
LSTM,49,124,125.0,115.79757
LSTM,49,125,125.0,112.25087
LSTM,49,126,125.0,113.65686
LSTM,49,127,125.0,114.55634
LSTM,49,128,125.0,114.21286
LSTM,49,129,125.0,111.76204
LSTM,49,130,125.0,114.32106
LSTM,49,131,125.0,116.086784
LSTM,49,132,125.0,114.990295
LSTM,49,133,125.0,113.12087
LSTM,49,134,125.0,111.31174
LSTM,49,135,125.0,111.42955
LSTM,49,136,125.0,112.56014
LSTM,49,137,125.0,114.19068
LSTM,49,138,125.0,113.18187
LSTM,49,139,125.0,111.95161
LSTM,49,140,125.0,111.660355
LSTM,49,141,125.0,114.91488
LSTM,49,142,125.0,109.42446
LSTM,49,143,125.0,108.85045
LSTM,49,144,125.0,110.995445
LSTM,49,145,125.0,108.807
LSTM,49,146,125.0,116.26235
LSTM,49,147,125.0,114.65975
LSTM,49,148,125.0,117.50428
LSTM,49,149,125.0,115.01567
LSTM,49,150,125.0,115.64699
LSTM,49,151,125.0,114.937416
LSTM,49,152,125.0,111.75125
LSTM,49,153,125.0,115.177826
LSTM,49,154,125.0,115.95316
LSTM,49,155,125.0,116.36075
LSTM,49,156,125.0,116.97598
LSTM,49,157,125.0,118.19411
LSTM,49,158,125.0,118.7622
LSTM,49,159,125.0,117.14583
LSTM,49,160,125.0,117.21786
LSTM,49,161,125.0,117.34003
LSTM,49,162,125.0,118.44148
LSTM,49,163,125.0,118.78346
LSTM,49,164,125.0,115.87482
LSTM,49,165,125.0,114.96588
LSTM,49,166,125.0,114.239815
LSTM,49,167,125.0,111.72807
LSTM,49,168,125.0,109.98328
LSTM,49,169,125.0,104.68303
LSTM,49,170,125.0,99.06129
LSTM,49,171,125.0,101.539566
LSTM,49,172,125.0,96.01887
LSTM,49,173,125.0,94.88571
LSTM,49,174,125.0,104.95791
LSTM,49,175,125.0,99.351875
LSTM,49,176,125.0,98.89514
LSTM,49,177,125.0,98.05705
LSTM,49,178,125.0,104.79181
LSTM,49,179,125.0,107.659645
LSTM,49,180,125.0,109.00754
LSTM,49,181,125.0,107.45171
LSTM,49,182,125.0,102.48312
LSTM,49,183,125.0,106.38069
LSTM,49,184,125.0,102.86755
LSTM,49,185,125.0,105.81519
LSTM,49,186,125.0,108.83445
LSTM,49,187,125.0,105.18646
LSTM,49,188,125.0,107.08651
LSTM,49,189,125.0,108.431015
LSTM,49,190,125.0,99.409676
LSTM,49,191,125.0,102.24102
LSTM,49,192,125.0,107.899506
LSTM,49,193,125.0,111.43194
LSTM,49,194,125.0,106.18577
LSTM,49,195,125.0,109.77943
LSTM,49,196,125.0,109.84423
LSTM,49,197,125.0,105.81273
LSTM,49,198,125.0,105.250626
LSTM,49,199,125.0,104.31707
LSTM,49,200,124.0,99.33143
LSTM,49,201,123.0,108.75182
LSTM,49,202,122.0,100.18786
LSTM,49,203,121.0,93.12124
LSTM,49,204,120.0,100.45383
LSTM,49,205,119.0,92.85511
LSTM,49,206,118.0,85.76826
LSTM,49,207,117.0,82.814
LSTM,49,208,116.0,87.025505
LSTM,49,209,115.0,84.25951
LSTM,49,210,114.0,82.47932
LSTM,49,211,113.0,82.131805
LSTM,49,212,112.0,73.22252
LSTM,49,213,111.0,77.916084
LSTM,49,214,110.0,70.27581
LSTM,49,215,109.0,68.28609
LSTM,49,216,108.0,78.253586
LSTM,49,217,107.0,77.10812
LSTM,49,218,106.0,87.744354
LSTM,49,219,105.0,82.6098
LSTM,49,220,104.0,86.74025
LSTM,49,221,103.0,89.16079
LSTM,49,222,102.0,94.26194
LSTM,49,223,101.0,90.219315
LSTM,49,224,100.0,91.60515
LSTM,49,225,99.0,96.51465
LSTM,49,226,98.0,98.99575
LSTM,49,227,97.0,98.02465
LSTM,49,228,96.0,94.15882
LSTM,49,229,95.0,92.82608
LSTM,49,230,94.0,95.484695
LSTM,49,231,93.0,104.3421
LSTM,49,232,92.0,102.83803
LSTM,49,233,91.0,100.766624
LSTM,49,234,90.0,97.72986
LSTM,49,235,89.0,101.91064
LSTM,49,236,88.0,105.053055
LSTM,49,237,87.0,102.619995
LSTM,49,238,86.0,102.60313
LSTM,49,239,85.0,99.35293
LSTM,49,240,84.0,96.64973
LSTM,49,241,83.0,91.08047
LSTM,49,242,82.0,83.71606
LSTM,49,243,81.0,75.50668
LSTM,49,244,80.0,64.7379
LSTM,49,245,79.0,69.466354
LSTM,49,246,78.0,60.144543
LSTM,49,247,77.0,57.349377
LSTM,49,248,76.0,55.414547
LSTM,49,249,75.0,55.075546
LSTM,49,250,74.0,52.090157
LSTM,49,251,73.0,53.264557
LSTM,49,252,72.0,56.745586
LSTM,49,253,71.0,56.82624
LSTM,49,254,70.0,57.22677
LSTM,49,255,69.0,63.981537
LSTM,49,256,68.0,65.39686
LSTM,49,257,67.0,62.848602
LSTM,49,258,66.0,68.63238
LSTM,49,259,65.0,62.58872
LSTM,49,260,64.0,59.04752
LSTM,49,261,63.0,65.6175
LSTM,49,262,62.0,71.45464
LSTM,49,263,61.0,61.604008
LSTM,49,264,60.0,68.44239
LSTM,49,265,59.0,71.49944
LSTM,49,266,58.0,71.33004
LSTM,49,267,57.0,62.187336
LSTM,49,268,56.0,57.3542
LSTM,49,269,55.0,57.973488
LSTM,49,270,54.0,52.70376
LSTM,49,271,53.0,50.54378
LSTM,49,272,52.0,49.02552
LSTM,49,273,51.0,46.162422
LSTM,49,274,50.0,44.52053
LSTM,49,275,49.0,45.08629
LSTM,49,276,48.0,45.0916
LSTM,49,277,47.0,43.930492
LSTM,49,278,46.0,43.45875
LSTM,49,279,45.0,38.954147
LSTM,49,280,44.0,38.294704
LSTM,49,281,43.0,37.276737
LSTM,49,282,42.0,37.193367
LSTM,49,283,41.0,36.528328
LSTM,49,284,40.0,39.363018
LSTM,49,285,39.0,42.71864
LSTM,49,286,38.0,43.747955
LSTM,49,287,37.0,44.219746
LSTM,49,288,36.0,44.301785
LSTM,49,289,35.0,41.10898
LSTM,49,290,34.0,39.01397
LSTM,49,291,33.0,39.353756
LSTM,49,292,32.0,39.00834
LSTM,49,293,31.0,34.882812
LSTM,49,294,30.0,29.93223
LSTM,49,295,29.0,26.031063
LSTM,49,296,28.0,23.004782
LSTM,49,297,27.0,21.278109
LSTM,49,298,26.0,19.56183
LSTM,49,299,25.0,19.492577
LSTM,49,300,24.0,18.516678
LSTM,49,301,23.0,17.495865
LSTM,49,302,22.0,17.410955
LSTM,49,303,21.0,16.42449
LSTM,50,30,123.0,120.713066
LSTM,50,31,122.0,119.852455
LSTM,50,32,121.0,118.605865
LSTM,50,33,120.0,118.006935
LSTM,50,34,119.0,119.81077
LSTM,50,35,118.0,117.537674
LSTM,50,36,117.0,119.09711
LSTM,50,37,116.0,119.79127
LSTM,50,38,115.0,119.51761
LSTM,50,39,114.0,119.616035
LSTM,50,40,113.0,117.818565
LSTM,50,41,112.0,115.80247
LSTM,50,42,111.0,117.978714
LSTM,50,43,110.0,117.60796
LSTM,50,44,109.0,116.458176
LSTM,50,45,108.0,112.38791
LSTM,50,46,107.0,105.80563
LSTM,50,47,106.0,95.46054
LSTM,50,48,105.0,98.502594
LSTM,50,49,104.0,95.283554
LSTM,50,50,103.0,89.86361
LSTM,50,51,102.0,91.8633
LSTM,50,52,101.0,102.220535
LSTM,50,53,100.0,102.90769
LSTM,50,54,99.0,101.080215
LSTM,50,55,98.0,106.62936
LSTM,50,56,97.0,109.06418
LSTM,50,57,96.0,111.19085
LSTM,50,58,95.0,106.948875
LSTM,50,59,94.0,104.30066
LSTM,50,60,93.0,108.12809
LSTM,50,61,92.0,100.416145
LSTM,50,62,91.0,100.34467
LSTM,50,63,90.0,95.89395
LSTM,50,64,89.0,103.35237
LSTM,50,65,88.0,90.5193
LSTM,50,66,87.0,88.259674
LSTM,50,67,86.0,99.45548
LSTM,50,68,85.0,98.96953
LSTM,50,69,84.0,96.336624
LSTM,50,70,83.0,94.478004
LSTM,50,71,82.0,94.83935
LSTM,50,72,81.0,96.010925
LSTM,50,73,80.0,96.19303
LSTM,50,74,79.0,89.84117
LSTM,51,30,125.0,106.46182
LSTM,51,31,125.0,110.50309
LSTM,51,32,125.0,96.272995
LSTM,51,33,125.0,99.59665
LSTM,51,34,125.0,97.505196
LSTM,51,35,125.0,102.67361
LSTM,51,36,125.0,105.88475
LSTM,51,37,125.0,112.96892
LSTM,51,38,125.0,111.42792
LSTM,51,39,125.0,117.65006
LSTM,51,40,125.0,119.10479
LSTM,51,41,125.0,116.708534
LSTM,51,42,125.0,118.29704
LSTM,51,43,125.0,116.78968
LSTM,51,44,125.0,112.00753
LSTM,51,45,125.0,106.58552
LSTM,51,46,125.0,108.932365
LSTM,51,47,125.0,112.67975
LSTM,51,48,125.0,114.09368
LSTM,51,49,125.0,115.23821
LSTM,51,50,125.0,119.0499
LSTM,51,51,125.0,121.117294
LSTM,51,52,125.0,121.40793
LSTM,51,53,125.0,121.321945
LSTM,51,54,125.0,120.98481
LSTM,51,55,125.0,120.94767
LSTM,51,56,125.0,119.163635
LSTM,51,57,125.0,120.680504
LSTM,51,58,125.0,121.02938
LSTM,51,59,125.0,122.68411
LSTM,51,60,125.0,121.78232
LSTM,51,61,125.0,123.54307
LSTM,51,62,125.0,119.29974
LSTM,51,63,125.0,117.95141
LSTM,51,64,125.0,117.11558
LSTM,51,65,125.0,120.605965
LSTM,51,66,125.0,120.032425
LSTM,51,67,125.0,121.10632
LSTM,51,68,125.0,120.22649
LSTM,51,69,125.0,122.19855
LSTM,51,70,125.0,122.27956
LSTM,51,71,125.0,122.4608
LSTM,51,72,125.0,121.660324
LSTM,51,73,125.0,119.203255
LSTM,51,74,125.0,117.80771
LSTM,51,75,125.0,113.401146
LSTM,51,76,125.0,111.59671
LSTM,51,77,125.0,115.72538
LSTM,51,78,125.0,112.22975
LSTM,51,79,125.0,110.67774
LSTM,51,80,125.0,113.73702
LSTM,51,81,125.0,114.30593
LSTM,51,82,125.0,113.42094
LSTM,51,83,125.0,114.147644
LSTM,51,84,125.0,113.07144
LSTM,51,85,125.0,114.03998
LSTM,51,86,125.0,111.832054
LSTM,51,87,125.0,111.31529
LSTM,51,88,125.0,111.35207
LSTM,51,89,125.0,109.101524
LSTM,51,90,125.0,106.03438
LSTM,51,91,125.0,111.257866
LSTM,51,92,125.0,110.683
LSTM,51,93,125.0,107.15984
LSTM,51,94,125.0,105.2454
LSTM,51,95,125.0,109.739784
LSTM,51,96,125.0,104.704666
LSTM,51,97,125.0,105.40145
LSTM,51,98,125.0,105.326675
LSTM,51,99,125.0,99.674835
LSTM,51,100,125.0,102.63303
LSTM,51,101,125.0,109.322845
LSTM,51,102,125.0,112.014725
LSTM,51,103,125.0,112.86441
LSTM,51,104,125.0,108.898834
LSTM,51,105,125.0,106.856346
LSTM,51,106,125.0,106.81823
LSTM,51,107,125.0,114.355255
LSTM,51,108,125.0,116.823975
LSTM,51,109,125.0,116.47919
LSTM,51,110,125.0,117.672966
LSTM,51,111,125.0,115.46609
LSTM,51,112,125.0,115.927475
LSTM,51,113,125.0,118.043976
LSTM,51,114,125.0,119.100365
LSTM,51,115,125.0,119.57984
LSTM,51,116,125.0,118.46878
LSTM,51,117,125.0,122.63766
LSTM,51,118,125.0,122.478905
LSTM,51,119,125.0,118.596146
LSTM,51,120,125.0,119.28308
LSTM,51,121,125.0,117.14036
LSTM,51,122,125.0,115.07376
LSTM,51,123,125.0,111.00008
LSTM,51,124,125.0,107.69369
LSTM,51,125,125.0,99.54166
LSTM,51,126,125.0,103.065346
LSTM,51,127,125.0,103.13367
LSTM,51,128,125.0,96.76063
LSTM,51,129,125.0,91.602196
LSTM,51,130,125.0,84.71894
LSTM,51,131,125.0,87.19527
LSTM,51,132,125.0,84.86798
LSTM,51,133,125.0,91.20593
LSTM,51,134,124.0,91.30378
LSTM,51,135,123.0,81.356926
LSTM,51,136,122.0,84.33097
LSTM,51,137,121.0,82.100204
LSTM,51,138,120.0,90.026436
LSTM,51,139,119.0,94.19635
LSTM,51,140,118.0,100.17995
LSTM,51,141,117.0,96.94249
LSTM,51,142,116.0,95.46851
LSTM,51,143,115.0,102.042915
LSTM,51,144,114.0,100.305145
LSTM,52,30,125.0,119.45296
LSTM,52,31,125.0,119.74675
LSTM,52,32,125.0,119.212715
LSTM,52,33,125.0,118.73162
LSTM,52,34,125.0,119.03281
LSTM,52,35,125.0,119.40948
LSTM,52,36,125.0,119.9156
LSTM,52,37,125.0,119.872215
LSTM,52,38,125.0,119.03337
LSTM,52,39,125.0,119.65081
LSTM,52,40,125.0,119.520424
LSTM,52,41,125.0,120.00232
LSTM,52,42,125.0,120.47075
LSTM,52,43,125.0,120.69772
LSTM,52,44,125.0,120.06625
LSTM,52,45,125.0,120.18122
LSTM,52,46,125.0,119.92341
LSTM,52,47,125.0,119.80639
LSTM,52,48,125.0,119.36234
LSTM,52,49,125.0,119.47579
LSTM,52,50,125.0,119.34754
LSTM,52,51,125.0,119.001625
LSTM,52,52,125.0,118.75548
LSTM,52,53,125.0,119.15621
LSTM,52,54,125.0,119.28048
LSTM,52,55,125.0,119.97432
LSTM,52,56,125.0,119.912346
LSTM,52,57,125.0,119.790306
LSTM,52,58,125.0,119.47929
LSTM,52,59,125.0,118.575516
LSTM,52,60,125.0,119.05293
LSTM,52,61,125.0,119.03433
LSTM,52,62,125.0,119.3904
LSTM,52,63,125.0,119.26435
LSTM,52,64,125.0,119.352745
LSTM,52,65,125.0,118.86431
LSTM,52,66,125.0,118.72055
LSTM,52,67,125.0,119.25074
LSTM,52,68,125.0,119.34917
LSTM,52,69,125.0,119.726585
LSTM,52,70,125.0,119.24432
LSTM,52,71,125.0,118.60222
LSTM,52,72,125.0,119.20639
LSTM,52,73,125.0,119.70197
LSTM,52,74,125.0,119.23571
LSTM,52,75,125.0,119.906746
LSTM,52,76,125.0,120.0068
LSTM,52,77,125.0,119.629
LSTM,52,78,125.0,119.70589
LSTM,52,79,125.0,119.17488
LSTM,52,80,125.0,119.72433
LSTM,52,81,125.0,118.917816
LSTM,52,82,125.0,118.781715
LSTM,52,83,125.0,118.781456
LSTM,52,84,125.0,119.11909
LSTM,52,85,125.0,119.13772
LSTM,52,86,125.0,118.81263
LSTM,52,87,125.0,117.955666
LSTM,52,88,125.0,116.501396
LSTM,52,89,125.0,118.37451
LSTM,52,90,125.0,117.12696
LSTM,52,91,125.0,118.20425
LSTM,52,92,125.0,117.930115
LSTM,52,93,125.0,117.356346
LSTM,52,94,124.0,117.478
LSTM,52,95,123.0,118.9159
LSTM,52,96,122.0,117.53402
LSTM,52,97,121.0,118.32803
LSTM,52,98,120.0,118.9077
LSTM,52,99,119.0,118.31087
LSTM,52,100,118.0,118.49243
LSTM,52,101,117.0,116.773994
LSTM,52,102,116.0,116.77218
LSTM,52,103,115.0,118.20063
LSTM,52,104,114.0,118.63522
LSTM,52,105,113.0,118.37778
LSTM,52,106,112.0,118.51514
LSTM,52,107,111.0,117.77438
LSTM,52,108,110.0,118.198906
LSTM,52,109,109.0,119.01513
LSTM,52,110,108.0,118.35842
LSTM,52,111,107.0,117.91575
LSTM,52,112,106.0,114.67005
LSTM,52,113,105.0,116.0322
LSTM,52,114,104.0,115.835625
LSTM,52,115,103.0,116.70925
LSTM,52,116,102.0,117.483376
LSTM,52,117,101.0,115.55368
LSTM,52,118,100.0,115.4818
LSTM,52,119,99.0,115.104
LSTM,52,120,98.0,113.24212
LSTM,52,121,97.0,112.45846
LSTM,52,122,96.0,111.14208
LSTM,52,123,95.0,108.69816
LSTM,52,124,94.0,109.170944
LSTM,52,125,93.0,113.14134
LSTM,52,126,92.0,109.39041
LSTM,52,127,91.0,113.5794
LSTM,52,128,90.0,113.73532
LSTM,52,129,89.0,110.6756
LSTM,52,130,88.0,110.93949
LSTM,52,131,87.0,111.42829
LSTM,52,132,86.0,111.12575
LSTM,52,133,85.0,112.81775
LSTM,52,134,84.0,113.26918
LSTM,52,135,83.0,107.985664
LSTM,52,136,82.0,109.873
LSTM,52,137,81.0,100.098976
LSTM,52,138,80.0,97.32945
LSTM,52,139,79.0,94.183334
LSTM,52,140,78.0,87.4927
LSTM,52,141,77.0,76.828445
LSTM,52,142,76.0,63.72854
LSTM,52,143,75.0,64.594666
LSTM,52,144,74.0,66.928566
LSTM,52,145,73.0,63.01948
LSTM,52,146,72.0,68.05549
LSTM,52,147,71.0,67.620094
LSTM,52,148,70.0,64.27748
LSTM,52,149,69.0,64.41812
LSTM,52,150,68.0,63.731354
LSTM,52,151,67.0,63.012074
LSTM,52,152,66.0,56.21237
LSTM,52,153,65.0,52.999626
LSTM,52,154,64.0,55.28795
LSTM,52,155,63.0,56.33711
LSTM,52,156,62.0,55.924404
LSTM,52,157,61.0,58.243214
LSTM,52,158,60.0,59.159695
LSTM,52,159,59.0,56.073112
LSTM,52,160,58.0,53.325848
LSTM,52,161,57.0,58.71028
LSTM,52,162,56.0,62.759144
LSTM,52,163,55.0,68.427086
LSTM,52,164,54.0,63.034645
LSTM,52,165,53.0,61.03791
LSTM,52,166,52.0,63.87256
LSTM,52,167,51.0,57.903282
LSTM,52,168,50.0,50.421993
LSTM,52,169,49.0,52.055927
LSTM,52,170,48.0,51.467632
LSTM,52,171,47.0,47.596066
LSTM,52,172,46.0,46.706726
LSTM,52,173,45.0,43.7283
LSTM,52,174,44.0,41.157745
LSTM,52,175,43.0,38.0896
LSTM,52,176,42.0,42.465004
LSTM,52,177,41.0,45.96182
LSTM,52,178,40.0,42.17926
LSTM,52,179,39.0,40.494286
LSTM,52,180,38.0,42.99086
LSTM,52,181,37.0,36.751724
LSTM,52,182,36.0,37.15952
LSTM,52,183,35.0,39.548252
LSTM,52,184,34.0,36.24053
LSTM,52,185,33.0,37.966877
LSTM,52,186,32.0,39.223278
LSTM,52,187,31.0,36.41956
LSTM,52,188,30.0,37.925404
LSTM,52,189,29.0,31.84529
LSTM,53,30,125.0,118.532745
LSTM,53,31,125.0,118.237816
LSTM,53,32,125.0,119.838486
LSTM,53,33,125.0,120.712326
LSTM,53,34,125.0,118.98513
LSTM,53,35,125.0,119.2071
LSTM,53,36,125.0,119.50621
LSTM,53,37,125.0,118.72296
LSTM,53,38,125.0,117.92489
LSTM,53,39,125.0,119.70447
LSTM,53,40,125.0,119.33758
LSTM,53,41,125.0,117.91457
LSTM,53,42,125.0,117.64681
LSTM,53,43,125.0,115.56907
LSTM,53,44,125.0,117.79926
LSTM,53,45,125.0,119.92659
LSTM,53,46,125.0,119.83207
LSTM,53,47,125.0,118.81709
LSTM,53,48,125.0,118.398476
LSTM,53,49,125.0,114.068275
LSTM,53,50,125.0,114.60428
LSTM,53,51,125.0,111.013725
LSTM,53,52,125.0,112.91096
LSTM,53,53,125.0,107.672485
LSTM,53,54,125.0,102.35593
LSTM,53,55,125.0,94.45652
LSTM,53,56,125.0,100.10366
LSTM,53,57,125.0,102.007515
LSTM,53,58,125.0,95.9251
LSTM,53,59,125.0,97.90173
LSTM,53,60,125.0,98.30238
LSTM,53,61,125.0,100.33366
LSTM,53,62,125.0,104.1621
LSTM,53,63,125.0,104.4323
LSTM,53,64,125.0,105.75671
LSTM,53,65,125.0,104.3676
LSTM,53,66,124.0,104.98994
LSTM,53,67,123.0,100.19459
LSTM,53,68,122.0,95.60003
LSTM,53,69,121.0,103.442375
LSTM,53,70,120.0,106.54429
LSTM,53,71,119.0,101.6167
LSTM,53,72,118.0,99.53892
LSTM,53,73,117.0,93.990685
LSTM,53,74,116.0,95.71802
LSTM,53,75,115.0,104.076744
LSTM,53,76,114.0,111.09959
LSTM,53,77,113.0,109.5102
LSTM,53,78,112.0,112.604546
LSTM,53,79,111.0,112.77719
LSTM,53,80,110.0,114.1932
LSTM,53,81,109.0,116.78447
LSTM,53,82,108.0,119.26533
LSTM,53,83,107.0,117.18133
LSTM,53,84,106.0,114.961655
LSTM,53,85,105.0,116.14132
LSTM,53,86,104.0,115.42407
LSTM,53,87,103.0,114.6536
LSTM,53,88,102.0,113.92233
LSTM,53,89,101.0,114.86747
LSTM,53,90,100.0,113.08473
LSTM,53,91,99.0,114.34437
LSTM,53,92,98.0,112.985085
LSTM,53,93,97.0,108.7002
LSTM,53,94,96.0,110.74485
LSTM,53,95,95.0,105.29463
LSTM,53,96,94.0,99.60373
LSTM,53,97,93.0,99.45615
LSTM,53,98,92.0,94.24947
LSTM,53,99,91.0,99.08758
LSTM,53,100,90.0,103.154305
LSTM,53,101,89.0,108.3904
LSTM,53,102,88.0,105.140076
LSTM,53,103,87.0,101.45246
LSTM,53,104,86.0,101.86509
LSTM,53,105,85.0,101.786644
LSTM,53,106,84.0,103.76886
LSTM,53,107,83.0,98.906
LSTM,53,108,82.0,99.08967
LSTM,53,109,81.0,96.67026
LSTM,53,110,80.0,99.221596
LSTM,53,111,79.0,102.97359
LSTM,53,112,78.0,105.34661
LSTM,53,113,77.0,100.92091
LSTM,53,114,76.0,93.38347
LSTM,53,115,75.0,88.40085
LSTM,53,116,74.0,90.35202
LSTM,53,117,73.0,84.76753
LSTM,53,118,72.0,72.273445
LSTM,53,119,71.0,67.213875
LSTM,53,120,70.0,56.42851
LSTM,53,121,69.0,59.69745
LSTM,53,122,68.0,61.454212
LSTM,53,123,67.0,63.416256
LSTM,53,124,66.0,60.30898
LSTM,53,125,65.0,62.424217
LSTM,53,126,64.0,63.107174
LSTM,53,127,63.0,54.19221
LSTM,53,128,62.0,53.413498
LSTM,53,129,61.0,57.978725
LSTM,53,130,60.0,59.62667
LSTM,53,131,59.0,67.34195
LSTM,53,132,58.0,64.04079
LSTM,53,133,57.0,63.333435
LSTM,53,134,56.0,61.308098
LSTM,53,135,55.0,56.282658
LSTM,53,136,54.0,59.018715
LSTM,53,137,53.0,60.291363
LSTM,53,138,52.0,61.87239
LSTM,53,139,51.0,64.82717
LSTM,53,140,50.0,78.23613
LSTM,53,141,49.0,73.7778
LSTM,53,142,48.0,73.513336
LSTM,53,143,47.0,67.032455
LSTM,53,144,46.0,66.92054
LSTM,53,145,45.0,53.09753
LSTM,53,146,44.0,52.496105
LSTM,53,147,43.0,48.44197
LSTM,53,148,42.0,47.23101
LSTM,53,149,41.0,46.950077
LSTM,53,150,40.0,49.234173
LSTM,53,151,39.0,48.11248
LSTM,53,152,38.0,45.060818
LSTM,53,153,37.0,48.45717
LSTM,53,154,36.0,47.141476
LSTM,53,155,35.0,47.30301
LSTM,53,156,34.0,42.749493
LSTM,53,157,33.0,35.688095
LSTM,53,158,32.0,30.760912
LSTM,53,159,31.0,27.028332
LSTM,53,160,30.0,29.859568
LSTM,53,161,29.0,29.067898
LSTM,53,162,28.0,28.521849
LSTM,53,163,27.0,31.167381
LSTM,53,164,26.0,29.748724
LSTM,54,30,125.0,120.00688
LSTM,54,31,125.0,119.84439
LSTM,54,32,125.0,119.54721
LSTM,54,33,125.0,118.93927
LSTM,54,34,125.0,119.89947
LSTM,54,35,125.0,119.74554
LSTM,54,36,125.0,119.735916
LSTM,54,37,125.0,119.497635
LSTM,54,38,125.0,119.597275
LSTM,54,39,125.0,118.811325
LSTM,54,40,125.0,119.09113
LSTM,54,41,125.0,120.336174
LSTM,54,42,125.0,119.63214
LSTM,54,43,125.0,120.05369
LSTM,54,44,125.0,119.22853
LSTM,54,45,125.0,119.40693
LSTM,54,46,125.0,119.851555
LSTM,54,47,125.0,119.505424
LSTM,54,48,125.0,119.48649
LSTM,54,49,125.0,118.77132
LSTM,54,50,125.0,118.697464
LSTM,54,51,125.0,119.50393
LSTM,54,52,125.0,119.10372
LSTM,54,53,125.0,118.5252
LSTM,54,54,125.0,118.79027
LSTM,54,55,125.0,118.93901
LSTM,54,56,125.0,119.70675
LSTM,54,57,125.0,119.99072
LSTM,54,58,125.0,120.19459
LSTM,54,59,125.0,120.1835
LSTM,54,60,125.0,119.477234
LSTM,54,61,125.0,119.447266
LSTM,54,62,125.0,119.162315
LSTM,54,63,125.0,119.03483
LSTM,54,64,125.0,119.48856
LSTM,54,65,125.0,119.85252
LSTM,54,66,125.0,118.96594
LSTM,54,67,125.0,119.97598
LSTM,54,68,125.0,119.55797
LSTM,54,69,125.0,119.49597
LSTM,54,70,125.0,119.5268
LSTM,54,71,125.0,118.73022
LSTM,54,72,125.0,118.26895
LSTM,54,73,125.0,118.65799
LSTM,54,74,125.0,118.89593
LSTM,54,75,125.0,118.39302
LSTM,54,76,125.0,119.53214
LSTM,54,77,125.0,119.61544
LSTM,54,78,125.0,118.63804
LSTM,54,79,125.0,118.05431
LSTM,54,80,125.0,118.528
LSTM,54,81,125.0,119.93281
LSTM,54,82,125.0,119.55322
LSTM,54,83,125.0,118.98433
LSTM,54,84,125.0,119.1465
LSTM,54,85,125.0,118.68219
LSTM,54,86,125.0,118.98598
LSTM,54,87,125.0,118.9712
LSTM,54,88,125.0,119.82303
LSTM,54,89,125.0,119.398056
LSTM,54,90,125.0,119.21598
LSTM,54,91,125.0,118.396065
LSTM,54,92,125.0,118.55047
LSTM,54,93,125.0,118.950714
LSTM,54,94,124.0,117.809746
LSTM,54,95,123.0,117.709335
LSTM,54,96,122.0,117.359535
LSTM,54,97,121.0,118.41269
LSTM,54,98,120.0,119.105644
LSTM,54,99,119.0,118.30716
LSTM,54,100,118.0,118.26122
LSTM,54,101,117.0,117.572586
LSTM,54,102,116.0,117.103966
LSTM,54,103,115.0,114.52443
LSTM,54,104,114.0,114.61517
LSTM,54,105,113.0,116.80611
LSTM,54,106,112.0,115.22979
LSTM,54,107,111.0,114.39198
LSTM,54,108,110.0,111.25912
LSTM,54,109,109.0,106.31519
LSTM,54,110,108.0,101.52088
LSTM,54,111,107.0,105.93396
LSTM,54,112,106.0,107.845085
LSTM,54,113,105.0,110.43164
LSTM,54,114,104.0,113.85039
LSTM,54,115,103.0,110.64844
LSTM,54,116,102.0,112.24407
LSTM,54,117,101.0,110.56527
LSTM,54,118,100.0,111.656685
LSTM,54,119,99.0,110.37904
LSTM,54,120,98.0,112.84976
LSTM,54,121,97.0,113.34653
LSTM,55,30,125.0,118.94432
LSTM,55,31,125.0,117.44127
LSTM,55,32,125.0,115.6501
LSTM,55,33,125.0,115.42553
LSTM,55,34,125.0,117.14053
LSTM,55,35,125.0,117.73915
LSTM,55,36,125.0,117.56855
LSTM,55,37,125.0,117.98276
LSTM,55,38,125.0,117.03004
LSTM,55,39,125.0,114.6087
LSTM,55,40,125.0,109.952675
LSTM,55,41,125.0,110.00647
LSTM,55,42,125.0,112.43111
LSTM,55,43,125.0,110.11355
LSTM,55,44,125.0,110.507164
LSTM,55,45,125.0,112.84676
LSTM,55,46,125.0,114.638466
LSTM,55,47,125.0,111.09889
LSTM,55,48,125.0,110.82201
LSTM,55,49,125.0,108.91107
LSTM,55,50,125.0,111.64403
LSTM,55,51,125.0,112.745605
LSTM,55,52,125.0,113.08822
LSTM,55,53,125.0,110.43309
LSTM,55,54,125.0,112.30805
LSTM,55,55,125.0,112.99534
LSTM,55,56,125.0,113.07786
LSTM,55,57,125.0,112.66223
LSTM,55,58,125.0,109.078606
LSTM,55,59,125.0,112.81429
LSTM,55,60,125.0,112.342285
LSTM,55,61,125.0,114.11924
LSTM,55,62,125.0,116.85469
LSTM,55,63,125.0,116.872955
LSTM,55,64,125.0,118.76254
LSTM,55,65,125.0,119.210495
LSTM,55,66,125.0,117.98651
LSTM,55,67,125.0,120.01495
LSTM,55,68,125.0,120.47912
LSTM,55,69,125.0,118.65639
LSTM,55,70,125.0,116.33197
LSTM,55,71,125.0,110.29276
LSTM,55,72,125.0,107.0611
LSTM,55,73,125.0,105.08234
LSTM,55,74,125.0,105.4568
LSTM,55,75,125.0,104.01683
LSTM,55,76,125.0,100.915794
LSTM,55,77,125.0,97.4296
LSTM,55,78,125.0,101.80368
LSTM,55,79,125.0,107.84924
LSTM,55,80,125.0,112.22986
LSTM,55,81,125.0,112.42505
LSTM,55,82,125.0,107.3038
LSTM,55,83,125.0,107.901085
LSTM,55,84,125.0,105.24817
LSTM,55,85,125.0,108.00496
LSTM,55,86,125.0,111.43896
LSTM,55,87,125.0,109.70905
LSTM,55,88,125.0,109.97775
LSTM,55,89,125.0,110.82526
LSTM,55,90,125.0,109.53464
LSTM,55,91,125.0,107.03602
LSTM,55,92,125.0,103.90201
LSTM,55,93,125.0,106.25018
LSTM,55,94,125.0,112.165184
LSTM,55,95,125.0,113.36101
LSTM,55,96,125.0,115.28736
LSTM,55,97,125.0,117.388145
LSTM,55,98,125.0,119.56471
LSTM,55,99,125.0,119.81306
LSTM,55,100,125.0,120.475204
LSTM,55,101,125.0,119.66084
LSTM,55,102,125.0,116.09895
LSTM,55,103,125.0,115.82645
LSTM,55,104,125.0,118.7863
LSTM,55,105,125.0,114.37981
LSTM,55,106,125.0,112.669876
LSTM,55,107,125.0,109.39524
LSTM,55,108,125.0,114.37107
LSTM,55,109,125.0,118.417145
LSTM,55,110,125.0,116.65241
LSTM,55,111,125.0,114.77994
LSTM,55,112,125.0,111.80395
LSTM,55,113,125.0,110.10491
LSTM,56,30,121.0,118.524956
LSTM,56,31,120.0,119.61349
LSTM,56,32,119.0,120.385086
LSTM,56,33,118.0,119.85138
LSTM,56,34,117.0,113.65787
LSTM,56,35,116.0,109.707886
LSTM,56,36,115.0,111.512054
LSTM,56,37,114.0,113.12525
LSTM,56,38,113.0,111.85635
LSTM,56,39,112.0,113.33045
LSTM,56,40,111.0,106.71331
LSTM,56,41,110.0,105.53675
LSTM,56,42,109.0,102.4729
LSTM,56,43,108.0,103.23234
LSTM,56,44,107.0,93.80765
LSTM,56,45,106.0,93.90493
LSTM,56,46,105.0,94.08678
LSTM,56,47,104.0,103.185776
LSTM,56,48,103.0,102.56389
LSTM,56,49,102.0,98.33164
LSTM,56,50,101.0,93.21722
LSTM,56,51,100.0,97.04267
LSTM,56,52,99.0,103.39836
LSTM,56,53,98.0,108.27363
LSTM,56,54,97.0,107.38758
LSTM,56,55,96.0,104.84216
LSTM,56,56,95.0,101.18815
LSTM,56,57,94.0,95.63277
LSTM,56,58,93.0,98.315346
LSTM,56,59,92.0,101.334206
LSTM,56,60,91.0,104.65071
LSTM,56,61,90.0,109.01931
LSTM,56,62,89.0,110.69504
LSTM,56,63,88.0,107.16632
LSTM,56,64,87.0,108.87118
LSTM,56,65,86.0,108.38107
LSTM,56,66,85.0,109.02916
LSTM,56,67,84.0,109.74352
LSTM,56,68,83.0,107.61906
LSTM,56,69,82.0,105.985245
LSTM,56,70,81.0,105.0078
LSTM,56,71,80.0,103.53749
LSTM,56,72,79.0,96.379005
LSTM,56,73,78.0,96.70972
LSTM,56,74,77.0,81.929214
LSTM,56,75,76.0,83.02739
LSTM,56,76,75.0,85.0441
LSTM,56,77,74.0,90.621704
LSTM,56,78,73.0,90.49874
LSTM,56,79,72.0,83.06843
LSTM,56,80,71.0,78.26433
LSTM,56,81,70.0,77.243706
LSTM,56,82,69.0,81.33
LSTM,56,83,68.0,77.60964
LSTM,56,84,67.0,75.01882
LSTM,56,85,66.0,69.68053
LSTM,56,86,65.0,69.583595
LSTM,56,87,64.0,64.95225
LSTM,56,88,63.0,64.577446
LSTM,56,89,62.0,63.322033
LSTM,56,90,61.0,66.737114
LSTM,56,91,60.0,69.99118
LSTM,56,92,59.0,74.20722
LSTM,56,93,58.0,78.181175
LSTM,56,94,57.0,80.49625
LSTM,56,95,56.0,77.22171
LSTM,56,96,55.0,75.41558
LSTM,56,97,54.0,72.659706
LSTM,56,98,53.0,71.09894
LSTM,56,99,52.0,74.36783
LSTM,56,100,51.0,73.16762
LSTM,56,101,50.0,71.800545
LSTM,56,102,49.0,74.88451
LSTM,56,103,48.0,73.73858
LSTM,56,104,47.0,74.38901
LSTM,56,105,46.0,71.922
LSTM,56,106,45.0,71.87176
LSTM,56,107,44.0,68.6453
LSTM,56,108,43.0,67.27914
LSTM,56,109,42.0,64.237755
LSTM,56,110,41.0,62.005524
LSTM,56,111,40.0,58.392174
LSTM,56,112,39.0,54.676266
LSTM,56,113,38.0,50.53256
LSTM,56,114,37.0,42.06216
LSTM,56,115,36.0,36.704723
LSTM,56,116,35.0,34.878143
LSTM,56,117,34.0,32.766495
LSTM,56,118,33.0,32.5798
LSTM,56,119,32.0,31.136547
LSTM,56,120,31.0,31.69801
LSTM,56,121,30.0,30.11018
LSTM,56,122,29.0,29.076889
LSTM,56,123,28.0,27.514257
LSTM,56,124,27.0,27.182722
LSTM,56,125,26.0,26.916779
LSTM,56,126,25.0,26.147755
LSTM,56,127,24.0,24.965864
LSTM,56,128,23.0,24.243687
LSTM,56,129,22.0,23.436798
LSTM,56,130,21.0,23.84752
LSTM,56,131,20.0,23.349136
LSTM,56,132,19.0,21.99297
LSTM,56,133,18.0,20.600662
LSTM,56,134,17.0,19.973326
LSTM,56,135,16.0,18.422815
LSTM,56,136,15.0,18.111355
LSTM,57,30,125.0,122.49856
LSTM,57,31,125.0,120.11583
LSTM,57,32,125.0,118.51859
LSTM,57,33,125.0,116.944664
LSTM,57,34,125.0,110.824646
LSTM,57,35,125.0,107.995125
LSTM,57,36,125.0,102.729576
LSTM,57,37,125.0,106.87577
LSTM,57,38,125.0,112.09946
LSTM,57,39,125.0,106.34342
LSTM,57,40,125.0,99.990456
LSTM,57,41,125.0,99.52586
LSTM,57,42,125.0,96.68518
LSTM,57,43,125.0,98.02901
LSTM,57,44,125.0,105.170654
LSTM,57,45,125.0,102.69432
LSTM,57,46,125.0,104.19429
LSTM,57,47,125.0,110.49877
LSTM,57,48,125.0,97.18845
LSTM,57,49,125.0,94.443184
LSTM,57,50,125.0,97.762596
LSTM,57,51,125.0,101.776306
LSTM,57,52,125.0,106.600975
LSTM,57,53,125.0,113.833626
LSTM,57,54,125.0,116.11971
LSTM,57,55,125.0,115.08223
LSTM,57,56,125.0,117.16565
LSTM,57,57,125.0,116.259254
LSTM,57,58,125.0,118.29915
LSTM,57,59,125.0,121.31451
LSTM,57,60,125.0,123.5006
LSTM,57,61,125.0,123.71488
LSTM,57,62,125.0,124.13714
LSTM,57,63,125.0,121.89427
LSTM,57,64,125.0,120.46316
LSTM,57,65,125.0,119.14638
LSTM,57,66,125.0,117.85186
LSTM,57,67,125.0,117.66271
LSTM,57,68,125.0,122.24937
LSTM,57,69,125.0,120.81126
LSTM,57,70,125.0,119.44555
LSTM,57,71,125.0,121.888794
LSTM,57,72,125.0,121.57205
LSTM,57,73,125.0,121.37468
LSTM,57,74,125.0,122.07796
LSTM,57,75,125.0,120.600105
LSTM,57,76,125.0,121.23293
LSTM,57,77,125.0,123.79743
LSTM,57,78,125.0,123.910675
LSTM,57,79,125.0,121.9804
LSTM,57,80,125.0,120.617805
LSTM,57,81,125.0,119.585175
LSTM,57,82,125.0,119.12048
LSTM,57,83,125.0,119.961
LSTM,57,84,125.0,120.62215
LSTM,57,85,125.0,120.49341
LSTM,57,86,125.0,119.28166
LSTM,57,87,125.0,113.6144
LSTM,57,88,125.0,117.19049
LSTM,57,89,125.0,119.3307
LSTM,57,90,125.0,118.147575
LSTM,57,91,125.0,118.19324
LSTM,57,92,125.0,119.74232
LSTM,57,93,125.0,110.008835
LSTM,57,94,125.0,112.52269
LSTM,57,95,125.0,113.44364
LSTM,57,96,125.0,108.99589
LSTM,57,97,125.0,101.99363
LSTM,57,98,125.0,99.5334
LSTM,57,99,125.0,98.60568
LSTM,57,100,125.0,98.4824
LSTM,57,101,125.0,99.5721
LSTM,57,102,125.0,100.32514
LSTM,57,103,125.0,102.6548
LSTM,57,104,125.0,97.73289
LSTM,57,105,125.0,94.381615
LSTM,57,106,125.0,89.22719
LSTM,57,107,125.0,98.09426
LSTM,57,108,125.0,102.634674
LSTM,57,109,125.0,100.62963
LSTM,57,110,125.0,100.672676
LSTM,57,111,125.0,106.27796
LSTM,57,112,125.0,107.889435
LSTM,57,113,125.0,105.869194
LSTM,57,114,125.0,99.65456
LSTM,57,115,125.0,105.9873
LSTM,57,116,125.0,106.873695
LSTM,57,117,125.0,100.30331
LSTM,57,118,125.0,105.91402
LSTM,57,119,125.0,113.37255
LSTM,57,120,125.0,114.15416
LSTM,57,121,125.0,115.44318
LSTM,57,122,125.0,118.815094
LSTM,57,123,125.0,115.77147
LSTM,57,124,125.0,117.28228
LSTM,57,125,125.0,118.670715
LSTM,57,126,125.0,113.10463
LSTM,57,127,125.0,110.60417
LSTM,57,128,125.0,109.28911
LSTM,57,129,125.0,111.9159
LSTM,57,130,125.0,114.227356
LSTM,57,131,125.0,112.98841
LSTM,57,132,125.0,113.15927
LSTM,57,133,125.0,110.019516
LSTM,57,134,125.0,106.97909
LSTM,57,135,125.0,106.52851
LSTM,57,136,125.0,103.72061
LSTM,57,137,125.0,101.87488
LSTM,57,138,125.0,104.923386
LSTM,57,139,124.0,102.939156
LSTM,57,140,123.0,100.19566
LSTM,57,141,122.0,106.17056
LSTM,57,142,121.0,102.19892
LSTM,57,143,120.0,95.03317
LSTM,57,144,119.0,90.363396
LSTM,57,145,118.0,88.647095
LSTM,57,146,117.0,94.71544
LSTM,57,147,116.0,95.05527
LSTM,57,148,115.0,100.29758
LSTM,57,149,114.0,105.54219
LSTM,57,150,113.0,107.072365
LSTM,57,151,112.0,114.03182
LSTM,57,152,111.0,113.07466
LSTM,57,153,110.0,115.58984
LSTM,57,154,109.0,114.72369
LSTM,57,155,108.0,115.16826
LSTM,57,156,107.0,114.68365
LSTM,57,157,106.0,115.18057
LSTM,57,158,105.0,112.53091
LSTM,57,159,104.0,110.521454
LSTM,57,160,103.0,110.39321
LSTM,58,30,125.0,117.72335
LSTM,58,31,125.0,118.082436
LSTM,58,32,125.0,119.4263
LSTM,58,33,125.0,119.60232
LSTM,58,34,125.0,119.74444
LSTM,58,35,125.0,119.33467
LSTM,58,36,125.0,118.52539
LSTM,58,37,125.0,119.441124
LSTM,58,38,125.0,119.64123
LSTM,58,39,125.0,121.468155
LSTM,58,40,125.0,120.26388
LSTM,58,41,125.0,120.287796
LSTM,58,42,125.0,120.6003
LSTM,58,43,125.0,120.22201
LSTM,58,44,125.0,120.18276
LSTM,58,45,125.0,120.61544
LSTM,58,46,125.0,120.64294
LSTM,58,47,125.0,119.40107
LSTM,58,48,125.0,119.41875
LSTM,58,49,125.0,118.991196
LSTM,58,50,125.0,117.76261
LSTM,58,51,125.0,117.4095
LSTM,58,52,125.0,117.01615
LSTM,58,53,125.0,116.77551
LSTM,58,54,125.0,115.70843
LSTM,58,55,125.0,117.09371
LSTM,58,56,125.0,114.94863
LSTM,58,57,125.0,115.15841
LSTM,58,58,125.0,115.16085
LSTM,58,59,125.0,114.371925
LSTM,58,60,125.0,115.09529
LSTM,58,61,125.0,116.27159
LSTM,58,62,125.0,115.802155
LSTM,58,63,125.0,117.24969
LSTM,58,64,125.0,118.763916
LSTM,58,65,125.0,115.52806
LSTM,58,66,125.0,113.701065
LSTM,58,67,125.0,113.83994
LSTM,58,68,125.0,115.094536
LSTM,58,69,125.0,115.57576
LSTM,58,70,125.0,116.06464
LSTM,58,71,125.0,107.75823
LSTM,58,72,125.0,108.1143
LSTM,58,73,125.0,107.603966
LSTM,58,74,125.0,109.44702
LSTM,58,75,125.0,108.855446
LSTM,58,76,125.0,111.81498
LSTM,58,77,125.0,109.05837
LSTM,58,78,125.0,109.685814
LSTM,58,79,125.0,112.74724
LSTM,58,80,125.0,109.57846
LSTM,58,81,125.0,112.11035
LSTM,58,82,125.0,113.34447
LSTM,58,83,125.0,110.51269
LSTM,58,84,125.0,103.631615
LSTM,58,85,125.0,101.168365
LSTM,58,86,125.0,104.10914
LSTM,58,87,125.0,102.15754
LSTM,58,88,125.0,102.94842
LSTM,58,89,124.0,104.51637
LSTM,58,90,123.0,103.47262
LSTM,58,91,122.0,102.94252
LSTM,58,92,121.0,102.575874
LSTM,58,93,120.0,103.93565
LSTM,58,94,119.0,107.70711
LSTM,58,95,118.0,109.87166
LSTM,58,96,117.0,110.8145
LSTM,58,97,116.0,111.28224
LSTM,58,98,115.0,111.902756
LSTM,58,99,114.0,109.532104
LSTM,58,100,113.0,113.88882
LSTM,58,101,112.0,107.23049
LSTM,58,102,111.0,108.01845
LSTM,58,103,110.0,94.58511
LSTM,58,104,109.0,104.60835
LSTM,58,105,108.0,99.91458
LSTM,58,106,107.0,99.226776
LSTM,58,107,106.0,94.741974
LSTM,58,108,105.0,95.84345
LSTM,58,109,104.0,93.13626
LSTM,58,110,103.0,90.799484
LSTM,58,111,102.0,93.6975
LSTM,58,112,101.0,97.52821
LSTM,58,113,100.0,97.27936
LSTM,58,114,99.0,96.22339
LSTM,58,115,98.0,96.63707
LSTM,58,116,97.0,93.423
LSTM,58,117,96.0,95.9204
LSTM,58,118,95.0,82.8925
LSTM,58,119,94.0,83.11049
LSTM,58,120,93.0,87.594925
LSTM,58,121,92.0,84.012665
LSTM,58,122,91.0,91.43092
LSTM,58,123,90.0,97.416405
LSTM,58,124,89.0,93.31852
LSTM,58,125,88.0,98.273056
LSTM,58,126,87.0,101.77863
LSTM,58,127,86.0,99.718475
LSTM,58,128,85.0,100.85055
LSTM,58,129,84.0,101.90149
LSTM,58,130,83.0,97.284225
LSTM,58,131,82.0,96.15244
LSTM,58,132,81.0,90.975746
LSTM,58,133,80.0,85.83648
LSTM,58,134,79.0,88.67117
LSTM,58,135,78.0,92.61351
LSTM,58,136,77.0,90.33402
LSTM,58,137,76.0,84.50906
LSTM,58,138,75.0,79.915146
LSTM,58,139,74.0,75.91893
LSTM,58,140,73.0,73.50477
LSTM,58,141,72.0,72.43624
LSTM,58,142,71.0,77.8342
LSTM,58,143,70.0,80.92208
LSTM,58,144,69.0,85.58083
LSTM,58,145,68.0,83.391525
LSTM,58,146,67.0,75.4971
LSTM,58,147,66.0,71.55261
LSTM,58,148,65.0,55.97039
LSTM,58,149,64.0,51.84142
LSTM,58,150,63.0,49.232597
LSTM,58,151,62.0,45.23905
LSTM,58,152,61.0,45.612614
LSTM,58,153,60.0,50.760075
LSTM,58,154,59.0,46.952595
LSTM,58,155,58.0,48.79852
LSTM,58,156,57.0,49.746952
LSTM,58,157,56.0,46.428757
LSTM,58,158,55.0,49.173187
LSTM,58,159,54.0,57.598843
LSTM,58,160,53.0,54.51872
LSTM,58,161,52.0,55.772816
LSTM,58,162,51.0,52.212032
LSTM,58,163,50.0,51.121037
LSTM,58,164,49.0,56.48453
LSTM,58,165,48.0,62.75708
LSTM,58,166,47.0,62.48224
LSTM,58,167,46.0,57.13453
LSTM,58,168,45.0,52.245117
LSTM,58,169,44.0,50.130398
LSTM,58,170,43.0,49.904495
LSTM,58,171,42.0,50.949215
LSTM,58,172,41.0,51.67461
LSTM,58,173,40.0,50.5186
LSTM,58,174,39.0,53.71516
LSTM,58,175,38.0,46.418964
LSTM,58,176,37.0,40.95779
LSTM,59,30,125.0,117.55952
LSTM,59,31,125.0,118.796524
LSTM,59,32,125.0,117.49598
LSTM,59,33,125.0,117.315025
LSTM,59,34,125.0,117.30047
LSTM,59,35,125.0,118.18249
LSTM,59,36,125.0,118.331894
LSTM,59,37,125.0,118.1882
LSTM,59,38,125.0,117.75564
LSTM,59,39,125.0,117.448616
LSTM,59,40,125.0,118.34709
LSTM,59,41,125.0,119.43781
LSTM,59,42,125.0,118.33772
LSTM,59,43,125.0,119.64874
LSTM,59,44,125.0,119.3537
LSTM,59,45,125.0,118.783844
LSTM,59,46,125.0,118.62547
LSTM,59,47,125.0,119.76872
LSTM,59,48,125.0,119.3689
LSTM,59,49,125.0,119.440094
LSTM,59,50,125.0,119.865005
LSTM,59,51,125.0,119.763176
LSTM,59,52,125.0,119.101875
LSTM,59,53,125.0,119.4592
LSTM,59,54,125.0,119.09753
LSTM,59,55,125.0,119.805214
LSTM,59,56,125.0,119.70366
LSTM,59,57,125.0,120.387405
LSTM,59,58,125.0,120.12428
LSTM,59,59,125.0,119.743484
LSTM,59,60,125.0,119.146126
LSTM,59,61,125.0,118.439674
LSTM,59,62,125.0,117.00007
LSTM,59,63,125.0,117.101776
LSTM,59,64,125.0,117.25884
LSTM,59,65,125.0,117.508995
LSTM,59,66,125.0,117.04049
LSTM,59,67,125.0,116.86114
LSTM,59,68,125.0,117.56348
LSTM,59,69,125.0,116.31791
LSTM,59,70,125.0,117.71596
LSTM,59,71,125.0,118.1921
LSTM,59,72,125.0,117.51445
LSTM,59,73,125.0,117.9688
LSTM,59,74,125.0,118.5887
LSTM,59,75,125.0,118.21672
LSTM,59,76,125.0,117.2556
LSTM,59,77,125.0,117.60534
LSTM,59,78,125.0,118.50795
LSTM,59,79,125.0,118.87166
LSTM,59,80,125.0,118.73689
LSTM,59,81,125.0,116.61997
LSTM,59,82,125.0,116.96883
LSTM,59,83,125.0,114.959885
LSTM,59,84,124.0,117.028854
LSTM,59,85,123.0,117.68797
LSTM,59,86,122.0,116.24594
LSTM,59,87,121.0,117.95183
LSTM,59,88,120.0,115.01631
LSTM,59,89,119.0,112.45542
LSTM,59,90,118.0,114.4648
LSTM,59,91,117.0,110.17699
LSTM,59,92,116.0,106.3855
LSTM,59,93,115.0,100.02075
LSTM,59,94,114.0,101.18935
LSTM,60,30,125.0,99.645134
LSTM,60,31,125.0,102.29882
LSTM,60,32,125.0,105.92809
LSTM,60,33,125.0,108.01549
LSTM,60,34,125.0,111.38443
LSTM,60,35,125.0,117.99264
LSTM,60,36,125.0,119.39136
LSTM,60,37,125.0,120.884254
LSTM,60,38,125.0,121.43627
LSTM,60,39,125.0,122.3186
LSTM,60,40,125.0,123.5113
LSTM,60,41,125.0,121.236984
LSTM,60,42,125.0,121.53742
LSTM,60,43,125.0,117.60577
LSTM,60,44,125.0,117.189064
LSTM,60,45,125.0,117.38372
LSTM,60,46,125.0,118.37311
LSTM,60,47,125.0,116.610916
LSTM,60,48,125.0,115.673676
LSTM,60,49,125.0,118.0034
LSTM,60,50,125.0,114.38427
LSTM,60,51,125.0,111.96007
LSTM,60,52,125.0,109.93466
LSTM,60,53,125.0,109.82604
LSTM,60,54,125.0,104.66113
LSTM,60,55,125.0,108.35988
LSTM,60,56,125.0,112.075066
LSTM,60,57,125.0,111.753525
LSTM,60,58,125.0,111.20599
LSTM,60,59,125.0,105.81183
LSTM,60,60,125.0,106.37652
LSTM,60,61,125.0,105.94033
LSTM,60,62,125.0,110.27274
LSTM,60,63,125.0,114.667076
LSTM,60,64,125.0,114.74986
LSTM,60,65,125.0,118.35254
LSTM,60,66,125.0,120.65807
LSTM,60,67,125.0,120.76238
LSTM,60,68,125.0,122.26233
LSTM,60,69,125.0,120.55858
LSTM,60,70,125.0,118.93066
LSTM,60,71,125.0,117.632614
LSTM,60,72,125.0,115.87335
LSTM,60,73,125.0,105.61783
LSTM,60,74,125.0,104.65868
LSTM,60,75,125.0,106.87437
LSTM,60,76,125.0,112.42725
LSTM,60,77,125.0,111.05423
LSTM,60,78,125.0,117.55547
LSTM,60,79,125.0,120.09624
LSTM,60,80,125.0,121.2384
LSTM,60,81,125.0,121.368515
LSTM,60,82,125.0,120.70071
LSTM,60,83,125.0,120.501816
LSTM,60,84,125.0,120.8264
LSTM,60,85,125.0,120.419
LSTM,60,86,125.0,120.12364
LSTM,60,87,125.0,120.28545
LSTM,60,88,125.0,118.79467
LSTM,60,89,125.0,115.08583
LSTM,60,90,125.0,115.98082
LSTM,60,91,125.0,115.72951
LSTM,60,92,125.0,117.493
LSTM,60,93,125.0,119.05369
LSTM,60,94,125.0,118.797165
LSTM,60,95,125.0,119.83279
LSTM,60,96,125.0,118.57763
LSTM,60,97,125.0,112.21868
LSTM,60,98,125.0,116.5558
LSTM,60,99,125.0,115.31877
LSTM,60,100,125.0,111.16491
LSTM,60,101,125.0,107.56186
LSTM,60,102,125.0,96.99501
LSTM,60,103,125.0,94.9179
LSTM,60,104,125.0,95.33564
LSTM,60,105,125.0,90.06918
LSTM,60,106,125.0,94.34512
LSTM,60,107,125.0,84.96128
LSTM,60,108,125.0,88.387535
LSTM,60,109,125.0,84.27871
LSTM,60,110,125.0,94.57478
LSTM,60,111,125.0,93.3766
LSTM,60,112,125.0,100.55565
LSTM,60,113,125.0,99.19029
LSTM,60,114,125.0,104.26152
LSTM,60,115,125.0,108.25156
LSTM,60,116,125.0,106.22151
LSTM,60,117,125.0,108.58199
LSTM,60,118,125.0,109.03482
LSTM,60,119,125.0,109.547134
LSTM,60,120,125.0,112.616806
LSTM,60,121,125.0,112.740204
LSTM,60,122,125.0,110.894264
LSTM,60,123,124.0,109.20815
LSTM,60,124,123.0,110.02704
LSTM,60,125,122.0,109.471214
LSTM,60,126,121.0,102.71743
LSTM,60,127,120.0,88.008255
LSTM,60,128,119.0,98.393456
LSTM,60,129,118.0,90.64473
LSTM,60,130,117.0,80.63204
LSTM,60,131,116.0,80.47068
LSTM,60,132,115.0,81.3882
LSTM,60,133,114.0,93.997635
LSTM,60,134,113.0,96.43213
LSTM,60,135,112.0,98.814415
LSTM,60,136,111.0,94.68817
LSTM,60,137,110.0,88.701904
LSTM,60,138,109.0,89.55614
LSTM,60,139,108.0,84.322426
LSTM,60,140,107.0,92.26353
LSTM,60,141,106.0,93.975006
LSTM,60,142,105.0,101.60171
LSTM,60,143,104.0,99.44989
LSTM,60,144,103.0,98.89951
LSTM,60,145,102.0,105.74833
LSTM,60,146,101.0,108.91184
LSTM,60,147,100.0,112.21942
LSTM,61,30,125.0,110.24877
LSTM,61,31,125.0,113.211586
LSTM,61,32,125.0,115.57835
LSTM,61,33,125.0,115.075455
LSTM,61,34,125.0,113.293846
LSTM,61,35,125.0,115.60537
LSTM,61,36,125.0,116.93457
LSTM,61,37,125.0,117.880135
LSTM,61,38,125.0,116.79122
LSTM,61,39,125.0,116.976875
LSTM,61,40,125.0,117.549065
LSTM,61,41,125.0,117.471054
LSTM,61,42,125.0,120.386246
LSTM,61,43,125.0,119.27487
LSTM,61,44,125.0,119.37862
LSTM,61,45,125.0,120.10563
LSTM,61,46,125.0,119.87519
LSTM,61,47,125.0,120.04142
LSTM,61,48,125.0,120.319916
LSTM,61,49,125.0,119.94077
LSTM,61,50,125.0,119.97787
LSTM,61,51,125.0,120.97033
LSTM,61,52,125.0,120.64091
LSTM,61,53,125.0,119.803566
LSTM,61,54,125.0,118.67078
LSTM,61,55,125.0,120.30745
LSTM,61,56,124.0,119.88001
LSTM,61,57,123.0,118.967026
LSTM,61,58,122.0,118.863335
LSTM,61,59,121.0,114.3891
LSTM,61,60,120.0,111.62675
LSTM,61,61,119.0,110.77906
LSTM,61,62,118.0,113.05527
LSTM,61,63,117.0,109.59855
LSTM,61,64,116.0,100.8199
LSTM,61,65,115.0,104.753426
LSTM,61,66,114.0,103.728424
LSTM,61,67,113.0,106.425896
LSTM,61,68,112.0,103.87423
LSTM,61,69,111.0,101.4551
LSTM,61,70,110.0,96.97467
LSTM,61,71,109.0,98.44724
LSTM,61,72,108.0,107.3913
LSTM,61,73,107.0,106.73381
LSTM,61,74,106.0,107.91122
LSTM,61,75,105.0,110.14593
LSTM,61,76,104.0,106.274666
LSTM,61,77,103.0,107.514725
LSTM,61,78,102.0,105.17539
LSTM,61,79,101.0,109.66194
LSTM,61,80,100.0,111.54755
LSTM,61,81,99.0,110.649864
LSTM,61,82,98.0,105.01287
LSTM,61,83,97.0,100.41324
LSTM,61,84,96.0,92.328255
LSTM,61,85,95.0,101.25362
LSTM,61,86,94.0,102.93794
LSTM,61,87,93.0,93.0948
LSTM,61,88,92.0,96.44304
LSTM,61,89,91.0,94.55609
LSTM,61,90,90.0,89.63534
LSTM,61,91,89.0,93.4588
LSTM,61,92,88.0,98.64577
LSTM,61,93,87.0,94.40325
LSTM,61,94,86.0,85.74552
LSTM,61,95,85.0,87.63098
LSTM,61,96,84.0,93.03521
LSTM,61,97,83.0,86.84589
LSTM,61,98,82.0,80.825714
LSTM,61,99,81.0,84.43397
LSTM,61,100,80.0,79.152626
LSTM,61,101,79.0,79.26867
LSTM,61,102,78.0,84.82748
LSTM,61,103,77.0,85.325554
LSTM,61,104,76.0,87.650536
LSTM,61,105,75.0,92.28766
LSTM,61,106,74.0,95.8056
LSTM,61,107,73.0,82.51491
LSTM,61,108,72.0,68.781746
LSTM,61,109,71.0,76.06648
LSTM,61,110,70.0,73.91871
LSTM,61,111,69.0,74.24638
LSTM,61,112,68.0,72.86806
LSTM,61,113,67.0,73.87353
LSTM,61,114,66.0,68.8741
LSTM,61,115,65.0,61.512592
LSTM,61,116,64.0,57.20306
LSTM,61,117,63.0,56.270195
LSTM,61,118,62.0,52.69731
LSTM,61,119,61.0,59.82952
LSTM,61,120,60.0,49.763424
LSTM,61,121,59.0,49.726177
LSTM,61,122,58.0,50.69382
LSTM,61,123,57.0,55.82611
LSTM,61,124,56.0,51.2698
LSTM,61,125,55.0,51.2794
LSTM,61,126,54.0,52.740734
LSTM,61,127,53.0,51.671047
LSTM,61,128,52.0,50.404625
LSTM,61,129,51.0,54.495213
LSTM,61,130,50.0,57.698483
LSTM,61,131,49.0,50.34702
LSTM,61,132,48.0,54.00115
LSTM,61,133,47.0,63.874496
LSTM,61,134,46.0,61.666477
LSTM,61,135,45.0,59.60434
LSTM,61,136,44.0,61.80977
LSTM,61,137,43.0,60.87347
LSTM,61,138,42.0,58.655506
LSTM,61,139,41.0,62.17655
LSTM,61,140,40.0,65.9531
LSTM,61,141,39.0,62.334175
LSTM,61,142,38.0,58.97727
LSTM,61,143,37.0,62.149677
LSTM,61,144,36.0,56.279182
LSTM,61,145,35.0,45.981056
LSTM,61,146,34.0,44.91704
LSTM,61,147,33.0,40.614056
LSTM,61,148,32.0,32.89819
LSTM,61,149,31.0,28.648317
LSTM,61,150,30.0,26.81788
LSTM,61,151,29.0,27.508772
LSTM,61,152,28.0,27.473484
LSTM,61,153,27.0,28.689064
LSTM,61,154,26.0,26.492397
LSTM,61,155,25.0,26.522861
LSTM,61,156,24.0,25.028471
LSTM,61,157,23.0,24.381659
LSTM,61,158,22.0,23.703424
LSTM,61,159,21.0,23.14657
LSTM,62,30,125.0,119.98077
LSTM,62,31,125.0,119.529366
LSTM,62,32,125.0,119.68255
LSTM,62,33,125.0,119.6438
LSTM,62,34,125.0,119.63154
LSTM,62,35,125.0,119.71119
LSTM,62,36,125.0,119.70032
LSTM,62,37,125.0,119.62227
LSTM,62,38,125.0,119.62977
LSTM,62,39,125.0,119.453064
LSTM,62,40,125.0,118.77765
LSTM,62,41,125.0,118.62668
LSTM,62,42,125.0,118.546814
LSTM,62,43,125.0,118.854004
LSTM,62,44,125.0,118.855415
LSTM,62,45,125.0,118.412125
LSTM,62,46,125.0,118.644775
LSTM,62,47,125.0,118.92577
LSTM,62,48,125.0,119.6554
LSTM,62,49,125.0,119.77901
LSTM,62,50,125.0,119.17766
LSTM,62,51,125.0,119.10074
LSTM,62,52,125.0,119.750725
LSTM,62,53,125.0,120.24515
LSTM,62,54,125.0,120.02907
LSTM,62,55,125.0,120.16081
LSTM,62,56,125.0,120.026024
LSTM,62,57,125.0,120.601845
LSTM,62,58,125.0,120.00142
LSTM,62,59,125.0,120.45516
LSTM,62,60,125.0,120.88281
LSTM,62,61,125.0,121.19351
LSTM,62,62,125.0,120.50553
LSTM,62,63,125.0,119.98734
LSTM,62,64,125.0,119.9867
LSTM,62,65,125.0,119.54539
LSTM,62,66,125.0,120.05146
LSTM,62,67,125.0,119.83174
LSTM,62,68,125.0,118.98452
LSTM,62,69,125.0,119.55492
LSTM,62,70,125.0,119.78052
LSTM,62,71,125.0,119.7463
LSTM,62,72,125.0,119.12069
LSTM,62,73,125.0,119.41844
LSTM,62,74,125.0,118.89691
LSTM,62,75,125.0,119.97851
LSTM,62,76,125.0,119.04058
LSTM,62,77,125.0,118.606674
LSTM,62,78,125.0,119.660614
LSTM,62,79,125.0,119.925514
LSTM,62,80,125.0,120.06233
LSTM,62,81,125.0,120.40118
LSTM,62,82,125.0,120.27556
LSTM,62,83,125.0,120.643616
LSTM,62,84,125.0,120.74738
LSTM,62,85,125.0,120.57764
LSTM,62,86,125.0,120.715294
LSTM,62,87,125.0,120.45857
LSTM,62,88,125.0,120.36276
LSTM,62,89,125.0,120.268166
LSTM,62,90,125.0,119.716
LSTM,62,91,125.0,120.03402
LSTM,62,92,125.0,120.10048
LSTM,62,93,125.0,120.255356
LSTM,62,94,125.0,119.710495
LSTM,62,95,125.0,119.51354
LSTM,62,96,125.0,119.594604
LSTM,62,97,125.0,119.58754
LSTM,62,98,125.0,119.61056
LSTM,62,99,125.0,119.361534
LSTM,62,100,125.0,119.23848
LSTM,62,101,125.0,119.969604
LSTM,62,102,125.0,119.0711
LSTM,62,103,125.0,119.01943
LSTM,62,104,125.0,118.9231
LSTM,62,105,125.0,119.57691
LSTM,62,106,125.0,117.43122
LSTM,62,107,125.0,117.03439
LSTM,62,108,125.0,117.42773
LSTM,62,109,125.0,118.291695
LSTM,62,110,125.0,118.83553
LSTM,62,111,125.0,117.40304
LSTM,62,112,125.0,117.82627
LSTM,62,113,125.0,117.338295
LSTM,62,114,125.0,117.71049
LSTM,62,115,125.0,116.83789
LSTM,62,116,125.0,117.43623
LSTM,62,117,125.0,118.29601
LSTM,62,118,125.0,118.21493
LSTM,62,119,125.0,117.65449
LSTM,62,120,125.0,116.80392
LSTM,62,121,125.0,117.93496
LSTM,62,122,125.0,117.118645
LSTM,62,123,125.0,118.25456
LSTM,62,124,125.0,118.499
LSTM,62,125,125.0,119.78414
LSTM,62,126,125.0,119.257645
LSTM,62,127,125.0,119.6498
LSTM,62,128,125.0,120.15835
LSTM,62,129,125.0,120.03581
LSTM,62,130,125.0,119.228004
LSTM,62,131,125.0,120.1387
LSTM,62,132,125.0,119.301674
LSTM,62,133,125.0,119.75144
LSTM,62,134,125.0,118.99496
LSTM,62,135,125.0,118.817894
LSTM,62,136,125.0,117.21577
LSTM,62,137,125.0,118.14325
LSTM,62,138,125.0,119.04913
LSTM,62,139,125.0,118.70771
LSTM,62,140,125.0,119.43103
LSTM,62,141,125.0,117.17232
LSTM,62,142,125.0,117.85165
LSTM,62,143,125.0,116.23575
LSTM,62,144,125.0,115.20275
LSTM,62,145,125.0,108.807
LSTM,62,146,125.0,108.4282
LSTM,62,147,125.0,107.49024
LSTM,62,148,125.0,105.45469
LSTM,62,149,125.0,105.78062
LSTM,62,150,125.0,109.94958
LSTM,62,151,125.0,110.72818
LSTM,62,152,125.0,104.66721
LSTM,62,153,125.0,102.108536
LSTM,62,154,125.0,101.952194
LSTM,62,155,125.0,106.269714
LSTM,62,156,125.0,107.23343
LSTM,62,157,125.0,98.909325
LSTM,62,158,125.0,104.34956
LSTM,62,159,125.0,102.625534
LSTM,62,160,125.0,100.32332
LSTM,62,161,125.0,104.66623
LSTM,62,162,124.0,99.738365
LSTM,62,163,123.0,97.03641
LSTM,62,164,122.0,103.45856
LSTM,62,165,121.0,100.45525
LSTM,62,166,120.0,100.35353
LSTM,62,167,119.0,101.05128
LSTM,62,168,118.0,99.81427
LSTM,62,169,117.0,102.62209
LSTM,62,170,116.0,103.1558
LSTM,62,171,115.0,93.869316
LSTM,62,172,114.0,94.20999
LSTM,62,173,113.0,90.47062
LSTM,62,174,112.0,93.49883
LSTM,62,175,111.0,82.25095
LSTM,62,176,110.0,91.99261
LSTM,62,177,109.0,86.2762
LSTM,62,178,108.0,92.0283
LSTM,62,179,107.0,93.21139
LSTM,62,180,106.0,90.70325
LSTM,62,181,105.0,83.61612
LSTM,62,182,104.0,85.959885
LSTM,62,183,103.0,90.794914
LSTM,62,184,102.0,80.134964
LSTM,62,185,101.0,90.74879
LSTM,62,186,100.0,91.48786
LSTM,62,187,99.0,88.977165
LSTM,62,188,98.0,84.29524
LSTM,62,189,97.0,80.6148
LSTM,62,190,96.0,80.862816
LSTM,62,191,95.0,72.07276
LSTM,62,192,94.0,74.21089
LSTM,62,193,93.0,74.32947
LSTM,62,194,92.0,81.9742
LSTM,62,195,91.0,81.73946
LSTM,62,196,90.0,84.42779
LSTM,62,197,89.0,79.33431
LSTM,62,198,88.0,78.39307
LSTM,62,199,87.0,72.10377
LSTM,62,200,86.0,82.11352
LSTM,62,201,85.0,87.21046
LSTM,62,202,84.0,76.52823
LSTM,62,203,83.0,76.15535
LSTM,62,204,82.0,79.016106
LSTM,62,205,81.0,86.233826
LSTM,62,206,80.0,85.87901
LSTM,62,207,79.0,82.573975
LSTM,62,208,78.0,86.34744
LSTM,62,209,77.0,77.50378
LSTM,62,210,76.0,68.86291
LSTM,62,211,75.0,68.54955
LSTM,62,212,74.0,65.65665
LSTM,62,213,73.0,56.587894
LSTM,62,214,72.0,56.931686
LSTM,62,215,71.0,59.579517
LSTM,62,216,70.0,53.437527
LSTM,62,217,69.0,50.57863
LSTM,62,218,68.0,47.61067
LSTM,62,219,67.0,55.362877
LSTM,62,220,66.0,51.332077
LSTM,62,221,65.0,50.562805
LSTM,62,222,64.0,50.80391
LSTM,62,223,63.0,51.6498
LSTM,62,224,62.0,49.3525
LSTM,62,225,61.0,45.90966
LSTM,62,226,60.0,45.276176
LSTM,62,227,59.0,47.617443
LSTM,62,228,58.0,45.073505
LSTM,62,229,57.0,44.377785
LSTM,62,230,56.0,43.99332
LSTM,62,231,55.0,39.27811
LSTM,62,232,54.0,40.421745
LSTM,63,30,125.0,122.473495
LSTM,63,31,125.0,121.4707
LSTM,63,32,125.0,121.41058
LSTM,63,33,125.0,120.81145
LSTM,63,34,125.0,120.07825
LSTM,63,35,125.0,113.817825
LSTM,63,36,125.0,112.98456
LSTM,63,37,125.0,112.5611
LSTM,63,38,125.0,112.95547
LSTM,63,39,125.0,111.81473
LSTM,63,40,125.0,115.888565
LSTM,63,41,125.0,116.86792
LSTM,63,42,125.0,120.616585
LSTM,63,43,125.0,121.85631
LSTM,63,44,125.0,121.59401
LSTM,63,45,125.0,121.15836
LSTM,63,46,125.0,120.97484
LSTM,63,47,125.0,120.581215
LSTM,63,48,125.0,121.59033
LSTM,63,49,125.0,122.53252
LSTM,63,50,125.0,121.74145
LSTM,63,51,125.0,120.14829
LSTM,63,52,125.0,119.25152
LSTM,63,53,125.0,118.94135
LSTM,63,54,125.0,117.58374
LSTM,63,55,125.0,116.63398
LSTM,63,56,125.0,114.359825
LSTM,63,57,125.0,113.563705
LSTM,63,58,125.0,118.22915
LSTM,63,59,125.0,110.84701
LSTM,63,60,125.0,113.17807
LSTM,63,61,125.0,114.01048
LSTM,63,62,125.0,108.71893
LSTM,63,63,125.0,111.58725
LSTM,63,64,125.0,109.655785
LSTM,63,65,125.0,107.23328
LSTM,63,66,125.0,111.4932
LSTM,63,67,125.0,112.66968
LSTM,63,68,125.0,113.03601
LSTM,63,69,125.0,109.99379
LSTM,63,70,125.0,104.07166
LSTM,63,71,125.0,104.183495
LSTM,63,72,125.0,108.90882
LSTM,63,73,125.0,114.212296
LSTM,63,74,125.0,115.53331
LSTM,63,75,125.0,114.996124
LSTM,63,76,125.0,115.70508
LSTM,63,77,125.0,116.10645
LSTM,63,78,125.0,117.900764
LSTM,63,79,125.0,116.69982
LSTM,63,80,125.0,107.721275
LSTM,63,81,125.0,108.66717
LSTM,63,82,125.0,110.83182
LSTM,63,83,125.0,110.985664
LSTM,63,84,125.0,106.18709
LSTM,63,85,125.0,113.036064
LSTM,63,86,125.0,111.27014
LSTM,63,87,125.0,107.65982
LSTM,63,88,125.0,109.35219
LSTM,63,89,125.0,102.90027
LSTM,63,90,125.0,105.37338
LSTM,63,91,125.0,103.13008
LSTM,63,92,125.0,101.90502
LSTM,63,93,125.0,105.25379
LSTM,63,94,125.0,106.54618
LSTM,63,95,125.0,106.82461
LSTM,63,96,125.0,110.59841
LSTM,63,97,125.0,115.75936
LSTM,63,98,125.0,118.305786
LSTM,63,99,125.0,115.39743
LSTM,63,100,125.0,115.37966
LSTM,63,101,125.0,114.13545
LSTM,63,102,125.0,116.67828
LSTM,63,103,124.0,117.96704
LSTM,63,104,123.0,118.62932
LSTM,63,105,122.0,120.15508
LSTM,63,106,121.0,120.168045
LSTM,63,107,120.0,122.14874
LSTM,63,108,119.0,121.69333
LSTM,63,109,118.0,120.46091
LSTM,63,110,117.0,119.26857
LSTM,63,111,116.0,120.656075
LSTM,63,112,115.0,120.88467
LSTM,63,113,114.0,120.96383
LSTM,63,114,113.0,121.860176
LSTM,63,115,112.0,123.30436
LSTM,63,116,111.0,122.64152
LSTM,63,117,110.0,119.79631
LSTM,63,118,109.0,118.42851
LSTM,63,119,108.0,113.60634
LSTM,63,120,107.0,114.94838
LSTM,63,121,106.0,109.15417
LSTM,63,122,105.0,110.87708
LSTM,63,123,104.0,110.10321
LSTM,63,124,103.0,110.79331
LSTM,63,125,102.0,102.44291
LSTM,63,126,101.0,98.4169
LSTM,63,127,100.0,94.739204
LSTM,63,128,99.0,95.50138
LSTM,63,129,98.0,85.50755
LSTM,63,130,97.0,85.564896
LSTM,63,131,96.0,83.99257
LSTM,63,132,95.0,92.67646
LSTM,63,133,94.0,87.69664
LSTM,63,134,93.0,94.1028
LSTM,63,135,92.0,88.23841
LSTM,63,136,91.0,75.83243
LSTM,63,137,90.0,70.018265
LSTM,63,138,89.0,67.41735
LSTM,63,139,88.0,56.611115
LSTM,63,140,87.0,48.868862
LSTM,63,141,86.0,52.51395
LSTM,63,142,85.0,49.206783
LSTM,63,143,84.0,50.006992
LSTM,63,144,83.0,53.304585
LSTM,63,145,82.0,62.025284
LSTM,63,146,81.0,69.506805
LSTM,63,147,80.0,68.01255
LSTM,63,148,79.0,73.28323
LSTM,63,149,78.0,80.9517
LSTM,63,150,77.0,91.083435
LSTM,63,151,76.0,92.15873
LSTM,63,152,75.0,91.38017
LSTM,63,153,74.0,90.81385
LSTM,63,154,73.0,92.53516
LSTM,63,155,72.0,89.20251
LSTM,64,30,125.0,114.54352
LSTM,64,31,125.0,117.36043
LSTM,64,32,125.0,118.2348
LSTM,64,33,125.0,118.5826
LSTM,64,34,125.0,116.98803
LSTM,64,35,125.0,118.88673
LSTM,64,36,125.0,119.85545
LSTM,64,37,125.0,118.967636
LSTM,64,38,125.0,119.37643
LSTM,64,39,125.0,115.876884
LSTM,64,40,125.0,117.70737
LSTM,64,41,125.0,119.492546
LSTM,64,42,125.0,119.18347
LSTM,64,43,125.0,120.14638
LSTM,64,44,125.0,116.67754
LSTM,64,45,125.0,118.77716
LSTM,64,46,125.0,120.4093
LSTM,64,47,125.0,119.13307
LSTM,64,48,125.0,118.77901
LSTM,64,49,125.0,120.089355
LSTM,64,50,125.0,118.292336
LSTM,64,51,125.0,117.43071
LSTM,64,52,125.0,119.198044
LSTM,64,53,125.0,115.12294
LSTM,64,54,125.0,111.89902
LSTM,64,55,125.0,111.28393
LSTM,64,56,125.0,115.406586
LSTM,64,57,125.0,115.36718
LSTM,64,58,125.0,116.469925
LSTM,64,59,125.0,115.9414
LSTM,64,60,125.0,118.599754
LSTM,64,61,125.0,116.99117
LSTM,64,62,125.0,116.7554
LSTM,64,63,125.0,115.24381
LSTM,64,64,125.0,113.85632
LSTM,64,65,125.0,114.28204
LSTM,64,66,125.0,112.55753
LSTM,64,67,125.0,105.84417
LSTM,64,68,125.0,104.05773
LSTM,64,69,125.0,105.52175
LSTM,64,70,125.0,108.81323
LSTM,64,71,125.0,108.58212
LSTM,64,72,124.0,110.88321
LSTM,64,73,123.0,114.12565
LSTM,64,74,122.0,105.34634
LSTM,64,75,121.0,107.79742
LSTM,64,76,120.0,110.46152
LSTM,64,77,119.0,103.27207
LSTM,64,78,118.0,98.419754
LSTM,64,79,117.0,92.84365
LSTM,64,80,116.0,101.57143
LSTM,64,81,115.0,97.47535
LSTM,64,82,114.0,98.15291
LSTM,64,83,113.0,99.113884
LSTM,64,84,112.0,97.423874
LSTM,64,85,111.0,94.53914
LSTM,64,86,110.0,93.92863
LSTM,64,87,109.0,99.69729
LSTM,64,88,108.0,101.03294
LSTM,64,89,107.0,106.60712
LSTM,64,90,106.0,104.485695
LSTM,64,91,105.0,98.73585
LSTM,64,92,104.0,96.787155
LSTM,64,93,103.0,100.74304
LSTM,64,94,102.0,94.52362
LSTM,64,95,101.0,95.203094
LSTM,64,96,100.0,80.01904
LSTM,64,97,99.0,78.6086
LSTM,64,98,98.0,73.42059
LSTM,64,99,97.0,70.34195
LSTM,64,100,96.0,81.492424
LSTM,64,101,95.0,86.964874
LSTM,64,102,94.0,101.57585
LSTM,64,103,93.0,106.99148
LSTM,64,104,92.0,106.77777
LSTM,64,105,91.0,105.10366
LSTM,64,106,90.0,102.436485
LSTM,64,107,89.0,102.29056
LSTM,64,108,88.0,100.81862
LSTM,64,109,87.0,98.92845
LSTM,64,110,86.0,107.15724
LSTM,64,111,85.0,104.889915
LSTM,64,112,84.0,106.57659
LSTM,64,113,83.0,109.97758
LSTM,64,114,82.0,111.33694
LSTM,64,115,81.0,109.831406
LSTM,64,116,80.0,105.96283
LSTM,64,117,79.0,111.491684
LSTM,64,118,78.0,116.237755
LSTM,64,119,77.0,115.10507
LSTM,64,120,76.0,115.75175
LSTM,64,121,75.0,111.21026
LSTM,64,122,74.0,102.47901
LSTM,64,123,73.0,104.1633
LSTM,64,124,72.0,100.3798
LSTM,64,125,71.0,96.58206
LSTM,64,126,70.0,92.86907
LSTM,64,127,69.0,91.20015
LSTM,64,128,68.0,77.9859
LSTM,64,129,67.0,67.24044
LSTM,64,130,66.0,64.07065
LSTM,64,131,65.0,63.72413
LSTM,64,132,64.0,67.648186
LSTM,64,133,63.0,63.011524
LSTM,64,134,62.0,56.07528
LSTM,64,135,61.0,54.507065
LSTM,64,136,60.0,57.821262
LSTM,64,137,59.0,61.18589
LSTM,64,138,58.0,59.86913
LSTM,64,139,57.0,73.06963
LSTM,64,140,56.0,65.89913
LSTM,64,141,55.0,63.87749
LSTM,64,142,54.0,59.035366
LSTM,64,143,53.0,62.331593
LSTM,64,144,52.0,56.363087
LSTM,64,145,51.0,52.365738
LSTM,64,146,50.0,58.08662
LSTM,64,147,49.0,61.375416
LSTM,64,148,48.0,69.82436
LSTM,64,149,47.0,66.17221
LSTM,64,150,46.0,60.775555
LSTM,64,151,45.0,61.348488
LSTM,64,152,44.0,57.57447
LSTM,64,153,43.0,55.22673
LSTM,64,154,42.0,54.34176
LSTM,64,155,41.0,57.19793
LSTM,64,156,40.0,61.346497
LSTM,64,157,39.0,52.230362
LSTM,64,158,38.0,45.386246
LSTM,64,159,37.0,39.44341
LSTM,64,160,36.0,35.65602
LSTM,64,161,35.0,33.58582
LSTM,64,162,34.0,29.864857
LSTM,64,163,33.0,29.218937
LSTM,64,164,32.0,26.134266
LSTM,64,165,31.0,24.2337
LSTM,64,166,30.0,23.916643
LSTM,64,167,29.0,23.401947
LSTM,64,168,28.0,23.543396
LSTM,65,30,125.0,119.56287
LSTM,65,31,125.0,120.6261
LSTM,65,32,125.0,120.510124
LSTM,65,33,125.0,119.55667
LSTM,65,34,125.0,117.39384
LSTM,65,35,125.0,118.05637
LSTM,65,36,125.0,118.23914
LSTM,65,37,125.0,117.53494
LSTM,65,38,125.0,117.76866
LSTM,65,39,125.0,116.06332
LSTM,65,40,125.0,116.86727
LSTM,65,41,125.0,116.47823
LSTM,65,42,125.0,116.6349
LSTM,65,43,125.0,116.87671
LSTM,65,44,125.0,117.46298
LSTM,65,45,125.0,117.64199
LSTM,65,46,125.0,116.92937
LSTM,65,47,125.0,117.3073
LSTM,65,48,125.0,117.56882
LSTM,65,49,125.0,117.93997
LSTM,65,50,125.0,117.705444
LSTM,65,51,125.0,117.3659
LSTM,65,52,125.0,117.78978
LSTM,65,53,125.0,118.2059
LSTM,65,54,125.0,118.026405
LSTM,65,55,125.0,118.54738
LSTM,65,56,125.0,117.37654
LSTM,65,57,125.0,113.64901
LSTM,65,58,125.0,114.30747
LSTM,65,59,125.0,114.39067
LSTM,65,60,125.0,116.30653
LSTM,65,61,125.0,117.715195
LSTM,65,62,125.0,117.789185
LSTM,65,63,125.0,117.93839
LSTM,65,64,125.0,116.71594
LSTM,65,65,125.0,117.714554
LSTM,65,66,125.0,119.34491
LSTM,65,67,125.0,118.75945
LSTM,65,68,125.0,117.96568
LSTM,65,69,125.0,117.48554
LSTM,65,70,125.0,117.574005
LSTM,65,71,125.0,116.20491
LSTM,66,30,125.0,107.03047
LSTM,66,31,125.0,106.86731
LSTM,66,32,125.0,104.33793
LSTM,66,33,125.0,107.915375
LSTM,66,34,125.0,112.23613
LSTM,66,35,125.0,114.0372
LSTM,66,36,125.0,107.995575
LSTM,66,37,124.0,107.78001
LSTM,66,38,123.0,108.51042
LSTM,66,39,122.0,116.46835
LSTM,66,40,121.0,109.22507
LSTM,66,41,120.0,112.689476
LSTM,66,42,119.0,114.08356
LSTM,66,43,118.0,117.814026
LSTM,66,44,117.0,118.53704
LSTM,66,45,116.0,115.39884
LSTM,66,46,115.0,117.82995
LSTM,66,47,114.0,115.99514
LSTM,66,48,113.0,119.62825
LSTM,66,49,112.0,120.4343
LSTM,66,50,111.0,117.04398
LSTM,66,51,110.0,118.3275
LSTM,66,52,109.0,119.50021
LSTM,66,53,108.0,119.94107
LSTM,66,54,107.0,117.791824
LSTM,66,55,106.0,116.86127
LSTM,66,56,105.0,115.28127
LSTM,66,57,104.0,112.28728
LSTM,66,58,103.0,111.24066
LSTM,66,59,102.0,106.90956
LSTM,66,60,101.0,106.38075
LSTM,66,61,100.0,111.24473
LSTM,66,62,99.0,110.04906
LSTM,66,63,98.0,109.63233
LSTM,66,64,97.0,115.57285
LSTM,66,65,96.0,114.66876
LSTM,66,66,95.0,112.19167
LSTM,66,67,94.0,109.33037
LSTM,66,68,93.0,108.31323
LSTM,66,69,92.0,105.874275
LSTM,66,70,91.0,100.41846
LSTM,66,71,90.0,93.84787
LSTM,66,72,89.0,97.7558
LSTM,66,73,88.0,103.73122
LSTM,66,74,87.0,97.7457
LSTM,66,75,86.0,92.85887
LSTM,66,76,85.0,97.119125
LSTM,66,77,84.0,92.282036
LSTM,66,78,83.0,101.478836
LSTM,66,79,82.0,99.22087
LSTM,66,80,81.0,88.213196
LSTM,66,81,80.0,91.283615
LSTM,66,82,79.0,91.88457
LSTM,66,83,78.0,95.16589
LSTM,66,84,77.0,96.86704
LSTM,66,85,76.0,97.50949
LSTM,66,86,75.0,96.581055
LSTM,66,87,74.0,88.61674
LSTM,66,88,73.0,87.34241
LSTM,66,89,72.0,79.075516
LSTM,66,90,71.0,77.53251
LSTM,66,91,70.0,82.26661
LSTM,66,92,69.0,78.203926
LSTM,66,93,68.0,74.80189
LSTM,66,94,67.0,66.75101
LSTM,66,95,66.0,66.412186
LSTM,66,96,65.0,69.95141
LSTM,66,97,64.0,71.15101
LSTM,66,98,63.0,76.21273
LSTM,66,99,62.0,71.35999
LSTM,66,100,61.0,73.1609
LSTM,66,101,60.0,69.45438
LSTM,66,102,59.0,71.36631
LSTM,66,103,58.0,70.65682
LSTM,66,104,57.0,68.28593
LSTM,66,105,56.0,68.778076
LSTM,66,106,55.0,69.95948
LSTM,66,107,54.0,77.65305
LSTM,66,108,53.0,85.872055
LSTM,66,109,52.0,89.65108
LSTM,66,110,51.0,84.26729
LSTM,66,111,50.0,89.69627
LSTM,66,112,49.0,93.19517
LSTM,66,113,48.0,91.46962
LSTM,66,114,47.0,81.91933
LSTM,66,115,46.0,72.00018
LSTM,66,116,45.0,71.68218
LSTM,66,117,44.0,63.49488
LSTM,66,118,43.0,50.7446
LSTM,66,119,42.0,44.848858
LSTM,66,120,41.0,39.99272
LSTM,66,121,40.0,33.017715
LSTM,66,122,39.0,28.256294
LSTM,66,123,38.0,29.454716
LSTM,66,124,37.0,29.98911
LSTM,66,125,36.0,32.996838
LSTM,66,126,35.0,34.076782
LSTM,66,127,34.0,31.675852
LSTM,66,128,33.0,33.58078
LSTM,66,129,32.0,30.521765
LSTM,66,130,31.0,31.235151
LSTM,66,131,30.0,32.873203
LSTM,66,132,29.0,35.112347
LSTM,66,133,28.0,38.834457
LSTM,66,134,27.0,39.431255
LSTM,66,135,26.0,41.13431
LSTM,66,136,25.0,41.008366
LSTM,66,137,24.0,40.597244
LSTM,66,138,23.0,39.025497
LSTM,66,139,22.0,36.204353
LSTM,66,140,21.0,35.00502
LSTM,66,141,20.0,35.557182
LSTM,66,142,19.0,34.38953
LSTM,66,143,18.0,33.63706
LSTM,66,144,17.0,31.18541
LSTM,66,145,16.0,28.25613
LSTM,66,146,15.0,25.75926
LSTM,66,147,14.0,22.848896
LSTM,67,30,118.0,109.77854
LSTM,67,31,117.0,113.28517
LSTM,67,32,116.0,110.82399
LSTM,67,33,115.0,112.25136
LSTM,67,34,114.0,112.83183
LSTM,67,35,113.0,115.849976
LSTM,67,36,112.0,115.87097
LSTM,67,37,111.0,113.684784
LSTM,67,38,110.0,104.741974
LSTM,67,39,109.0,106.9631
LSTM,67,40,108.0,103.7581
LSTM,67,41,107.0,108.10386
LSTM,67,42,106.0,112.4326
LSTM,67,43,105.0,112.59684
LSTM,67,44,104.0,115.13649
LSTM,67,45,103.0,112.42563
LSTM,67,46,102.0,112.38195
LSTM,67,47,101.0,115.87495
LSTM,67,48,100.0,111.33057
LSTM,67,49,99.0,114.45198
LSTM,67,50,98.0,114.19543
LSTM,67,51,97.0,118.218765
LSTM,67,52,96.0,119.04293
LSTM,67,53,95.0,119.14788
LSTM,67,54,94.0,118.41342
LSTM,67,55,93.0,116.59233
LSTM,67,56,92.0,118.49522
LSTM,67,57,91.0,119.786316
LSTM,67,58,90.0,120.07124
LSTM,67,59,89.0,120.19561
LSTM,67,60,88.0,117.72554
LSTM,67,61,87.0,112.74555
LSTM,67,62,86.0,109.09035
LSTM,67,63,85.0,109.98906
LSTM,67,64,84.0,108.691055
LSTM,67,65,83.0,113.73499
LSTM,67,66,82.0,117.26698
LSTM,67,67,81.0,118.704765
LSTM,67,68,80.0,112.07983
LSTM,67,69,79.0,113.81036
LSTM,67,70,78.0,112.47131
LSTM,67,71,77.0,112.29329
LSTM,68,30,125.0,119.11746
LSTM,68,31,125.0,115.37041
LSTM,68,32,125.0,115.66395
LSTM,68,33,125.0,112.26761
LSTM,68,34,125.0,112.41539
LSTM,68,35,125.0,108.00396
LSTM,68,36,125.0,103.396416
LSTM,68,37,125.0,105.47175
LSTM,68,38,125.0,108.65117
LSTM,68,39,125.0,108.20022
LSTM,68,40,125.0,110.95277
LSTM,68,41,125.0,108.95722
LSTM,68,42,125.0,111.70665
LSTM,68,43,125.0,117.14679
LSTM,68,44,125.0,117.34486
LSTM,68,45,125.0,117.12089
LSTM,68,46,125.0,113.546265
LSTM,68,47,125.0,114.86902
LSTM,68,48,125.0,112.74306
LSTM,68,49,125.0,112.11094
LSTM,68,50,125.0,116.65761
LSTM,68,51,125.0,116.3335
LSTM,68,52,125.0,117.05852
LSTM,68,53,125.0,118.63278
LSTM,68,54,125.0,116.5078
LSTM,68,55,125.0,119.07285
LSTM,68,56,125.0,118.13161
LSTM,68,57,125.0,119.0428
LSTM,68,58,125.0,118.106415
LSTM,68,59,125.0,114.94091
LSTM,68,60,125.0,112.37687
LSTM,68,61,125.0,109.795006
LSTM,68,62,125.0,111.58062
LSTM,68,63,125.0,111.20169
LSTM,68,64,125.0,108.51868
LSTM,68,65,125.0,104.90545
LSTM,68,66,125.0,105.36075
LSTM,68,67,125.0,92.77793
LSTM,68,68,125.0,94.20361
LSTM,68,69,125.0,92.38955
LSTM,68,70,125.0,96.21824
LSTM,68,71,124.0,88.499306
LSTM,68,72,123.0,93.21787
LSTM,68,73,122.0,100.46497
LSTM,68,74,121.0,102.302185
LSTM,68,75,120.0,107.42717
LSTM,68,76,119.0,104.74412
LSTM,68,77,118.0,103.433716
LSTM,68,78,117.0,103.95965
LSTM,68,79,116.0,105.57829
LSTM,68,80,115.0,108.08319
LSTM,68,81,114.0,110.392044
LSTM,68,82,113.0,109.74777
LSTM,68,83,112.0,112.92023
LSTM,68,84,111.0,112.704834
LSTM,68,85,110.0,117.616325
LSTM,68,86,109.0,115.973114
LSTM,68,87,108.0,117.307396
LSTM,68,88,107.0,116.86095
LSTM,68,89,106.0,117.26589
LSTM,68,90,105.0,111.80899
LSTM,68,91,104.0,110.53127
LSTM,68,92,103.0,112.15532
LSTM,68,93,102.0,116.61243
LSTM,68,94,101.0,114.708786
LSTM,68,95,100.0,113.37028
LSTM,68,96,99.0,115.627174
LSTM,68,97,98.0,112.40934
LSTM,68,98,97.0,112.19398
LSTM,68,99,96.0,109.61853
LSTM,68,100,95.0,108.0999
LSTM,68,101,94.0,95.48617
LSTM,68,102,93.0,88.82766
LSTM,68,103,92.0,88.041405
LSTM,68,104,91.0,93.4115
LSTM,68,105,90.0,98.05044
LSTM,68,106,89.0,95.85651
LSTM,68,107,88.0,92.80689
LSTM,68,108,87.0,82.55007
LSTM,68,109,86.0,83.65858
LSTM,68,110,85.0,81.35639
LSTM,68,111,84.0,86.32489
LSTM,68,112,83.0,77.633545
LSTM,68,113,82.0,79.152374
LSTM,68,114,81.0,71.5097
LSTM,68,115,80.0,75.30292
LSTM,68,116,79.0,73.31464
LSTM,68,117,78.0,76.70053
LSTM,68,118,77.0,76.76824
LSTM,68,119,76.0,60.0402
LSTM,68,120,75.0,56.651695
LSTM,68,121,74.0,53.013004
LSTM,68,122,73.0,52.305176
LSTM,68,123,72.0,61.327103
LSTM,68,124,71.0,52.889896
LSTM,68,125,70.0,57.2383
LSTM,68,126,69.0,58.659405
LSTM,68,127,68.0,60.318558
LSTM,68,128,67.0,60.6185
LSTM,68,129,66.0,55.93667
LSTM,68,130,65.0,54.45514
LSTM,68,131,64.0,53.789955
LSTM,68,132,63.0,55.72664
LSTM,68,133,62.0,55.461597
LSTM,68,134,61.0,63.427013
LSTM,68,135,60.0,72.01514
LSTM,68,136,59.0,70.006035
LSTM,68,137,58.0,64.65122
LSTM,68,138,57.0,55.53723
LSTM,68,139,56.0,63.27754
LSTM,68,140,55.0,67.0615
LSTM,68,141,54.0,69.438614
LSTM,68,142,53.0,80.24097
LSTM,68,143,52.0,83.57301
LSTM,68,144,51.0,79.61916
LSTM,68,145,50.0,74.80893
LSTM,68,146,49.0,70.618324
LSTM,68,147,48.0,65.01675
LSTM,68,148,47.0,58.766712
LSTM,68,149,46.0,51.530537
LSTM,68,150,45.0,52.935337
LSTM,68,151,44.0,54.239845
LSTM,68,152,43.0,53.762897
LSTM,68,153,42.0,46.732162
LSTM,68,154,41.0,45.18412
LSTM,68,155,40.0,49.194466
LSTM,68,156,39.0,45.163338
LSTM,68,157,38.0,43.913494
LSTM,68,158,37.0,44.69831
LSTM,68,159,36.0,44.812828
LSTM,68,160,35.0,43.690956
LSTM,68,161,34.0,40.369667
LSTM,68,162,33.0,38.76649
LSTM,68,163,32.0,39.20695
LSTM,68,164,31.0,35.896057
LSTM,68,165,30.0,36.69726
LSTM,68,166,29.0,34.86244
LSTM,68,167,28.0,33.114895
LSTM,68,168,27.0,30.4087
LSTM,68,169,26.0,28.379189
LSTM,68,170,25.0,28.083092
LSTM,68,171,24.0,26.547544
LSTM,68,172,23.0,25.889097
LSTM,68,173,22.0,23.189295
LSTM,68,174,21.0,18.782763
LSTM,68,175,20.0,16.573566
LSTM,68,176,19.0,16.809725
LSTM,68,177,18.0,15.116098
LSTM,68,178,17.0,14.877639
LSTM,68,179,16.0,14.77541
LSTM,68,180,15.0,13.2422085
LSTM,68,181,14.0,12.459203
LSTM,68,182,13.0,11.791265
LSTM,68,183,12.0,11.081755
LSTM,68,184,11.0,10.019428
LSTM,68,185,10.0,9.699927
LSTM,68,186,9.0,8.712548
LSTM,68,187,8.0,8.781913
LSTM,69,30,125.0,101.634995
LSTM,69,31,125.0,106.24058
LSTM,69,32,125.0,115.16514
LSTM,69,33,125.0,115.67362
LSTM,69,34,125.0,116.1014
LSTM,69,35,125.0,116.82448
LSTM,69,36,125.0,116.81527
LSTM,69,37,125.0,119.51851
LSTM,69,38,125.0,120.53101
LSTM,69,39,125.0,119.452705
LSTM,69,40,125.0,118.07792
LSTM,69,41,125.0,120.106285
LSTM,69,42,125.0,120.03318
LSTM,69,43,125.0,122.323616
LSTM,69,44,125.0,123.05929
LSTM,69,45,125.0,122.078804
LSTM,69,46,125.0,120.711174
LSTM,69,47,125.0,117.8277
LSTM,69,48,125.0,118.36439
LSTM,69,49,125.0,119.56978
LSTM,69,50,125.0,120.28672
LSTM,69,51,124.0,119.04702
LSTM,69,52,123.0,116.89336
LSTM,69,53,122.0,115.500404
LSTM,69,54,121.0,113.31894
LSTM,70,30,125.0,113.62255
LSTM,70,31,125.0,109.420555
LSTM,70,32,125.0,110.77332
LSTM,70,33,125.0,115.73899
LSTM,70,34,125.0,117.60706
LSTM,70,35,125.0,119.98148
LSTM,70,36,125.0,121.052734
LSTM,70,37,125.0,121.70795
LSTM,70,38,125.0,122.83433
LSTM,70,39,125.0,123.78441
LSTM,70,40,125.0,122.977646
LSTM,70,41,125.0,123.51824
LSTM,70,42,125.0,123.1187
LSTM,70,43,125.0,123.3854
LSTM,70,44,125.0,122.77266
LSTM,70,45,125.0,124.67242
LSTM,70,46,125.0,124.31879
LSTM,70,47,125.0,123.25287
LSTM,70,48,125.0,122.96876
LSTM,70,49,125.0,122.6211
LSTM,70,50,125.0,122.03427
LSTM,70,51,125.0,119.27647
LSTM,70,52,125.0,120.3557
LSTM,70,53,125.0,122.27463
LSTM,70,54,125.0,122.79168
LSTM,70,55,125.0,121.55405
LSTM,70,56,125.0,119.89932
LSTM,70,57,125.0,118.15842
LSTM,70,58,125.0,119.17228
LSTM,70,59,125.0,116.93695
LSTM,70,60,125.0,113.32701
LSTM,70,61,125.0,112.59055
LSTM,70,62,125.0,103.173515
LSTM,70,63,125.0,96.751396
LSTM,70,64,125.0,98.30843
LSTM,70,65,125.0,97.35645
LSTM,70,66,125.0,101.24506
LSTM,70,67,125.0,104.541794
LSTM,70,68,125.0,105.10852
LSTM,70,69,125.0,110.2314
LSTM,70,70,125.0,107.51553
LSTM,70,71,125.0,107.45503
LSTM,70,72,125.0,111.351746
LSTM,70,73,125.0,113.63552
LSTM,70,74,125.0,106.62614
LSTM,70,75,125.0,100.9532
LSTM,70,76,125.0,108.33354
LSTM,70,77,125.0,112.11175
LSTM,70,78,125.0,111.85635
LSTM,70,79,125.0,108.2892
LSTM,70,80,125.0,109.53963
LSTM,70,81,125.0,107.37781
LSTM,70,82,125.0,111.50447
LSTM,70,83,125.0,118.86174
LSTM,70,84,125.0,120.41917
LSTM,70,85,125.0,119.599655
LSTM,70,86,125.0,117.22935
LSTM,70,87,125.0,120.043945
LSTM,70,88,125.0,121.63355
LSTM,70,89,125.0,123.04856
LSTM,70,90,125.0,123.07777
LSTM,70,91,125.0,123.70729
LSTM,70,92,125.0,121.745155
LSTM,70,93,125.0,119.70878
LSTM,70,94,125.0,119.407745
LSTM,70,95,125.0,119.13981
LSTM,70,96,125.0,117.63889
LSTM,70,97,125.0,113.96142
LSTM,70,98,125.0,113.94368
LSTM,70,99,125.0,115.67135
LSTM,70,100,125.0,114.70573
LSTM,70,101,125.0,113.61918
LSTM,70,102,125.0,112.4484
LSTM,70,103,125.0,116.660164
LSTM,70,104,125.0,114.696075
LSTM,70,105,125.0,110.94007
LSTM,70,106,125.0,113.7076
LSTM,70,107,125.0,114.08629
LSTM,70,108,125.0,115.67209
LSTM,70,109,125.0,109.14713
LSTM,70,110,125.0,100.92612
LSTM,70,111,125.0,99.01734
LSTM,70,112,125.0,99.696075
LSTM,70,113,125.0,107.896835
LSTM,70,114,125.0,109.24263
LSTM,70,115,125.0,106.434135
LSTM,70,116,125.0,101.64603
LSTM,70,117,125.0,103.90596
LSTM,70,118,125.0,105.20338
LSTM,70,119,125.0,101.83693
LSTM,70,120,125.0,102.2729
LSTM,70,121,125.0,97.71462
LSTM,70,122,124.0,100.40829
LSTM,70,123,123.0,100.63416
LSTM,70,124,122.0,106.985794
LSTM,70,125,121.0,104.03819
LSTM,70,126,120.0,101.45766
LSTM,70,127,119.0,102.06939
LSTM,70,128,118.0,105.49279
LSTM,70,129,117.0,110.185135
LSTM,70,130,116.0,104.23492
LSTM,70,131,115.0,98.180405
LSTM,70,132,114.0,104.92443
LSTM,70,133,113.0,110.72475
LSTM,70,134,112.0,108.87194
LSTM,70,135,111.0,109.37391
LSTM,70,136,110.0,108.48953
LSTM,70,137,109.0,112.61763
LSTM,70,138,108.0,114.92622
LSTM,70,139,107.0,108.49798
LSTM,70,140,106.0,90.78756
LSTM,70,141,105.0,84.62022
LSTM,70,142,104.0,78.75736
LSTM,70,143,103.0,77.08131
LSTM,70,144,102.0,76.93538
LSTM,70,145,101.0,87.389114
LSTM,70,146,100.0,91.07914
LSTM,70,147,99.0,92.14123
LSTM,70,148,98.0,96.920746
LSTM,70,149,97.0,99.53744
LSTM,70,150,96.0,101.42376
LSTM,70,151,95.0,93.97935
LSTM,70,152,94.0,92.793365
LSTM,71,30,125.0,110.28313
LSTM,71,31,125.0,110.518936
LSTM,71,32,125.0,108.58093
LSTM,71,33,125.0,112.85323
LSTM,71,34,125.0,115.98098
LSTM,71,35,125.0,116.924644
LSTM,71,36,125.0,117.22429
LSTM,71,37,125.0,115.47241
LSTM,71,38,125.0,114.73863
LSTM,71,39,125.0,114.21936
LSTM,71,40,125.0,114.34225
LSTM,71,41,125.0,117.27491
LSTM,71,42,125.0,120.252884
LSTM,71,43,125.0,119.063995
LSTM,71,44,125.0,117.61324
LSTM,71,45,125.0,118.15143
LSTM,71,46,125.0,120.1889
LSTM,71,47,125.0,118.662025
LSTM,71,48,125.0,117.99691
LSTM,71,49,125.0,116.06405
LSTM,71,50,125.0,109.42134
LSTM,71,51,125.0,112.791016
LSTM,71,52,125.0,106.14695
LSTM,71,53,125.0,96.39898
LSTM,71,54,125.0,93.87244
LSTM,71,55,125.0,97.28103
LSTM,71,56,125.0,100.1408
LSTM,71,57,125.0,102.45313
LSTM,71,58,125.0,105.19153
LSTM,71,59,125.0,109.23874
LSTM,71,60,125.0,106.264656
LSTM,71,61,125.0,112.29621
LSTM,71,62,124.0,110.668594
LSTM,71,63,123.0,111.408485
LSTM,71,64,122.0,102.66085
LSTM,71,65,121.0,107.14831
LSTM,71,66,120.0,112.02248
LSTM,71,67,119.0,109.183044
LSTM,71,68,118.0,107.488304
LSTM,72,30,125.0,113.15516
LSTM,72,31,125.0,111.89243
LSTM,72,32,125.0,112.84233
LSTM,72,33,125.0,110.74955
LSTM,72,34,125.0,111.81631
LSTM,72,35,125.0,112.335075
LSTM,72,36,125.0,111.706535
LSTM,72,37,125.0,108.21837
LSTM,72,38,125.0,108.60169
LSTM,72,39,125.0,111.00056
LSTM,72,40,125.0,108.80411
LSTM,72,41,125.0,109.40575
LSTM,72,42,125.0,110.94623
LSTM,72,43,125.0,111.70484
LSTM,72,44,125.0,111.798706
LSTM,72,45,125.0,110.400024
LSTM,72,46,125.0,112.71878
LSTM,72,47,125.0,115.63496
LSTM,72,48,125.0,116.4368
LSTM,72,49,125.0,116.513565
LSTM,72,50,125.0,118.08905
LSTM,72,51,125.0,117.70819
LSTM,72,52,125.0,114.42553
LSTM,72,53,125.0,115.853676
LSTM,72,54,125.0,111.05104
LSTM,72,55,125.0,108.685776
LSTM,72,56,125.0,112.235725
LSTM,72,57,124.0,110.05808
LSTM,72,58,123.0,109.21173
LSTM,72,59,122.0,108.58606
LSTM,72,60,121.0,106.67925
LSTM,72,61,120.0,106.27714
LSTM,72,62,119.0,107.01977
LSTM,72,63,118.0,105.315895
LSTM,72,64,117.0,112.07925
LSTM,72,65,116.0,110.13216
LSTM,72,66,115.0,109.89511
LSTM,72,67,114.0,107.583
LSTM,72,68,113.0,111.51539
LSTM,72,69,112.0,114.14327
LSTM,72,70,111.0,116.120766
LSTM,72,71,110.0,117.13942
LSTM,72,72,109.0,116.61331
LSTM,72,73,108.0,115.59327
LSTM,72,74,107.0,111.086136
LSTM,72,75,106.0,110.13332
LSTM,72,76,105.0,107.25589
LSTM,72,77,104.0,105.52639
LSTM,72,78,103.0,112.49512
LSTM,72,79,102.0,111.41379
LSTM,72,80,101.0,114.8047
LSTM,72,81,100.0,113.12548
LSTM,72,82,99.0,107.036545
LSTM,72,83,98.0,107.8106
LSTM,72,84,97.0,106.85564
LSTM,72,85,96.0,107.83694
LSTM,72,86,95.0,105.884865
LSTM,72,87,94.0,103.77587
LSTM,72,88,93.0,100.276825
LSTM,72,89,92.0,100.86814
LSTM,72,90,91.0,98.029045
LSTM,72,91,90.0,90.45851
LSTM,72,92,89.0,85.90955
LSTM,72,93,88.0,85.43981
LSTM,72,94,87.0,98.03494
LSTM,72,95,86.0,100.94683
LSTM,72,96,85.0,100.24598
LSTM,72,97,84.0,96.7871
LSTM,72,98,83.0,93.23461
LSTM,72,99,82.0,99.2761
LSTM,72,100,81.0,98.0527
LSTM,72,101,80.0,102.4342
LSTM,72,102,79.0,99.36995
LSTM,72,103,78.0,100.51008
LSTM,72,104,77.0,87.87408
LSTM,72,105,76.0,86.11086
LSTM,72,106,75.0,81.8456
LSTM,72,107,74.0,76.37616
LSTM,72,108,73.0,84.82377
LSTM,72,109,72.0,89.02545
LSTM,72,110,71.0,98.1579
LSTM,72,111,70.0,95.176476
LSTM,72,112,69.0,89.60239
LSTM,72,113,68.0,90.357376
LSTM,72,114,67.0,89.54322
LSTM,72,115,66.0,89.621254
LSTM,72,116,65.0,84.50384
LSTM,72,117,64.0,84.66139
LSTM,72,118,63.0,83.71954
LSTM,72,119,62.0,81.74321
LSTM,72,120,61.0,77.21182
LSTM,72,121,60.0,64.216354
LSTM,72,122,59.0,61.371593
LSTM,72,123,58.0,70.20492
LSTM,72,124,57.0,68.04553
LSTM,72,125,56.0,62.206463
LSTM,72,126,55.0,66.44838
LSTM,72,127,54.0,62.66152
LSTM,72,128,53.0,69.3216
LSTM,72,129,52.0,66.24733
LSTM,72,130,51.0,58.25739
LSTM,72,131,50.0,54.718567
LSTM,73,30,125.0,116.03007
LSTM,73,31,125.0,114.79816
LSTM,73,32,125.0,116.70627
LSTM,73,33,125.0,117.52077
LSTM,73,34,125.0,116.624176
LSTM,73,35,125.0,117.01169
LSTM,73,36,125.0,118.728836
LSTM,73,37,125.0,120.06161
LSTM,73,38,125.0,120.66833
LSTM,73,39,125.0,121.05607
LSTM,73,40,125.0,120.75305
LSTM,73,41,125.0,120.73825
LSTM,73,42,125.0,120.89307
LSTM,73,43,125.0,120.55539
LSTM,73,44,125.0,120.35604
LSTM,73,45,125.0,121.3667
LSTM,73,46,125.0,121.30091
LSTM,73,47,125.0,120.75301
LSTM,73,48,125.0,119.91826
LSTM,73,49,125.0,119.79883
LSTM,73,50,125.0,118.691536
LSTM,73,51,125.0,118.25854
LSTM,73,52,125.0,118.8965
LSTM,73,53,125.0,118.52347
LSTM,73,54,125.0,119.071724
LSTM,73,55,125.0,118.38445
LSTM,73,56,125.0,119.2344
LSTM,73,57,125.0,119.05029
LSTM,73,58,125.0,117.777794
LSTM,73,59,125.0,116.46252
LSTM,73,60,125.0,115.66712
LSTM,73,61,125.0,115.96555
LSTM,73,62,125.0,115.161446
LSTM,73,63,125.0,116.13506
LSTM,73,64,125.0,114.02527
LSTM,73,65,125.0,115.87553
LSTM,73,66,125.0,115.365364
LSTM,73,67,125.0,116.28712
LSTM,73,68,125.0,118.12516
LSTM,73,69,125.0,119.130714
LSTM,73,70,125.0,117.03517
LSTM,73,71,125.0,117.606865
LSTM,73,72,125.0,119.38284
LSTM,73,73,125.0,120.29067
LSTM,73,74,125.0,119.60403
LSTM,73,75,125.0,119.2859
LSTM,73,76,125.0,117.99595
LSTM,73,77,125.0,116.28408
LSTM,73,78,125.0,115.089745
LSTM,73,79,125.0,118.59802
LSTM,73,80,125.0,115.47608
LSTM,73,81,125.0,116.027504
LSTM,73,82,125.0,114.446266
LSTM,73,83,125.0,115.62298
LSTM,73,84,125.0,113.04989
LSTM,73,85,125.0,112.81484
LSTM,73,86,125.0,111.53894
LSTM,73,87,125.0,113.16919
LSTM,73,88,125.0,111.44592
LSTM,73,89,125.0,109.988304
LSTM,73,90,125.0,107.62465
LSTM,73,91,125.0,110.41348
LSTM,73,92,125.0,110.2708
LSTM,73,93,125.0,108.973564
LSTM,73,94,125.0,107.22297
LSTM,73,95,125.0,107.326
LSTM,73,96,125.0,100.386665
LSTM,73,97,125.0,102.59864
LSTM,73,98,125.0,94.15042
LSTM,73,99,125.0,92.570816
LSTM,73,100,125.0,91.905266
LSTM,73,101,125.0,92.20247
LSTM,73,102,125.0,100.36997
LSTM,73,103,125.0,105.52389
LSTM,73,104,125.0,103.693146
LSTM,73,105,125.0,107.88511
LSTM,73,106,125.0,112.59431
LSTM,73,107,125.0,112.61643
LSTM,73,108,125.0,109.102516
LSTM,73,109,125.0,112.35854
LSTM,73,110,125.0,106.95078
LSTM,73,111,125.0,103.97248
LSTM,73,112,125.0,105.63528
LSTM,74,30,125.0,112.43984
LSTM,74,31,125.0,107.83301
LSTM,74,32,125.0,103.178474
LSTM,74,33,125.0,108.5974
LSTM,74,34,125.0,108.521034
LSTM,74,35,125.0,112.58622
LSTM,74,36,125.0,112.85653
LSTM,74,37,125.0,113.77037
LSTM,74,38,125.0,116.48856
LSTM,74,39,125.0,117.68008
LSTM,74,40,125.0,117.873055
LSTM,74,41,125.0,117.59355
LSTM,74,42,125.0,119.12407
LSTM,74,43,125.0,121.44394
LSTM,74,44,125.0,121.05324
LSTM,74,45,125.0,120.57258
LSTM,74,46,125.0,121.479065
LSTM,74,47,125.0,121.301186
LSTM,74,48,125.0,122.1383
LSTM,74,49,125.0,119.430115
LSTM,74,50,125.0,119.78426
LSTM,74,51,125.0,119.733406
LSTM,74,52,125.0,117.609505
LSTM,74,53,125.0,117.55313
LSTM,74,54,125.0,118.295296
LSTM,74,55,125.0,117.52257
LSTM,74,56,125.0,115.36684
LSTM,74,57,125.0,114.468376
LSTM,74,58,125.0,113.098946
LSTM,74,59,125.0,112.77727
LSTM,74,60,125.0,117.438034
LSTM,74,61,125.0,112.303154
LSTM,74,62,125.0,111.89673
LSTM,74,63,125.0,111.08691
LSTM,74,64,125.0,113.85207
LSTM,74,65,125.0,116.09054
LSTM,74,66,125.0,117.95953
LSTM,74,67,125.0,118.861465
LSTM,74,68,125.0,120.93916
LSTM,74,69,125.0,116.894325
LSTM,74,70,125.0,115.21491
LSTM,74,71,125.0,113.30562
LSTM,74,72,125.0,115.82426
LSTM,74,73,125.0,116.82527
LSTM,74,74,125.0,119.62004
LSTM,74,75,125.0,119.07627
LSTM,74,76,125.0,120.641266
LSTM,74,77,125.0,119.99568
LSTM,74,78,125.0,119.66022
LSTM,74,79,125.0,116.405205
LSTM,74,80,125.0,115.51311
LSTM,74,81,125.0,116.14372
LSTM,74,82,125.0,113.456665
LSTM,74,83,125.0,115.30292
LSTM,74,84,125.0,118.08359
LSTM,74,85,125.0,115.8731
LSTM,74,86,125.0,112.69467
LSTM,74,87,125.0,115.72848
LSTM,74,88,125.0,116.99424
LSTM,74,89,125.0,115.076454
LSTM,74,90,125.0,114.483345
LSTM,74,91,125.0,107.52354
LSTM,74,92,125.0,99.90368
LSTM,74,93,125.0,94.05523
LSTM,74,94,125.0,100.49951
LSTM,74,95,125.0,101.01933
LSTM,74,96,125.0,105.07161
LSTM,74,97,125.0,108.734375
LSTM,74,98,125.0,109.45776
LSTM,74,99,125.0,112.00712
LSTM,74,100,125.0,109.74156
LSTM,74,101,125.0,110.933304
LSTM,74,102,125.0,106.05719
LSTM,74,103,125.0,106.088585
LSTM,74,104,125.0,109.888435
LSTM,74,105,125.0,110.21631
LSTM,74,106,125.0,115.486305
LSTM,74,107,125.0,111.66224
LSTM,74,108,125.0,115.52754
LSTM,74,109,125.0,116.33493
LSTM,74,110,125.0,116.68094
LSTM,74,111,125.0,117.70867
LSTM,74,112,125.0,115.923004
LSTM,74,113,125.0,115.22195
LSTM,74,114,125.0,115.4919
LSTM,74,115,125.0,112.08173
LSTM,74,116,125.0,114.602356
LSTM,74,117,125.0,115.50581
LSTM,74,118,125.0,118.239365
LSTM,74,119,125.0,117.99462
LSTM,74,120,125.0,117.77763
LSTM,74,121,125.0,115.65194
LSTM,74,122,125.0,114.88452
LSTM,74,123,125.0,112.06334
LSTM,74,124,125.0,111.22225
LSTM,74,125,125.0,110.4789
LSTM,74,126,125.0,107.504105
LSTM,74,127,125.0,105.87882
LSTM,74,128,125.0,109.17257
LSTM,74,129,125.0,110.16227
LSTM,74,130,125.0,113.07351
LSTM,74,131,125.0,115.68162
LSTM,74,132,125.0,112.15
LSTM,74,133,125.0,109.53125
LSTM,74,134,125.0,110.095055
LSTM,74,135,125.0,107.24982
LSTM,74,136,125.0,110.603645
LSTM,74,137,125.0,105.50426
LSTM,75,30,125.0,103.055626
LSTM,75,31,125.0,101.77675
LSTM,75,32,125.0,98.38035
LSTM,75,33,125.0,105.16498
LSTM,75,34,125.0,105.71136
LSTM,75,35,125.0,108.357765
LSTM,75,36,125.0,109.30444
LSTM,75,37,125.0,110.697464
LSTM,75,38,125.0,110.53446
LSTM,75,39,125.0,113.563835
LSTM,75,40,125.0,111.14309
LSTM,75,41,125.0,112.158676
LSTM,75,42,125.0,113.67009
LSTM,75,43,125.0,117.95272
LSTM,75,44,125.0,117.395996
LSTM,75,45,125.0,118.08914
LSTM,75,46,125.0,119.222046
LSTM,75,47,125.0,119.656075
LSTM,75,48,125.0,118.75113
LSTM,75,49,125.0,109.420364
LSTM,75,50,125.0,106.54444
LSTM,75,51,125.0,115.22932
LSTM,75,52,125.0,112.53715
LSTM,75,53,125.0,111.8387
LSTM,75,54,125.0,112.61959
LSTM,75,55,125.0,113.38887
LSTM,75,56,125.0,112.92057
LSTM,75,57,125.0,115.249725
LSTM,75,58,125.0,114.37086
LSTM,75,59,125.0,115.17526
LSTM,75,60,125.0,115.924934
LSTM,75,61,125.0,111.81027
LSTM,75,62,125.0,113.34984
LSTM,75,63,125.0,115.228165
LSTM,75,64,125.0,112.64446
LSTM,75,65,125.0,109.97829
LSTM,75,66,125.0,111.78361
LSTM,75,67,125.0,113.78243
LSTM,75,68,125.0,118.270355
LSTM,75,69,125.0,122.535934
LSTM,75,70,125.0,119.370415
LSTM,75,71,125.0,118.656204
LSTM,75,72,125.0,116.47694
LSTM,75,73,125.0,115.71251
LSTM,75,74,125.0,112.10657
LSTM,75,75,125.0,101.64879
LSTM,75,76,125.0,108.712814
LSTM,75,77,124.0,109.68755
LSTM,75,78,123.0,98.51669
LSTM,75,79,122.0,94.68488
LSTM,75,80,121.0,89.725746
LSTM,75,81,120.0,102.10039
LSTM,75,82,119.0,98.84365
LSTM,75,83,118.0,103.905205
LSTM,75,84,117.0,93.54079
LSTM,75,85,116.0,97.80191
LSTM,75,86,115.0,88.742455
LSTM,75,87,114.0,98.06742
LSTM,75,88,113.0,101.92941
LSTM,76,30,125.0,118.62229
LSTM,76,31,125.0,118.30299
LSTM,76,32,125.0,119.73933
LSTM,76,33,125.0,118.6459
LSTM,76,34,125.0,118.79528
LSTM,76,35,125.0,118.82315
LSTM,76,36,125.0,119.80525
LSTM,76,37,125.0,120.24752
LSTM,76,38,125.0,119.59694
LSTM,76,39,125.0,119.25998
LSTM,76,40,125.0,119.31067
LSTM,76,41,125.0,120.15279
LSTM,76,42,125.0,119.88928
LSTM,76,43,125.0,120.6175
LSTM,76,44,125.0,120.194984
LSTM,76,45,125.0,120.36946
LSTM,76,46,125.0,120.06568
LSTM,76,47,125.0,120.73326
LSTM,76,48,125.0,120.04061
LSTM,76,49,125.0,120.79118
LSTM,76,50,125.0,119.780106
LSTM,76,51,125.0,119.82765
LSTM,76,52,125.0,120.06278
LSTM,76,53,125.0,119.45885
LSTM,76,54,125.0,119.18909
LSTM,76,55,125.0,117.33324
LSTM,76,56,125.0,116.59228
LSTM,76,57,125.0,117.76389
LSTM,76,58,125.0,118.06774
LSTM,76,59,125.0,116.457
LSTM,76,60,125.0,115.07939
LSTM,76,61,125.0,114.93126
LSTM,76,62,125.0,114.85264
LSTM,76,63,125.0,115.447136
LSTM,76,64,125.0,114.44116
LSTM,76,65,125.0,114.636795
LSTM,76,66,125.0,116.66052
LSTM,76,67,125.0,116.85002
LSTM,76,68,125.0,115.02041
LSTM,76,69,125.0,112.60583
LSTM,76,70,125.0,112.20755
LSTM,76,71,125.0,112.50616
LSTM,76,72,125.0,115.218285
LSTM,76,73,125.0,116.10631
LSTM,76,74,125.0,117.00694
LSTM,76,75,125.0,115.91732
LSTM,76,76,125.0,112.87673
LSTM,76,77,125.0,113.31435
LSTM,76,78,125.0,103.27905
LSTM,76,79,125.0,106.466095
LSTM,76,80,125.0,105.92099
LSTM,76,81,125.0,107.67247
LSTM,76,82,125.0,106.911156
LSTM,76,83,125.0,103.7943
LSTM,76,84,125.0,108.776855
LSTM,76,85,125.0,105.584625
LSTM,76,86,125.0,104.55267
LSTM,76,87,125.0,105.965126
LSTM,76,88,125.0,107.45788
LSTM,76,89,125.0,108.58797
LSTM,76,90,125.0,108.02642
LSTM,76,91,124.0,113.62562
LSTM,76,92,123.0,109.97318
LSTM,76,93,122.0,114.424866
LSTM,76,94,121.0,113.299614
LSTM,76,95,120.0,116.268936
LSTM,76,96,119.0,118.399254
LSTM,76,97,118.0,120.313545
LSTM,76,98,117.0,119.26551
LSTM,76,99,116.0,118.82513
LSTM,76,100,115.0,116.283226
LSTM,76,101,114.0,114.96844
LSTM,76,102,113.0,114.08221
LSTM,76,103,112.0,113.794014
LSTM,76,104,111.0,116.348495
LSTM,76,105,110.0,115.54489
LSTM,76,106,109.0,115.134514
LSTM,76,107,108.0,113.01532
LSTM,76,108,107.0,105.02013
LSTM,76,109,106.0,101.14167
LSTM,76,110,105.0,106.43609
LSTM,76,111,104.0,108.37548
LSTM,76,112,103.0,102.365974
LSTM,76,113,102.0,98.08379
LSTM,76,114,101.0,103.52599
LSTM,76,115,100.0,98.78475
LSTM,76,116,99.0,103.425575
LSTM,76,117,98.0,95.6149
LSTM,76,118,97.0,83.174614
LSTM,76,119,96.0,89.50753
LSTM,76,120,95.0,88.565
LSTM,76,121,94.0,84.18885
LSTM,76,122,93.0,76.66739
LSTM,76,123,92.0,71.41962
LSTM,76,124,91.0,76.03897
LSTM,76,125,90.0,63.15749
LSTM,76,126,89.0,66.8263
LSTM,76,127,88.0,81.99436
LSTM,76,128,87.0,78.14732
LSTM,76,129,86.0,83.453186
LSTM,76,130,85.0,72.04461
LSTM,76,131,84.0,67.55698
LSTM,76,132,83.0,67.9404
LSTM,76,133,82.0,72.30918
LSTM,76,134,81.0,63.065273
LSTM,76,135,80.0,64.5349
LSTM,76,136,79.0,58.79083
LSTM,76,137,78.0,61.708633
LSTM,76,138,77.0,66.99088
LSTM,76,139,76.0,62.367596
LSTM,76,140,75.0,58.743996
LSTM,76,141,74.0,59.940758
LSTM,76,142,73.0,54.138275
LSTM,76,143,72.0,56.036873
LSTM,76,144,71.0,57.342434
LSTM,76,145,70.0,64.19432
LSTM,76,146,69.0,65.120094
LSTM,76,147,68.0,63.51189
LSTM,76,148,67.0,67.326256
LSTM,76,149,66.0,69.7072
LSTM,76,150,65.0,62.51638
LSTM,76,151,64.0,65.059586
LSTM,76,152,63.0,67.75236
LSTM,76,153,62.0,67.16141
LSTM,76,154,61.0,61.92541
LSTM,76,155,60.0,59.789062
LSTM,76,156,59.0,65.7523
LSTM,76,157,58.0,65.28991
LSTM,76,158,57.0,59.429775
LSTM,76,159,56.0,56.30376
LSTM,76,160,55.0,55.76959
LSTM,76,161,54.0,51.991722
LSTM,76,162,53.0,51.245667
LSTM,76,163,52.0,48.117443
LSTM,76,164,51.0,45.233162
LSTM,76,165,50.0,44.38939
LSTM,76,166,49.0,42.536385
LSTM,76,167,48.0,36.664215
LSTM,76,168,47.0,31.889788
LSTM,76,169,46.0,34.63495
LSTM,76,170,45.0,33.59815
LSTM,76,171,44.0,35.15821
LSTM,76,172,43.0,34.41136
LSTM,76,173,42.0,30.918575
LSTM,76,174,41.0,32.089275
LSTM,76,175,40.0,32.634888
LSTM,76,176,39.0,35.302036
LSTM,76,177,38.0,33.16932
LSTM,76,178,37.0,30.089489
LSTM,76,179,36.0,28.546495
LSTM,76,180,35.0,27.541468
LSTM,76,181,34.0,30.922913
LSTM,76,182,33.0,30.140917
LSTM,76,183,32.0,31.592636
LSTM,76,184,31.0,30.518333
LSTM,76,185,30.0,30.805008
LSTM,76,186,29.0,27.590996
LSTM,76,187,28.0,26.760265
LSTM,76,188,27.0,24.070831
LSTM,76,189,26.0,23.716166
LSTM,76,190,25.0,24.021385
LSTM,76,191,24.0,22.678356
LSTM,76,192,23.0,21.114534
LSTM,76,193,22.0,19.73196
LSTM,76,194,21.0,17.086184
LSTM,76,195,20.0,16.588198
LSTM,76,196,19.0,16.257568
LSTM,76,197,18.0,15.480927
LSTM,76,198,17.0,14.188043
LSTM,76,199,16.0,13.207059
LSTM,76,200,15.0,12.493446
LSTM,76,201,14.0,11.57525
LSTM,76,202,13.0,10.623376
LSTM,76,203,12.0,10.207442
LSTM,76,204,11.0,8.583464
LSTM,76,205,10.0,7.7924037
LSTM,77,30,125.0,117.66075
LSTM,77,31,125.0,116.989075
LSTM,77,32,125.0,114.090805
LSTM,77,33,125.0,113.98948
LSTM,77,34,125.0,114.469795
LSTM,77,35,125.0,111.92087
LSTM,77,36,125.0,113.898544
LSTM,77,37,125.0,112.36804
LSTM,77,38,125.0,108.506294
LSTM,77,39,125.0,112.35732
LSTM,77,40,125.0,114.10223
LSTM,77,41,125.0,115.80534
LSTM,77,42,125.0,115.382805
LSTM,77,43,125.0,114.70997
LSTM,77,44,125.0,113.91263
LSTM,77,45,125.0,111.50275
LSTM,77,46,125.0,98.570015
LSTM,77,47,125.0,100.62956
LSTM,77,48,125.0,107.22432
LSTM,77,49,125.0,109.20836
LSTM,77,50,125.0,107.82886
LSTM,77,51,125.0,108.819534
LSTM,77,52,125.0,108.49662
LSTM,77,53,125.0,113.117546
LSTM,77,54,125.0,116.14282
LSTM,77,55,125.0,119.26135
LSTM,77,56,125.0,118.84938
LSTM,77,57,125.0,116.04652
LSTM,77,58,125.0,117.86866
LSTM,77,59,125.0,118.776215
LSTM,77,60,125.0,119.29385
LSTM,77,61,125.0,119.080826
LSTM,77,62,125.0,118.28177
LSTM,77,63,125.0,117.12751
LSTM,77,64,125.0,117.13883
LSTM,77,65,125.0,114.62785
LSTM,77,66,125.0,116.46922
LSTM,77,67,125.0,113.76306
LSTM,77,68,125.0,109.69292
LSTM,77,69,125.0,111.32183
LSTM,77,70,125.0,106.96197
LSTM,77,71,125.0,108.81884
LSTM,77,72,124.0,112.67545
LSTM,77,73,123.0,107.40666
LSTM,77,74,122.0,104.31463
LSTM,77,75,121.0,102.23972
LSTM,77,76,120.0,92.74259
LSTM,77,77,119.0,82.95868
LSTM,77,78,118.0,90.88995
LSTM,77,79,117.0,86.81829
LSTM,77,80,116.0,82.62503
LSTM,77,81,115.0,74.99069
LSTM,77,82,114.0,77.980156
LSTM,77,83,113.0,82.65845
LSTM,77,84,112.0,86.33234
LSTM,77,85,111.0,97.769424
LSTM,77,86,110.0,97.88491
LSTM,77,87,109.0,97.41977
LSTM,77,88,108.0,104.60977
LSTM,77,89,107.0,110.063866
LSTM,77,90,106.0,110.570206
LSTM,77,91,105.0,110.64826
LSTM,77,92,104.0,113.90384
LSTM,77,93,103.0,111.29208
LSTM,77,94,102.0,108.04456
LSTM,77,95,101.0,105.90362
LSTM,77,96,100.0,111.95155
LSTM,77,97,99.0,114.455284
LSTM,77,98,98.0,114.379654
LSTM,77,99,97.0,115.675285
LSTM,77,100,96.0,110.629745
LSTM,77,101,95.0,112.83193
LSTM,77,102,94.0,116.983894
LSTM,77,103,93.0,116.75914
LSTM,77,104,92.0,116.27239
LSTM,77,105,91.0,113.56576
LSTM,77,106,90.0,115.79249
LSTM,77,107,89.0,115.46347
LSTM,77,108,88.0,117.961205
LSTM,77,109,87.0,116.32555
LSTM,77,110,86.0,110.1514
LSTM,77,111,85.0,102.950356
LSTM,77,112,84.0,95.9784
LSTM,77,113,83.0,98.59243
LSTM,77,114,82.0,95.87331
LSTM,77,115,81.0,87.73805
LSTM,77,116,80.0,77.920334
LSTM,77,117,79.0,71.426994
LSTM,77,118,78.0,63.189846
LSTM,77,119,77.0,56.479237
LSTM,77,120,76.0,53.83575
LSTM,77,121,75.0,53.19193
LSTM,77,122,74.0,60.357304
LSTM,77,123,73.0,58.134296
LSTM,77,124,72.0,64.33426
LSTM,77,125,71.0,66.84855
LSTM,77,126,70.0,66.124535
LSTM,77,127,69.0,66.661934
LSTM,77,128,68.0,65.81634
LSTM,77,129,67.0,62.271442
LSTM,77,130,66.0,55.327568
LSTM,77,131,65.0,59.181595
LSTM,77,132,64.0,63.1398
LSTM,77,133,63.0,61.319065
LSTM,77,134,62.0,60.994522
LSTM,77,135,61.0,57.574432
LSTM,77,136,60.0,60.87746
LSTM,77,137,59.0,66.79346
LSTM,77,138,58.0,75.30669
LSTM,77,139,57.0,84.5072
LSTM,77,140,56.0,82.97017
LSTM,77,141,55.0,80.054474
LSTM,77,142,54.0,74.090706
LSTM,77,143,53.0,72.09828
LSTM,77,144,52.0,75.40852
LSTM,77,145,51.0,56.3444
LSTM,77,146,50.0,53.850716
LSTM,77,147,49.0,49.26218
LSTM,77,148,48.0,40.960133
LSTM,77,149,47.0,40.20139
LSTM,77,150,46.0,35.688984
LSTM,77,151,45.0,33.9279
LSTM,77,152,44.0,35.11008
LSTM,77,153,43.0,38.280724
LSTM,77,154,42.0,40.57645
LSTM,77,155,41.0,37.450172
LSTM,77,156,40.0,36.86031
LSTM,77,157,39.0,35.54515
LSTM,77,158,38.0,35.019875
LSTM,77,159,37.0,35.973843
LSTM,77,160,36.0,32.810413
LSTM,77,161,35.0,33.395042
LSTM,77,162,34.0,30.36662
LSTM,78,30,125.0,119.659035
LSTM,78,31,125.0,119.91048
LSTM,78,32,125.0,118.81727
LSTM,78,33,125.0,119.31092
LSTM,78,34,125.0,119.44921
LSTM,78,35,125.0,118.834946
LSTM,78,36,125.0,119.227394
LSTM,78,37,125.0,119.03562
LSTM,78,38,125.0,119.40789
LSTM,78,39,125.0,119.19457
LSTM,78,40,125.0,118.5814
LSTM,78,41,125.0,118.83119
LSTM,78,42,125.0,119.34859
LSTM,78,43,125.0,118.90465
LSTM,78,44,125.0,118.312584
LSTM,78,45,125.0,118.14251
LSTM,78,46,125.0,117.52267
LSTM,78,47,125.0,118.29926
LSTM,78,48,125.0,118.299515
LSTM,78,49,125.0,118.177055
LSTM,78,50,125.0,118.669426
LSTM,78,51,125.0,118.76993
LSTM,78,52,125.0,117.85011
LSTM,78,53,125.0,116.9685
LSTM,78,54,125.0,118.08741
LSTM,78,55,124.0,118.8287
LSTM,78,56,123.0,118.558464
LSTM,78,57,122.0,118.34699
LSTM,78,58,121.0,118.559425
LSTM,78,59,120.0,119.679375
LSTM,78,60,119.0,120.02356
LSTM,78,61,118.0,120.24063
LSTM,78,62,117.0,119.86438
LSTM,78,63,116.0,119.94344
LSTM,78,64,115.0,119.578705
LSTM,78,65,114.0,120.48951
LSTM,78,66,113.0,121.33946
LSTM,78,67,112.0,121.175095
LSTM,78,68,111.0,121.22878
LSTM,78,69,110.0,121.60356
LSTM,78,70,109.0,121.053116
LSTM,78,71,108.0,120.06584
LSTM,78,72,107.0,120.48267
LSTM,79,30,125.0,114.49335
LSTM,79,31,125.0,113.81573
LSTM,79,32,125.0,115.07012
LSTM,79,33,125.0,112.841705
LSTM,79,34,125.0,109.31072
LSTM,79,35,125.0,109.28518
LSTM,79,36,125.0,109.98738
LSTM,79,37,125.0,105.86423
LSTM,79,38,125.0,108.8454
LSTM,79,39,125.0,104.1806
LSTM,79,40,124.0,108.24773
LSTM,79,41,123.0,109.121506
LSTM,79,42,122.0,107.27216
LSTM,79,43,121.0,103.66447
LSTM,79,44,120.0,104.66352
LSTM,79,45,119.0,108.49315
LSTM,79,46,118.0,114.64421
LSTM,79,47,117.0,108.93617
LSTM,79,48,116.0,115.36256
LSTM,79,49,115.0,112.84531
LSTM,79,50,114.0,111.80018
LSTM,79,51,113.0,107.14302
LSTM,79,52,112.0,105.936
LSTM,79,53,111.0,109.6777
LSTM,79,54,110.0,112.0988
LSTM,79,55,109.0,108.854095
LSTM,79,56,108.0,106.165054
LSTM,79,57,107.0,106.4207
LSTM,79,58,106.0,111.36456
LSTM,79,59,105.0,114.42103
LSTM,79,60,104.0,114.25243
LSTM,79,61,103.0,112.71455
LSTM,79,62,102.0,113.09006
LSTM,79,63,101.0,111.87384
LSTM,79,64,100.0,110.343895
LSTM,79,65,99.0,111.95994
LSTM,79,66,98.0,112.36842
LSTM,79,67,97.0,110.41582
LSTM,79,68,96.0,112.0263
LSTM,79,69,95.0,111.971085
LSTM,79,70,94.0,111.905655
LSTM,79,71,93.0,113.32282
LSTM,79,72,92.0,110.3878
LSTM,79,73,91.0,107.309586
LSTM,79,74,90.0,101.872406
LSTM,79,75,89.0,99.21529
LSTM,79,76,88.0,96.512665
LSTM,79,77,87.0,105.1247
LSTM,79,78,86.0,115.10963
LSTM,79,79,85.0,115.42387
LSTM,79,80,84.0,115.05157
LSTM,79,81,83.0,115.29069
LSTM,79,82,82.0,110.97539
LSTM,79,83,81.0,110.61798
LSTM,79,84,80.0,107.77153
LSTM,79,85,79.0,96.83138
LSTM,79,86,78.0,100.881996
LSTM,79,87,77.0,102.464584
LSTM,79,88,76.0,102.34487
LSTM,79,89,75.0,105.35319
LSTM,79,90,74.0,111.921906
LSTM,79,91,73.0,105.94843
LSTM,79,92,72.0,102.0943
LSTM,79,93,71.0,101.27095
LSTM,79,94,70.0,88.00825
LSTM,79,95,69.0,89.96413
LSTM,79,96,68.0,87.57976
LSTM,79,97,67.0,97.331215
LSTM,79,98,66.0,94.56996
LSTM,79,99,65.0,102.79267
LSTM,79,100,64.0,100.372635
LSTM,79,101,63.0,96.12468
LSTM,80,30,125.0,116.242386
LSTM,80,31,125.0,119.77954
LSTM,80,32,125.0,118.54242
LSTM,80,33,125.0,118.18141
LSTM,80,34,125.0,119.16359
LSTM,80,35,125.0,120.70049
LSTM,80,36,125.0,121.68869
LSTM,80,37,125.0,121.004776
LSTM,80,38,125.0,122.224236
LSTM,80,39,125.0,119.922935
LSTM,80,40,125.0,119.01303
LSTM,80,41,125.0,119.771675
LSTM,80,42,125.0,116.58016
LSTM,80,43,125.0,117.60185
LSTM,80,44,125.0,117.554115
LSTM,80,45,125.0,119.45203
LSTM,80,46,125.0,118.38134
LSTM,80,47,125.0,119.82502
LSTM,80,48,125.0,118.93585
LSTM,80,49,125.0,118.58499
LSTM,80,50,125.0,118.098366
LSTM,80,51,125.0,116.57864
LSTM,80,52,125.0,116.11645
LSTM,80,53,125.0,114.62511
LSTM,80,54,125.0,109.63373
LSTM,80,55,125.0,112.70983
LSTM,80,56,125.0,115.0859
LSTM,80,57,125.0,115.68519
LSTM,80,58,125.0,112.00065
LSTM,80,59,125.0,113.85836
LSTM,80,60,125.0,109.58639
LSTM,80,61,125.0,109.142334
LSTM,80,62,125.0,113.56257
LSTM,80,63,125.0,117.08133
LSTM,80,64,125.0,116.5598
LSTM,80,65,125.0,119.08916
LSTM,80,66,125.0,117.542465
LSTM,80,67,125.0,117.51552
LSTM,80,68,125.0,120.36211
LSTM,80,69,125.0,116.76702
LSTM,80,70,125.0,112.06116
LSTM,80,71,125.0,110.263336
LSTM,80,72,125.0,107.719185
LSTM,80,73,125.0,110.9464
LSTM,80,74,125.0,112.94399
LSTM,80,75,125.0,116.817955
LSTM,80,76,125.0,114.41883
LSTM,80,77,125.0,108.9743
LSTM,80,78,125.0,110.27217
LSTM,80,79,125.0,111.08177
LSTM,80,80,125.0,112.20292
LSTM,80,81,125.0,110.780876
LSTM,80,82,125.0,112.18422
LSTM,80,83,125.0,112.26204
LSTM,80,84,125.0,109.82335
LSTM,80,85,125.0,114.55019
LSTM,80,86,125.0,107.45716
LSTM,80,87,125.0,109.12693
LSTM,80,88,125.0,108.328285
LSTM,80,89,125.0,114.466286
LSTM,80,90,125.0,110.02375
LSTM,80,91,125.0,109.644104
LSTM,80,92,125.0,110.21015
LSTM,80,93,125.0,113.945076
LSTM,80,94,125.0,113.91512
LSTM,80,95,125.0,113.658844
LSTM,80,96,125.0,111.5192
LSTM,80,97,125.0,105.90765
LSTM,80,98,125.0,107.99212
LSTM,80,99,124.0,99.10477
LSTM,80,100,123.0,92.82785
LSTM,80,101,122.0,86.482086
LSTM,80,102,121.0,89.45343
LSTM,80,103,120.0,92.29095
LSTM,80,104,119.0,97.9028
LSTM,80,105,118.0,86.98628
LSTM,80,106,117.0,79.16179
LSTM,80,107,116.0,74.51043
LSTM,80,108,115.0,72.99219
LSTM,80,109,114.0,80.73232
LSTM,80,110,113.0,76.88347
LSTM,80,111,112.0,76.192696
LSTM,80,112,111.0,83.51394
LSTM,80,113,110.0,90.26375
LSTM,80,114,109.0,91.46362
LSTM,80,115,108.0,99.220924
LSTM,80,116,107.0,96.10495
LSTM,80,117,106.0,93.51037
LSTM,80,118,105.0,98.447655
LSTM,80,119,104.0,100.5118
LSTM,80,120,103.0,96.87478
LSTM,80,121,102.0,95.75984
LSTM,80,122,101.0,96.01239
LSTM,80,123,100.0,101.48305
LSTM,80,124,99.0,104.56889
LSTM,80,125,98.0,97.34423
LSTM,80,126,97.0,98.53425
LSTM,80,127,96.0,95.760216
LSTM,80,128,95.0,105.186646
LSTM,80,129,94.0,102.42396
LSTM,80,130,93.0,104.96274
LSTM,80,131,92.0,107.93535
LSTM,80,132,91.0,105.884315
LSTM,80,133,90.0,102.319244
LSTM,81,30,125.0,119.22771
LSTM,81,31,125.0,118.945496
LSTM,81,32,125.0,120.41581
LSTM,81,33,125.0,121.31147
LSTM,81,34,125.0,116.959175
LSTM,81,35,125.0,112.06799
LSTM,81,36,125.0,109.516205
LSTM,81,37,125.0,110.08052
LSTM,81,38,125.0,112.65837
LSTM,81,39,125.0,114.96027
LSTM,81,40,125.0,103.15013
LSTM,81,41,125.0,103.76028
LSTM,81,42,125.0,101.183495
LSTM,81,43,125.0,99.02933
LSTM,81,44,125.0,102.353065
LSTM,81,45,125.0,98.31222
LSTM,81,46,125.0,93.59115
LSTM,81,47,125.0,95.207855
LSTM,81,48,125.0,96.11179
LSTM,81,49,125.0,90.92161
LSTM,81,50,125.0,97.316956
LSTM,81,51,125.0,104.30356
LSTM,81,52,125.0,100.37873
LSTM,81,53,125.0,105.45119
LSTM,81,54,125.0,102.75001
LSTM,81,55,125.0,100.61069
LSTM,81,56,125.0,107.802925
LSTM,81,57,125.0,109.562744
LSTM,81,58,125.0,111.94669
LSTM,81,59,125.0,113.317635
LSTM,81,60,125.0,113.318924
LSTM,81,61,125.0,114.561
LSTM,81,62,125.0,114.137535
LSTM,81,63,125.0,117.9336
LSTM,81,64,125.0,115.767334
LSTM,81,65,125.0,115.68806
LSTM,81,66,125.0,113.83441
LSTM,81,67,125.0,115.98063
LSTM,81,68,125.0,117.44352
LSTM,81,69,125.0,121.47009
LSTM,81,70,125.0,116.89922
LSTM,81,71,125.0,115.24765
LSTM,81,72,125.0,115.219696
LSTM,81,73,125.0,112.30531
LSTM,81,74,125.0,112.63454
LSTM,81,75,125.0,114.93099
LSTM,81,76,125.0,111.9721
LSTM,81,77,125.0,108.46247
LSTM,81,78,125.0,106.68929
LSTM,81,79,125.0,106.12121
LSTM,81,80,125.0,110.53071
LSTM,81,81,125.0,112.27083
LSTM,81,82,125.0,109.36956
LSTM,81,83,125.0,114.932045
LSTM,81,84,125.0,108.998375
LSTM,81,85,125.0,103.74524
LSTM,81,86,125.0,105.38477
LSTM,81,87,125.0,112.66561
LSTM,81,88,125.0,115.46552
LSTM,81,89,125.0,111.94823
LSTM,81,90,125.0,111.23154
LSTM,81,91,125.0,111.47139
LSTM,81,92,125.0,111.44746
LSTM,81,93,125.0,112.961205
LSTM,81,94,125.0,111.70343
LSTM,81,95,125.0,112.59217
LSTM,81,96,125.0,114.40085
LSTM,81,97,124.0,112.30978
LSTM,81,98,123.0,110.47463
LSTM,81,99,122.0,114.040924
LSTM,81,100,121.0,113.28517
LSTM,81,101,120.0,109.21468
LSTM,81,102,119.0,107.74939
LSTM,81,103,118.0,105.00164
LSTM,81,104,117.0,96.275246
LSTM,81,105,116.0,95.866104
LSTM,81,106,115.0,95.596535
LSTM,81,107,114.0,93.91313
LSTM,81,108,113.0,91.6113
LSTM,81,109,112.0,90.96487
LSTM,81,110,111.0,82.18513
LSTM,81,111,110.0,75.05245
LSTM,81,112,109.0,76.616714
LSTM,81,113,108.0,82.242035
LSTM,81,114,107.0,79.64683
LSTM,81,115,106.0,79.591034
LSTM,81,116,105.0,76.52281
LSTM,81,117,104.0,82.69249
LSTM,81,118,103.0,83.50082
LSTM,81,119,102.0,69.99788
LSTM,81,120,101.0,73.73054
LSTM,81,121,100.0,79.40815
LSTM,81,122,99.0,86.68162
LSTM,81,123,98.0,82.168945
LSTM,81,124,97.0,82.23023
LSTM,81,125,96.0,76.283585
LSTM,81,126,95.0,73.39292
LSTM,81,127,94.0,76.40713
LSTM,81,128,93.0,81.46539
LSTM,81,129,92.0,90.0767
LSTM,81,130,91.0,94.85592
LSTM,81,131,90.0,94.23718
LSTM,81,132,89.0,93.26095
LSTM,81,133,88.0,87.98535
LSTM,81,134,87.0,80.7938
LSTM,81,135,86.0,80.58233
LSTM,81,136,85.0,86.69343
LSTM,81,137,84.0,89.5027
LSTM,81,138,83.0,90.51969
LSTM,81,139,82.0,84.87255
LSTM,81,140,81.0,78.127426
LSTM,81,141,80.0,71.77682
LSTM,81,142,79.0,79.10397
LSTM,81,143,78.0,87.40504
LSTM,81,144,77.0,87.57698
LSTM,81,145,76.0,84.71691
LSTM,81,146,75.0,90.093315
LSTM,81,147,74.0,86.074005
LSTM,81,148,73.0,81.79628
LSTM,81,149,72.0,69.697945
LSTM,81,150,71.0,69.3083
LSTM,81,151,70.0,69.90085
LSTM,81,152,69.0,73.18345
LSTM,81,153,68.0,58.229984
LSTM,81,154,67.0,53.92946
LSTM,81,155,66.0,54.391537
LSTM,81,156,65.0,49.081078
LSTM,81,157,64.0,50.17858
LSTM,81,158,63.0,55.108517
LSTM,81,159,62.0,54.269073
LSTM,81,160,61.0,61.49326
LSTM,81,161,60.0,62.880333
LSTM,81,162,59.0,64.5041
LSTM,81,163,58.0,59.969185
LSTM,81,164,57.0,58.863754
LSTM,81,165,56.0,57.511135
LSTM,81,166,55.0,57.132843
LSTM,81,167,54.0,56.33653
LSTM,81,168,53.0,51.6292
LSTM,81,169,52.0,46.472008
LSTM,81,170,51.0,38.012993
LSTM,81,171,50.0,34.72899
LSTM,81,172,49.0,36.05464
LSTM,81,173,48.0,36.067307
LSTM,81,174,47.0,36.02193
LSTM,81,175,46.0,34.405697
LSTM,81,176,45.0,38.344128
LSTM,81,177,44.0,37.714478
LSTM,81,178,43.0,39.131947
LSTM,81,179,42.0,40.57966
LSTM,81,180,41.0,41.601055
LSTM,81,181,40.0,39.17662
LSTM,81,182,39.0,39.936245
LSTM,81,183,38.0,35.56158
LSTM,81,184,37.0,31.796965
LSTM,81,185,36.0,29.36305
LSTM,81,186,35.0,31.598522
LSTM,81,187,34.0,34.989048
LSTM,81,188,33.0,35.686646
LSTM,81,189,32.0,36.779068
LSTM,81,190,31.0,36.112736
LSTM,81,191,30.0,36.590416
LSTM,81,192,29.0,36.101257
LSTM,81,193,28.0,34.499916
LSTM,81,194,27.0,31.703646
LSTM,81,195,26.0,29.108112
LSTM,81,196,25.0,27.155664
LSTM,81,197,24.0,24.235928
LSTM,81,198,23.0,22.035645
LSTM,81,199,22.0,20.823507
LSTM,81,200,21.0,19.638865
LSTM,81,201,20.0,18.757648
LSTM,81,202,19.0,17.505594
LSTM,81,203,18.0,16.759317
LSTM,81,204,17.0,16.6195
LSTM,81,205,16.0,15.869847
LSTM,81,206,15.0,15.113253
LSTM,81,207,14.0,14.843132
LSTM,81,208,13.0,14.40872
LSTM,81,209,12.0,13.559903
LSTM,81,210,11.0,12.8153925
LSTM,81,211,10.0,11.592013
LSTM,81,212,9.0,9.961131
LSTM,81,213,8.0,8.685842
LSTM,82,30,125.0,109.52084
LSTM,82,31,125.0,112.1791
LSTM,82,32,125.0,112.77184
LSTM,82,33,125.0,116.59472
LSTM,82,34,125.0,114.58934
LSTM,82,35,125.0,111.92062
LSTM,82,36,125.0,106.555305
LSTM,82,37,125.0,108.73286
LSTM,82,38,125.0,101.27505
LSTM,82,39,125.0,103.61712
LSTM,82,40,125.0,102.58887
LSTM,82,41,125.0,104.487434
LSTM,82,42,125.0,103.3421
LSTM,82,43,125.0,105.33015
LSTM,82,44,125.0,101.33784
LSTM,82,45,125.0,106.01578
LSTM,82,46,125.0,106.562225
LSTM,82,47,124.0,106.68096
LSTM,82,48,123.0,110.2113
LSTM,82,49,122.0,111.90845
LSTM,82,50,121.0,107.80203
LSTM,82,51,120.0,104.89884
LSTM,82,52,119.0,103.744705
LSTM,82,53,118.0,103.89673
LSTM,82,54,117.0,101.39389
LSTM,82,55,116.0,105.127045
LSTM,82,56,115.0,105.79973
LSTM,82,57,114.0,108.08827
LSTM,82,58,113.0,103.78276
LSTM,82,59,112.0,101.07476
LSTM,82,60,111.0,106.768524
LSTM,82,61,110.0,107.80589
LSTM,82,62,109.0,108.27932
LSTM,82,63,108.0,114.54326
LSTM,82,64,107.0,118.3999
LSTM,82,65,106.0,119.045586
LSTM,82,66,105.0,119.29698
LSTM,82,67,104.0,119.59435
LSTM,82,68,103.0,118.12601
LSTM,82,69,102.0,117.50555
LSTM,82,70,101.0,117.179886
LSTM,82,71,100.0,118.48154
LSTM,82,72,99.0,119.63754
LSTM,82,73,98.0,118.88878
LSTM,82,74,97.0,120.34259
LSTM,82,75,96.0,120.72164
LSTM,82,76,95.0,120.158676
LSTM,82,77,94.0,119.196465
LSTM,82,78,93.0,118.727936
LSTM,82,79,92.0,118.172585
LSTM,82,80,91.0,117.12018
LSTM,82,81,90.0,104.28198
LSTM,82,82,89.0,94.7569
LSTM,82,83,88.0,93.81028
LSTM,82,84,87.0,90.44222
LSTM,82,85,86.0,92.0113
LSTM,82,86,85.0,87.97942
LSTM,82,87,84.0,86.923195
LSTM,82,88,83.0,87.20344
LSTM,82,89,82.0,82.1824
LSTM,82,90,81.0,88.31307
LSTM,82,91,80.0,81.89356
LSTM,82,92,79.0,83.12721
LSTM,82,93,78.0,85.191025
LSTM,82,94,77.0,94.21905
LSTM,82,95,76.0,97.71557
LSTM,82,96,75.0,96.49469
LSTM,82,97,74.0,96.393425
LSTM,82,98,73.0,92.071915
LSTM,82,99,72.0,85.27342
LSTM,82,100,71.0,79.392586
LSTM,82,101,70.0,77.48693
LSTM,82,102,69.0,78.09579
LSTM,82,103,68.0,74.495026
LSTM,82,104,67.0,73.12601
LSTM,82,105,66.0,67.04538
LSTM,82,106,65.0,74.55726
LSTM,82,107,64.0,83.352516
LSTM,82,108,63.0,69.992775
LSTM,82,109,62.0,73.69841
LSTM,82,110,61.0,67.08363
LSTM,82,111,60.0,55.387337
LSTM,82,112,59.0,54.90702
LSTM,82,113,58.0,56.554955
LSTM,82,114,57.0,54.44414
LSTM,82,115,56.0,50.60988
LSTM,82,116,55.0,57.028378
LSTM,82,117,54.0,59.340298
LSTM,82,118,53.0,60.842033
LSTM,82,119,52.0,61.16269
LSTM,82,120,51.0,72.290436
LSTM,82,121,50.0,77.67615
LSTM,82,122,49.0,80.57044
LSTM,82,123,48.0,75.1741
LSTM,82,124,47.0,87.70624
LSTM,82,125,46.0,84.67037
LSTM,82,126,45.0,89.65613
LSTM,82,127,44.0,88.04484
LSTM,82,128,43.0,85.945946
LSTM,82,129,42.0,82.9788
LSTM,82,130,41.0,75.403854
LSTM,82,131,40.0,72.492165
LSTM,82,132,39.0,68.82627
LSTM,82,133,38.0,64.38149
LSTM,82,134,37.0,63.70322
LSTM,82,135,36.0,66.14405
LSTM,82,136,35.0,64.96083
LSTM,82,137,34.0,59.187252
LSTM,82,138,33.0,46.04002
LSTM,82,139,32.0,43.263435
LSTM,82,140,31.0,39.917377
LSTM,82,141,30.0,35.140747
LSTM,82,142,29.0,35.15773
LSTM,82,143,28.0,32.27039
LSTM,82,144,27.0,32.029064
LSTM,82,145,26.0,31.510344
LSTM,82,146,25.0,31.295689
LSTM,82,147,24.0,32.0365
LSTM,82,148,23.0,28.454147
LSTM,82,149,22.0,28.140787
LSTM,82,150,21.0,25.727299
LSTM,82,151,20.0,25.073547
LSTM,82,152,19.0,23.553843
LSTM,82,153,18.0,22.66762
LSTM,82,154,17.0,22.63521
LSTM,82,155,16.0,22.24429
LSTM,82,156,15.0,20.6424
LSTM,82,157,14.0,19.19596
LSTM,82,158,13.0,17.59084
LSTM,82,159,12.0,15.404136
LSTM,82,160,11.0,12.677848
LSTM,82,161,10.0,11.554257
LSTM,82,162,9.0,9.026827
LSTM,83,30,125.0,120.299576
LSTM,83,31,125.0,117.58483
LSTM,83,32,125.0,115.670044
LSTM,83,33,125.0,115.0609
LSTM,83,34,125.0,116.3431
LSTM,83,35,125.0,119.12937
LSTM,83,36,125.0,116.30172
LSTM,83,37,125.0,115.46481
LSTM,83,38,125.0,114.855225
LSTM,83,39,125.0,114.3173
LSTM,83,40,125.0,117.59989
LSTM,83,41,125.0,117.0982
LSTM,83,42,125.0,116.41774
LSTM,83,43,125.0,116.62561
LSTM,83,44,125.0,115.33157
LSTM,83,45,125.0,113.01136
LSTM,83,46,125.0,106.87498
LSTM,83,47,125.0,112.41652
LSTM,83,48,125.0,110.32541
LSTM,83,49,125.0,113.09894
LSTM,83,50,125.0,102.028114
LSTM,83,51,125.0,102.27892
LSTM,83,52,125.0,104.37727
LSTM,83,53,125.0,98.43359
LSTM,83,54,125.0,96.720695
LSTM,83,55,125.0,102.92877
LSTM,83,56,125.0,99.70375
LSTM,83,57,125.0,104.91906
LSTM,83,58,125.0,109.93324
LSTM,83,59,125.0,108.64561
LSTM,83,60,125.0,112.68947
LSTM,83,61,125.0,108.15248
LSTM,83,62,125.0,110.470726
LSTM,83,63,125.0,111.00686
LSTM,83,64,125.0,112.45298
LSTM,83,65,125.0,115.360664
LSTM,83,66,125.0,114.59846
LSTM,83,67,125.0,113.70343
LSTM,83,68,125.0,114.03862
LSTM,83,69,125.0,116.19929
LSTM,83,70,125.0,120.22382
LSTM,83,71,125.0,120.68251
LSTM,83,72,125.0,122.57199
LSTM,83,73,125.0,123.32361
LSTM,84,30,125.0,116.84077
LSTM,84,31,125.0,114.22865
LSTM,84,32,125.0,113.24889
LSTM,84,33,125.0,110.512794
LSTM,84,34,125.0,117.81729
LSTM,84,35,125.0,118.19768
LSTM,84,36,125.0,119.78201
LSTM,84,37,125.0,119.00121
LSTM,84,38,125.0,119.48352
LSTM,84,39,125.0,115.448524
LSTM,84,40,125.0,111.12157
LSTM,84,41,125.0,111.308266
LSTM,84,42,125.0,116.75071
LSTM,84,43,125.0,117.80946
LSTM,84,44,125.0,112.39647
LSTM,84,45,125.0,110.12767
LSTM,84,46,125.0,102.07221
LSTM,84,47,125.0,106.785835
LSTM,84,48,125.0,110.813805
LSTM,84,49,125.0,116.321075
LSTM,84,50,125.0,113.91816
LSTM,84,51,125.0,110.215996
LSTM,84,52,125.0,108.24891
LSTM,84,53,125.0,114.45121
LSTM,84,54,125.0,115.27346
LSTM,84,55,125.0,117.71357
LSTM,84,56,125.0,116.90279
LSTM,84,57,125.0,114.82108
LSTM,84,58,125.0,115.406906
LSTM,84,59,125.0,111.64623
LSTM,84,60,125.0,110.84295
LSTM,84,61,125.0,101.56911
LSTM,84,62,125.0,104.739716
LSTM,84,63,125.0,101.73378
LSTM,84,64,125.0,110.05774
LSTM,84,65,125.0,109.561966
LSTM,84,66,125.0,110.11733
LSTM,84,67,125.0,110.670555
LSTM,84,68,125.0,110.09011
LSTM,84,69,125.0,110.20151
LSTM,84,70,125.0,108.23034
LSTM,84,71,125.0,111.532196
LSTM,84,72,125.0,115.71942
LSTM,84,73,125.0,117.84197
LSTM,84,74,125.0,120.99258
LSTM,84,75,125.0,122.16404
LSTM,84,76,125.0,119.96993
LSTM,84,77,125.0,122.91522
LSTM,84,78,125.0,123.66327
LSTM,84,79,125.0,123.71031
LSTM,84,80,125.0,122.36287
LSTM,84,81,125.0,118.688866
LSTM,84,82,125.0,118.914604
LSTM,84,83,125.0,120.73854
LSTM,84,84,125.0,120.64834
LSTM,84,85,125.0,121.70379
LSTM,84,86,125.0,120.37115
LSTM,84,87,125.0,118.87837
LSTM,84,88,125.0,121.99491
LSTM,84,89,125.0,117.53538
LSTM,84,90,125.0,115.43077
LSTM,84,91,125.0,113.76991
LSTM,84,92,125.0,114.993835
LSTM,84,93,125.0,115.87288
LSTM,84,94,125.0,116.722855
LSTM,84,95,125.0,116.59782
LSTM,84,96,125.0,111.045456
LSTM,84,97,125.0,113.53119
LSTM,84,98,125.0,105.13937
LSTM,84,99,125.0,106.25847
LSTM,84,100,125.0,98.093575
LSTM,84,101,125.0,93.34698
LSTM,84,102,125.0,93.813576
LSTM,84,103,125.0,89.43373
LSTM,84,104,125.0,103.17141
LSTM,84,105,125.0,107.06056
LSTM,84,106,124.0,106.29396
LSTM,84,107,123.0,107.93138
LSTM,84,108,122.0,106.85939
LSTM,84,109,121.0,89.73358
LSTM,84,110,120.0,92.81495
LSTM,84,111,119.0,90.07479
LSTM,84,112,118.0,93.91346
LSTM,84,113,117.0,93.38094
LSTM,84,114,116.0,95.78537
LSTM,84,115,115.0,98.526596
LSTM,84,116,114.0,98.05071
LSTM,84,117,113.0,106.85145
LSTM,84,118,112.0,115.69013
LSTM,84,119,111.0,115.805504
LSTM,84,120,110.0,112.00262
LSTM,84,121,109.0,115.5369
LSTM,84,122,108.0,114.93945
LSTM,84,123,107.0,116.984436
LSTM,84,124,106.0,115.64027
LSTM,84,125,105.0,116.8166
LSTM,84,126,104.0,112.647934
LSTM,84,127,103.0,116.36993
LSTM,84,128,102.0,115.79058
LSTM,84,129,101.0,113.85143
LSTM,84,130,100.0,107.29869
LSTM,84,131,99.0,107.49333
LSTM,84,132,98.0,107.52704
LSTM,84,133,97.0,104.779305
LSTM,84,134,96.0,108.78858
LSTM,84,135,95.0,109.62302
LSTM,84,136,94.0,109.95339
LSTM,84,137,93.0,103.207275
LSTM,84,138,92.0,99.87972
LSTM,84,139,91.0,86.28837
LSTM,84,140,90.0,82.478165
LSTM,84,141,89.0,81.78989
LSTM,84,142,88.0,84.07578
LSTM,84,143,87.0,75.7854
LSTM,84,144,86.0,73.060104
LSTM,84,145,85.0,71.41347
LSTM,84,146,84.0,81.636475
LSTM,84,147,83.0,86.91047
LSTM,84,148,82.0,79.92071
LSTM,84,149,81.0,64.909966
LSTM,84,150,80.0,61.200027
LSTM,84,151,79.0,66.217865
LSTM,84,152,78.0,66.48404
LSTM,84,153,77.0,67.46644
LSTM,84,154,76.0,67.288155
LSTM,84,155,75.0,67.90143
LSTM,84,156,74.0,75.106995
LSTM,84,157,73.0,83.64589
LSTM,84,158,72.0,86.79109
LSTM,84,159,71.0,84.90111
LSTM,84,160,70.0,85.11409
LSTM,84,161,69.0,88.35379
LSTM,84,162,68.0,82.499985
LSTM,84,163,67.0,75.21364
LSTM,84,164,66.0,78.897896
LSTM,84,165,65.0,82.99392
LSTM,84,166,64.0,82.98432
LSTM,84,167,63.0,81.73472
LSTM,84,168,62.0,83.48803
LSTM,84,169,61.0,82.34151
LSTM,84,170,60.0,88.88096
LSTM,84,171,59.0,89.94126
LSTM,84,172,58.0,85.610115
LSTM,85,30,122.0,121.21088
LSTM,85,31,121.0,123.257
LSTM,85,32,120.0,123.472946
LSTM,85,33,119.0,124.210594
LSTM,85,34,118.0,124.61824
LSTM,86,30,125.0,121.08968
LSTM,86,31,125.0,122.1244
LSTM,86,32,125.0,123.20827
LSTM,86,33,125.0,123.1915
LSTM,86,34,125.0,124.826775
LSTM,86,35,125.0,124.04882
LSTM,86,36,125.0,120.44287
LSTM,86,37,125.0,117.94678
LSTM,86,38,125.0,118.13715
LSTM,86,39,125.0,117.77787
LSTM,86,40,125.0,120.99394
LSTM,86,41,125.0,121.98112
LSTM,86,42,125.0,120.8856
LSTM,86,43,125.0,118.86144
LSTM,86,44,125.0,118.834816
LSTM,86,45,125.0,118.97366
LSTM,86,46,125.0,119.75181
LSTM,86,47,125.0,121.92468
LSTM,86,48,125.0,117.77531
LSTM,86,49,125.0,117.50096
LSTM,86,50,125.0,114.16296
LSTM,86,51,125.0,111.50632
LSTM,86,52,125.0,112.135635
LSTM,86,53,125.0,108.48203
LSTM,86,54,125.0,110.13509
LSTM,86,55,125.0,108.750595
LSTM,86,56,125.0,108.583954
LSTM,86,57,125.0,106.15719
LSTM,86,58,125.0,99.05762
LSTM,86,59,125.0,93.63039
LSTM,86,60,125.0,99.013245
LSTM,86,61,125.0,97.35503
LSTM,86,62,125.0,107.29982
LSTM,86,63,125.0,113.26934
LSTM,86,64,125.0,114.142555
LSTM,86,65,125.0,111.6362
LSTM,86,66,125.0,108.90831
LSTM,86,67,125.0,110.58948
LSTM,86,68,125.0,115.79812
LSTM,86,69,125.0,112.49118
LSTM,86,70,125.0,117.01221
LSTM,86,71,125.0,118.850235
LSTM,86,72,125.0,114.438965
LSTM,86,73,125.0,109.84372
LSTM,86,74,125.0,111.653625
LSTM,86,75,124.0,110.962036
LSTM,86,76,123.0,113.45944
LSTM,86,77,122.0,115.64113
LSTM,86,78,121.0,116.436676
LSTM,86,79,120.0,115.03054
LSTM,86,80,119.0,112.551605
LSTM,86,81,118.0,112.55914
LSTM,86,82,117.0,113.61383
LSTM,86,83,116.0,112.92415
LSTM,86,84,115.0,115.024734
LSTM,86,85,114.0,116.65623
LSTM,86,86,113.0,113.11561
LSTM,86,87,112.0,111.36313
LSTM,86,88,111.0,96.01725
LSTM,86,89,110.0,89.42875
LSTM,86,90,109.0,93.533615
LSTM,86,91,108.0,95.72704
LSTM,86,92,107.0,88.31817
LSTM,86,93,106.0,96.208244
LSTM,86,94,105.0,95.07351
LSTM,86,95,104.0,97.57925
LSTM,86,96,103.0,97.862976
LSTM,86,97,102.0,104.109856
LSTM,86,98,101.0,118.18893
LSTM,86,99,100.0,115.10429
LSTM,86,100,99.0,120.066475
LSTM,86,101,98.0,122.17236
LSTM,86,102,97.0,120.88432
LSTM,86,103,96.0,120.28054
LSTM,86,104,95.0,119.550125
LSTM,86,105,94.0,117.628624
LSTM,86,106,93.0,118.557884
LSTM,86,107,92.0,118.754524
LSTM,86,108,91.0,120.27538
LSTM,86,109,90.0,119.41759
LSTM,86,110,89.0,116.536766
LSTM,87,30,125.0,116.702065
LSTM,87,31,125.0,115.670815
LSTM,87,32,125.0,116.229774
LSTM,87,33,125.0,115.419
LSTM,87,34,125.0,114.21482
LSTM,87,35,125.0,115.80442
LSTM,87,36,125.0,116.872
LSTM,87,37,125.0,117.508415
LSTM,87,38,125.0,118.92045
LSTM,87,39,125.0,119.99582
LSTM,87,40,125.0,120.39419
LSTM,87,41,125.0,118.94043
LSTM,87,42,125.0,118.861305
LSTM,87,43,125.0,119.085976
LSTM,87,44,125.0,117.90688
LSTM,87,45,125.0,118.08673
LSTM,87,46,125.0,118.40093
LSTM,87,47,125.0,113.09395
LSTM,87,48,124.0,107.18234
LSTM,87,49,123.0,110.10451
LSTM,87,50,122.0,110.26303
LSTM,87,51,121.0,111.4213
LSTM,87,52,120.0,115.45147
LSTM,87,53,119.0,114.64994
LSTM,87,54,118.0,112.61584
LSTM,87,55,117.0,116.09043
LSTM,87,56,116.0,115.74081
LSTM,88,30,125.0,120.901566
LSTM,88,31,125.0,121.7351
LSTM,88,32,125.0,120.75484
LSTM,88,33,125.0,114.820305
LSTM,88,34,125.0,113.994156
LSTM,88,35,125.0,111.95067
LSTM,88,36,125.0,106.85916
LSTM,88,37,125.0,108.796165
LSTM,88,38,125.0,105.18912
LSTM,88,39,125.0,92.01544
LSTM,88,40,125.0,83.674805
LSTM,88,41,125.0,79.23817
LSTM,88,42,125.0,84.18413
LSTM,88,43,125.0,92.1513
LSTM,88,44,125.0,97.83076
LSTM,88,45,125.0,100.410545
LSTM,88,46,125.0,100.842575
LSTM,88,47,125.0,95.11388
LSTM,88,48,125.0,94.28591
LSTM,88,49,125.0,101.626724
LSTM,88,50,125.0,101.046295
LSTM,88,51,125.0,101.833534
LSTM,88,52,125.0,110.90157
LSTM,88,53,125.0,110.89292
LSTM,88,54,125.0,110.01453
LSTM,88,55,125.0,112.435
LSTM,88,56,125.0,112.90557
LSTM,88,57,125.0,117.36699
LSTM,88,58,125.0,114.82695
LSTM,88,59,124.0,109.2431
LSTM,88,60,123.0,111.29292
LSTM,88,61,122.0,111.73306
LSTM,88,62,121.0,113.88137
LSTM,88,63,120.0,114.52613
LSTM,88,64,119.0,113.59993
LSTM,88,65,118.0,115.100075
LSTM,88,66,117.0,116.3453
LSTM,88,67,116.0,115.42064
LSTM,88,68,115.0,116.551865
LSTM,89,30,125.0,122.09223
LSTM,89,31,125.0,119.412125
LSTM,89,32,125.0,117.61634
LSTM,89,33,125.0,116.169716
LSTM,89,34,125.0,117.68028
LSTM,89,35,125.0,117.01382
LSTM,89,36,125.0,114.18119
LSTM,89,37,125.0,110.595345
LSTM,89,38,125.0,110.67037
LSTM,89,39,125.0,111.617836
LSTM,89,40,125.0,116.86872
LSTM,89,41,125.0,115.03104
LSTM,89,42,125.0,113.98452
LSTM,89,43,125.0,115.28883
LSTM,89,44,125.0,119.42938
LSTM,89,45,125.0,120.72447
LSTM,89,46,125.0,119.45555
LSTM,89,47,125.0,113.53378
LSTM,89,48,125.0,112.11931
LSTM,89,49,125.0,112.984886
LSTM,89,50,125.0,116.0286
LSTM,89,51,125.0,119.292786
LSTM,89,52,125.0,120.57872
LSTM,89,53,125.0,117.696434
LSTM,89,54,125.0,115.254135
LSTM,89,55,125.0,113.99314
LSTM,89,56,125.0,114.31006
LSTM,89,57,125.0,115.595024
LSTM,89,58,125.0,116.607086
LSTM,89,59,125.0,120.17803
LSTM,89,60,125.0,117.19588
LSTM,89,61,125.0,113.9573
LSTM,89,62,125.0,113.16202
LSTM,89,63,125.0,111.73061
LSTM,89,64,125.0,110.02955
LSTM,89,65,125.0,103.46965
LSTM,89,66,125.0,93.95191
LSTM,89,67,125.0,92.290016
LSTM,89,68,125.0,94.70643
LSTM,89,69,125.0,94.853676
LSTM,89,70,125.0,92.97515
LSTM,89,71,125.0,94.81871
LSTM,89,72,125.0,96.53641
LSTM,89,73,125.0,103.65995
LSTM,89,74,125.0,110.26016
LSTM,89,75,125.0,113.67196
LSTM,89,76,125.0,113.90706
LSTM,89,77,125.0,114.64424
LSTM,89,78,125.0,118.056984
LSTM,89,79,125.0,119.215706
LSTM,89,80,125.0,118.25935
LSTM,89,81,125.0,119.84843
LSTM,89,82,125.0,121.15752
LSTM,89,83,125.0,118.60297
LSTM,89,84,125.0,116.793175
LSTM,89,85,125.0,118.7384
LSTM,89,86,125.0,118.559166
LSTM,89,87,125.0,118.35833
LSTM,89,88,125.0,117.97496
LSTM,89,89,125.0,117.56906
LSTM,89,90,125.0,119.23697
LSTM,89,91,125.0,120.247055
LSTM,89,92,125.0,121.00169
LSTM,89,93,125.0,121.606346
LSTM,89,94,125.0,120.6875
LSTM,89,95,125.0,117.33574
LSTM,89,96,125.0,112.96377
LSTM,89,97,125.0,114.317276
LSTM,89,98,125.0,117.13092
LSTM,89,99,125.0,111.966896
LSTM,89,100,125.0,107.65239
LSTM,89,101,125.0,111.5491
LSTM,89,102,125.0,110.96201
LSTM,89,103,125.0,113.70713
LSTM,89,104,125.0,114.79047
LSTM,89,105,125.0,119.69593
LSTM,89,106,125.0,116.525375
LSTM,89,107,125.0,119.35827
LSTM,89,108,125.0,119.44503
LSTM,89,109,125.0,119.125755
LSTM,89,110,125.0,115.32838
LSTM,89,111,125.0,116.03116
LSTM,89,112,125.0,116.11822
LSTM,89,113,125.0,114.98941
LSTM,89,114,125.0,117.14311
LSTM,89,115,125.0,117.312775
LSTM,89,116,125.0,112.10593
LSTM,89,117,125.0,115.52908
LSTM,89,118,125.0,114.78291
LSTM,89,119,125.0,109.52412
LSTM,89,120,125.0,109.88926
LSTM,89,121,125.0,114.0101
LSTM,89,122,125.0,115.08765
LSTM,89,123,125.0,117.65339
LSTM,89,124,125.0,117.314354
LSTM,89,125,125.0,112.26358
LSTM,89,126,125.0,109.88304
LSTM,89,127,125.0,110.98965
LSTM,89,128,125.0,115.10952
LSTM,89,129,125.0,114.18461
LSTM,89,130,125.0,114.47594
LSTM,89,131,125.0,117.52108
LSTM,89,132,125.0,112.98614
LSTM,89,133,125.0,111.60419
LSTM,89,134,125.0,111.11966
LSTM,89,135,125.0,115.71728
LSTM,89,136,125.0,116.140396
LSTM,89,137,125.0,118.66935
LSTM,89,138,125.0,117.58696
LSTM,89,139,125.0,118.39391
LSTM,89,140,125.0,117.73235
LSTM,89,141,125.0,116.87886
LSTM,89,142,125.0,117.980705
LSTM,89,143,125.0,117.06429
LSTM,89,144,125.0,117.3346
LSTM,89,145,125.0,114.399734
LSTM,89,146,125.0,113.29343
LSTM,89,147,125.0,117.23393
LSTM,89,148,125.0,117.13258
LSTM,89,149,125.0,117.60385
LSTM,89,150,125.0,113.52625
LSTM,89,151,125.0,112.14167
LSTM,89,152,125.0,110.922874
LSTM,89,153,125.0,111.53612
LSTM,89,154,125.0,112.460304
LSTM,89,155,125.0,109.83636
LSTM,89,156,125.0,113.6838
LSTM,89,157,125.0,115.40076
LSTM,89,158,125.0,114.98715
LSTM,89,159,125.0,116.409035
LSTM,89,160,125.0,116.630135
LSTM,89,161,125.0,118.49982
LSTM,89,162,125.0,116.91981
LSTM,89,163,125.0,115.32711
LSTM,89,164,125.0,116.35194
LSTM,89,165,125.0,114.06836
LSTM,89,166,125.0,115.26011
LSTM,89,167,125.0,115.40936
LSTM,89,168,125.0,116.46585
LSTM,89,169,125.0,111.12954
LSTM,89,170,125.0,114.77359
LSTM,89,171,125.0,113.14309
LSTM,89,172,125.0,115.85578
LSTM,89,173,125.0,114.37583
LSTM,89,174,125.0,112.50587
LSTM,89,175,125.0,110.97198
LSTM,89,176,125.0,111.67745
LSTM,89,177,125.0,110.99854
LSTM,90,30,125.0,121.14063
LSTM,90,31,125.0,118.54686
LSTM,90,32,125.0,119.91483
LSTM,90,33,125.0,119.47395
LSTM,90,34,125.0,118.55111
LSTM,90,35,125.0,120.86508
LSTM,90,36,125.0,121.86724
LSTM,90,37,125.0,121.43226
LSTM,90,38,125.0,120.860985
LSTM,90,39,125.0,121.15013
LSTM,90,40,125.0,121.56633
LSTM,90,41,125.0,121.586044
LSTM,90,42,125.0,121.42739
LSTM,90,43,125.0,121.89997
LSTM,90,44,125.0,120.221054
LSTM,90,45,125.0,119.25289
LSTM,90,46,125.0,119.99935
LSTM,90,47,125.0,117.315445
LSTM,90,48,125.0,116.14601
LSTM,90,49,125.0,115.25473
LSTM,90,50,124.0,114.27007
LSTM,90,51,123.0,115.75358
LSTM,90,52,122.0,114.71227
LSTM,90,53,121.0,115.43742
LSTM,90,54,120.0,113.724266
LSTM,90,55,119.0,105.69898
LSTM,90,56,118.0,103.35833
LSTM,90,57,117.0,103.66613
LSTM,90,58,116.0,106.56892
LSTM,90,59,115.0,109.10391
LSTM,90,60,114.0,113.079384
LSTM,90,61,113.0,102.83719
LSTM,90,62,112.0,101.17767
LSTM,90,63,111.0,93.281456
LSTM,90,64,110.0,90.18811
LSTM,90,65,109.0,90.05035
LSTM,90,66,108.0,93.52259
LSTM,90,67,107.0,97.96984
LSTM,90,68,106.0,100.181404
LSTM,90,69,105.0,102.58526
LSTM,90,70,104.0,111.0083
LSTM,90,71,103.0,107.5855
LSTM,90,72,102.0,107.899
LSTM,90,73,101.0,109.94102
LSTM,90,74,100.0,108.10666
LSTM,90,75,99.0,113.4855
LSTM,90,76,98.0,105.49167
LSTM,90,77,97.0,108.11643
LSTM,90,78,96.0,100.57462
LSTM,90,79,95.0,104.520386
LSTM,90,80,94.0,106.50288
LSTM,90,81,93.0,111.7173
LSTM,90,82,92.0,111.20485
LSTM,90,83,91.0,113.587944
LSTM,90,84,90.0,109.38536
LSTM,90,85,89.0,97.62532
LSTM,90,86,88.0,91.14808
LSTM,90,87,87.0,93.12329
LSTM,90,88,86.0,94.99292
LSTM,90,89,85.0,101.6641
LSTM,90,90,84.0,107.12696
LSTM,90,91,83.0,102.93083
LSTM,90,92,82.0,95.49598
LSTM,90,93,81.0,91.38071
LSTM,90,94,80.0,88.36102
LSTM,90,95,79.0,83.62175
LSTM,90,96,78.0,88.08579
LSTM,90,97,77.0,92.89108
LSTM,90,98,76.0,93.92087
LSTM,90,99,75.0,96.63929
LSTM,90,100,74.0,103.40823
LSTM,90,101,73.0,105.15039
LSTM,90,102,72.0,107.44839
LSTM,90,103,71.0,105.380165
LSTM,90,104,70.0,100.90196
LSTM,90,105,69.0,99.20444
LSTM,90,106,68.0,93.9559
LSTM,90,107,67.0,98.25717
LSTM,90,108,66.0,91.7616
LSTM,90,109,65.0,96.961624
LSTM,90,110,64.0,96.79845
LSTM,90,111,63.0,82.9302
LSTM,90,112,62.0,76.38399
LSTM,90,113,61.0,70.21113
LSTM,90,114,60.0,65.78858
LSTM,90,115,59.0,61.172123
LSTM,90,116,58.0,67.79681
LSTM,90,117,57.0,55.643333
LSTM,90,118,56.0,54.94844
LSTM,90,119,55.0,52.66689
LSTM,90,120,54.0,54.04593
LSTM,90,121,53.0,52.541855
LSTM,90,122,52.0,52.29335
LSTM,90,123,51.0,56.182884
LSTM,90,124,50.0,50.9791
LSTM,90,125,49.0,45.10345
LSTM,90,126,48.0,44.480225
LSTM,90,127,47.0,42.024128
LSTM,90,128,46.0,37.311462
LSTM,90,129,45.0,36.25319
LSTM,90,130,44.0,36.962784
LSTM,90,131,43.0,33.600174
LSTM,90,132,42.0,34.231205
LSTM,90,133,41.0,39.624344
LSTM,90,134,40.0,37.90381
LSTM,90,135,39.0,40.700703
LSTM,90,136,38.0,44.039448
LSTM,90,137,37.0,42.891712
LSTM,90,138,36.0,43.019897
LSTM,90,139,35.0,43.12258
LSTM,90,140,34.0,41.83027
LSTM,90,141,33.0,43.61597
LSTM,90,142,32.0,39.94873
LSTM,90,143,31.0,38.78044
LSTM,90,144,30.0,34.998672
LSTM,90,145,29.0,27.450895
LSTM,90,146,28.0,26.508997
LSTM,91,30,125.0,116.00225
LSTM,91,31,125.0,113.689156
LSTM,91,32,125.0,109.69543
LSTM,91,33,125.0,113.0257
LSTM,91,34,125.0,114.83392
LSTM,91,35,125.0,113.83743
LSTM,91,36,125.0,115.07632
LSTM,91,37,125.0,113.69794
LSTM,91,38,125.0,113.16438
LSTM,91,39,125.0,113.310616
LSTM,91,40,125.0,111.83218
LSTM,91,41,125.0,110.91556
LSTM,91,42,125.0,115.053604
LSTM,91,43,125.0,115.993095
LSTM,91,44,125.0,115.58256
LSTM,91,45,125.0,116.49543
LSTM,91,46,125.0,116.06194
LSTM,91,47,125.0,115.42699
LSTM,91,48,125.0,115.99002
LSTM,91,49,125.0,117.91634
LSTM,91,50,125.0,116.78495
LSTM,91,51,125.0,117.3077
LSTM,91,52,125.0,114.96956
LSTM,91,53,125.0,116.01296
LSTM,91,54,125.0,109.33438
LSTM,91,55,125.0,104.95646
LSTM,91,56,125.0,102.09441
LSTM,91,57,125.0,101.348946
LSTM,91,58,125.0,101.27514
LSTM,91,59,125.0,103.97233
LSTM,91,60,125.0,110.98927
LSTM,91,61,125.0,111.792984
LSTM,91,62,125.0,113.077065
LSTM,91,63,125.0,116.30219
LSTM,91,64,125.0,118.52697
LSTM,91,65,125.0,120.858986
LSTM,91,66,125.0,121.765274
LSTM,91,67,125.0,118.91686
LSTM,91,68,125.0,117.079315
LSTM,91,69,125.0,115.54547
LSTM,91,70,125.0,113.41733
LSTM,91,71,125.0,112.52523
LSTM,91,72,125.0,115.18084
LSTM,91,73,125.0,115.766495
LSTM,91,74,125.0,115.69563
LSTM,91,75,125.0,115.387764
LSTM,91,76,125.0,112.51481
LSTM,91,77,125.0,112.75704
LSTM,91,78,125.0,112.94493
LSTM,91,79,125.0,112.74996
LSTM,91,80,125.0,111.85424
LSTM,91,81,125.0,113.039856
LSTM,91,82,125.0,111.51887
LSTM,91,83,125.0,111.85691
LSTM,91,84,125.0,100.410225
LSTM,91,85,125.0,89.80464
LSTM,91,86,125.0,86.61954
LSTM,91,87,125.0,88.06968
LSTM,91,88,125.0,94.89102
LSTM,91,89,125.0,98.45795
LSTM,91,90,125.0,101.53303
LSTM,91,91,125.0,104.02637
LSTM,91,92,125.0,107.42237
LSTM,91,93,125.0,108.7458
LSTM,91,94,125.0,109.05933
LSTM,91,95,125.0,111.596275
LSTM,91,96,125.0,113.40661
LSTM,91,97,125.0,111.66172
LSTM,91,98,125.0,112.00672
LSTM,91,99,125.0,112.65032
LSTM,91,100,125.0,112.684715
LSTM,91,101,125.0,113.55004
LSTM,91,102,125.0,114.93236
LSTM,91,103,125.0,114.9143
LSTM,91,104,125.0,114.85611
LSTM,91,105,125.0,114.563675
LSTM,91,106,125.0,113.96922
LSTM,91,107,125.0,113.78527
LSTM,91,108,125.0,114.16778
LSTM,91,109,125.0,110.6159
LSTM,91,110,125.0,110.416084
LSTM,91,111,125.0,112.799286
LSTM,91,112,125.0,110.669525
LSTM,91,113,125.0,110.68879
LSTM,91,114,125.0,106.80789
LSTM,91,115,125.0,105.420654
LSTM,91,116,125.0,109.894485
LSTM,91,117,125.0,112.59803
LSTM,91,118,125.0,114.79266
LSTM,91,119,125.0,115.86992
LSTM,91,120,125.0,113.53141
LSTM,91,121,125.0,112.98846
LSTM,91,122,125.0,110.58144
LSTM,91,123,125.0,110.635445
LSTM,91,124,125.0,108.660484
LSTM,91,125,125.0,104.93704
LSTM,91,126,125.0,106.33099
LSTM,91,127,125.0,108.20507
LSTM,91,128,125.0,109.669106
LSTM,91,129,125.0,109.76741
LSTM,91,130,125.0,109.55716
LSTM,91,131,125.0,109.40546
LSTM,91,132,125.0,110.73545
LSTM,91,133,125.0,109.07661
LSTM,91,134,125.0,108.15175
LSTM,91,135,125.0,108.415054
LSTM,91,136,125.0,105.95334
LSTM,91,137,125.0,103.24277
LSTM,91,138,125.0,103.23327
LSTM,91,139,125.0,95.14724
LSTM,91,140,125.0,94.70362
LSTM,91,141,125.0,98.811516
LSTM,91,142,125.0,96.07514
LSTM,91,143,125.0,90.665634
LSTM,91,144,125.0,83.01729
LSTM,91,145,125.0,84.6019
LSTM,91,146,125.0,84.225815
LSTM,91,147,125.0,85.13837
LSTM,91,148,124.0,82.74918
LSTM,91,149,123.0,82.393845
LSTM,91,150,122.0,78.18183
LSTM,91,151,121.0,78.17561
LSTM,91,152,120.0,78.26291
LSTM,91,153,119.0,80.80483
LSTM,91,154,118.0,82.210335
LSTM,91,155,117.0,89.25259
LSTM,91,156,116.0,92.67179
LSTM,91,157,115.0,97.765656
LSTM,91,158,114.0,98.090576
LSTM,91,159,113.0,100.012115
LSTM,91,160,112.0,101.56575
LSTM,91,161,111.0,101.928
LSTM,91,162,110.0,102.85392
LSTM,91,163,109.0,101.24359
LSTM,91,164,108.0,100.5116
LSTM,91,165,107.0,99.07861
LSTM,91,166,106.0,99.73836
LSTM,91,167,105.0,97.41285
LSTM,91,168,104.0,94.371124
LSTM,91,169,103.0,88.992645
LSTM,91,170,102.0,88.753815
LSTM,91,171,101.0,87.46032
LSTM,91,172,100.0,85.251686
LSTM,91,173,99.0,85.11476
LSTM,91,174,98.0,82.03349
LSTM,91,175,97.0,80.10006
LSTM,91,176,96.0,73.6167
LSTM,91,177,95.0,67.17182
LSTM,91,178,94.0,65.78962
LSTM,91,179,93.0,61.496223
LSTM,91,180,92.0,57.27067
LSTM,91,181,91.0,53.040993
LSTM,91,182,90.0,52.75032
LSTM,91,183,89.0,51.89713
LSTM,91,184,88.0,58.63589
LSTM,91,185,87.0,63.411083
LSTM,91,186,86.0,65.415085
LSTM,91,187,85.0,65.853745
LSTM,91,188,84.0,65.20961
LSTM,91,189,83.0,67.71408
LSTM,91,190,82.0,69.16126
LSTM,91,191,81.0,70.81417
LSTM,91,192,80.0,72.2532
LSTM,91,193,79.0,68.88146
LSTM,91,194,78.0,69.828476
LSTM,91,195,77.0,68.980484
LSTM,91,196,76.0,69.09516
LSTM,91,197,75.0,66.96861
LSTM,91,198,74.0,65.53277
LSTM,91,199,73.0,64.89105
LSTM,91,200,72.0,64.62513
LSTM,91,201,71.0,64.2731
LSTM,91,202,70.0,64.592995
LSTM,91,203,69.0,65.94047
LSTM,91,204,68.0,66.17941
LSTM,91,205,67.0,65.65962
LSTM,91,206,66.0,63.748066
LSTM,91,207,65.0,61.14438
LSTM,91,208,64.0,58.461723
LSTM,91,209,63.0,56.12863
LSTM,91,210,62.0,51.995907
LSTM,91,211,61.0,48.273228
LSTM,91,212,60.0,46.569035
LSTM,91,213,59.0,45.720177
LSTM,91,214,58.0,47.808933
LSTM,91,215,57.0,48.175564
LSTM,91,216,56.0,46.44154
LSTM,91,217,55.0,45.44398
LSTM,91,218,54.0,46.071728
LSTM,91,219,53.0,46.535954
LSTM,91,220,52.0,44.9639
LSTM,91,221,51.0,43.60527
LSTM,91,222,50.0,43.38341
LSTM,91,223,49.0,42.302937
LSTM,91,224,48.0,41.279743
LSTM,91,225,47.0,41.26745
LSTM,91,226,46.0,38.175644
LSTM,91,227,45.0,36.7034
LSTM,91,228,44.0,34.77663
LSTM,91,229,43.0,33.219715
LSTM,91,230,42.0,31.864414
LSTM,91,231,41.0,29.055809
LSTM,91,232,40.0,28.081226
LSTM,91,233,39.0,27.325296
LSTM,91,234,38.0,27.021616
LSTM,92,30,125.0,120.43865
LSTM,92,31,125.0,119.03837
LSTM,92,32,125.0,120.55904
LSTM,92,33,125.0,119.79839
LSTM,92,34,125.0,115.701706
LSTM,92,35,125.0,115.732735
LSTM,92,36,125.0,114.85062
LSTM,92,37,125.0,115.27074
LSTM,92,38,125.0,114.54437
LSTM,92,39,125.0,115.714714
LSTM,92,40,125.0,117.309265
LSTM,92,41,125.0,118.75637
LSTM,92,42,125.0,119.65559
LSTM,92,43,125.0,119.77029
LSTM,92,44,125.0,116.2227
LSTM,92,45,125.0,118.92913
LSTM,92,46,124.0,119.93135
LSTM,92,47,123.0,119.51934
LSTM,92,48,122.0,117.52583
LSTM,92,49,121.0,113.74411
LSTM,92,50,120.0,111.5168
LSTM,92,51,119.0,111.57623
LSTM,92,52,118.0,109.61543
LSTM,92,53,117.0,102.66105
LSTM,92,54,116.0,101.513306
LSTM,92,55,115.0,104.66656
LSTM,92,56,114.0,107.28504
LSTM,92,57,113.0,111.08561
LSTM,92,58,112.0,111.448296
LSTM,92,59,111.0,117.04207
LSTM,92,60,110.0,115.81346
LSTM,92,61,109.0,113.47069
LSTM,92,62,108.0,112.802284
LSTM,92,63,107.0,111.73332
LSTM,92,64,106.0,109.33276
LSTM,92,65,105.0,112.2277
LSTM,92,66,104.0,114.95276
LSTM,92,67,103.0,115.59087
LSTM,92,68,102.0,113.064026
LSTM,92,69,101.0,109.22933
LSTM,92,70,100.0,108.725494
LSTM,92,71,99.0,108.74735
LSTM,92,72,98.0,113.91438
LSTM,92,73,97.0,114.153656
LSTM,92,74,96.0,111.92568
LSTM,92,75,95.0,110.01228
LSTM,92,76,94.0,109.513855
LSTM,92,77,93.0,104.14088
LSTM,92,78,92.0,97.30704
LSTM,92,79,91.0,94.658005
LSTM,92,80,90.0,97.61246
LSTM,92,81,89.0,93.71808
LSTM,92,82,88.0,94.816635
LSTM,92,83,87.0,85.75873
LSTM,92,84,86.0,91.20206
LSTM,92,85,85.0,90.92088
LSTM,92,86,84.0,84.09867
LSTM,92,87,83.0,73.42932
LSTM,92,88,82.0,72.41932
LSTM,92,89,81.0,80.96042
LSTM,92,90,80.0,82.18312
LSTM,92,91,79.0,86.93803
LSTM,92,92,78.0,85.59009
LSTM,92,93,77.0,82.926674
LSTM,92,94,76.0,86.68071
LSTM,92,95,75.0,81.66728
LSTM,92,96,74.0,78.44243
LSTM,92,97,73.0,82.34136
LSTM,92,98,72.0,80.76884
LSTM,92,99,71.0,74.40148
LSTM,92,100,70.0,75.412224
LSTM,92,101,69.0,71.47109
LSTM,92,102,68.0,81.01193
LSTM,92,103,67.0,75.94046
LSTM,92,104,66.0,71.112816
LSTM,92,105,65.0,75.438
LSTM,92,106,64.0,74.34075
LSTM,92,107,63.0,65.51392
LSTM,92,108,62.0,62.214497
LSTM,92,109,61.0,63.946392
LSTM,92,110,60.0,71.96899
LSTM,92,111,59.0,67.869064
LSTM,92,112,58.0,65.78972
LSTM,92,113,57.0,70.673965
LSTM,92,114,56.0,68.24744
LSTM,92,115,55.0,71.638626
LSTM,92,116,54.0,73.71961
LSTM,92,117,53.0,70.758514
LSTM,92,118,52.0,71.55089
LSTM,92,119,51.0,72.416336
LSTM,92,120,50.0,71.832504
LSTM,92,121,49.0,70.0802
LSTM,92,122,48.0,64.8708
LSTM,92,123,47.0,59.919853
LSTM,92,124,46.0,57.667217
LSTM,92,125,45.0,56.927853
LSTM,92,126,44.0,58.218307
LSTM,92,127,43.0,59.85622
LSTM,92,128,42.0,59.21979
LSTM,92,129,41.0,55.94358
LSTM,92,130,40.0,53.55793
LSTM,92,131,39.0,51.27719
LSTM,92,132,38.0,49.90843
LSTM,92,133,37.0,43.529602
LSTM,92,134,36.0,42.254585
LSTM,92,135,35.0,42.9738
LSTM,92,136,34.0,39.076183
LSTM,92,137,33.0,33.738422
LSTM,92,138,32.0,31.10554
LSTM,92,139,31.0,32.70365
LSTM,92,140,30.0,35.230022
LSTM,92,141,29.0,36.05849
LSTM,92,142,28.0,35.126434
LSTM,92,143,27.0,35.1458
LSTM,92,144,26.0,34.97204
LSTM,92,145,25.0,34.730602
LSTM,92,146,24.0,35.014942
LSTM,92,147,23.0,32.97772
LSTM,92,148,22.0,30.063654
LSTM,92,149,21.0,27.82433
LSTM,92,150,20.0,25.244564
LSTM,93,30,125.0,118.70149
LSTM,93,31,125.0,121.65824
LSTM,93,32,125.0,121.216835
LSTM,93,33,125.0,121.19584
LSTM,93,34,125.0,122.092
LSTM,93,35,125.0,121.228966
LSTM,93,36,125.0,119.06152
LSTM,93,37,125.0,121.12794
LSTM,93,38,125.0,120.26771
LSTM,93,39,125.0,120.12903
LSTM,93,40,125.0,119.29323
LSTM,93,41,125.0,119.26173
LSTM,93,42,125.0,118.60921
LSTM,93,43,125.0,118.53698
LSTM,93,44,125.0,118.40728
LSTM,93,45,125.0,120.72237
LSTM,93,46,125.0,120.53166
LSTM,93,47,125.0,121.09417
LSTM,93,48,125.0,120.65253
LSTM,93,49,125.0,121.24682
LSTM,93,50,125.0,112.993416
LSTM,93,51,125.0,109.58589
LSTM,93,52,125.0,103.01659
LSTM,93,53,125.0,101.12718
LSTM,93,54,125.0,108.3152
LSTM,93,55,125.0,113.245186
LSTM,93,56,125.0,109.032875
LSTM,93,57,125.0,107.88462
LSTM,93,58,125.0,115.37419
LSTM,93,59,125.0,112.91855
LSTM,93,60,125.0,116.46288
LSTM,93,61,125.0,119.34293
LSTM,93,62,125.0,119.524445
LSTM,93,63,125.0,119.35668
LSTM,93,64,125.0,120.0199
LSTM,93,65,125.0,118.976845
LSTM,93,66,125.0,119.02039
LSTM,93,67,125.0,121.01621
LSTM,93,68,125.0,120.675125
LSTM,93,69,125.0,118.72429
LSTM,93,70,125.0,117.17728
LSTM,93,71,125.0,116.91706
LSTM,93,72,125.0,117.03367
LSTM,93,73,125.0,118.783844
LSTM,93,74,125.0,118.43221
LSTM,93,75,125.0,117.241905
LSTM,93,76,125.0,116.07179
LSTM,93,77,125.0,112.34412
LSTM,93,78,125.0,110.374626
LSTM,93,79,125.0,109.51698
LSTM,93,80,125.0,105.489525
LSTM,93,81,125.0,101.440895
LSTM,93,82,125.0,96.54828
LSTM,93,83,125.0,103.17305
LSTM,93,84,125.0,108.29254
LSTM,93,85,125.0,107.02141
LSTM,93,86,125.0,99.586624
LSTM,93,87,125.0,99.47932
LSTM,93,88,125.0,110.290695
LSTM,93,89,125.0,108.51516
LSTM,93,90,125.0,109.25523
LSTM,93,91,125.0,104.01201
LSTM,93,92,125.0,98.74459
LSTM,93,93,125.0,94.62417
LSTM,93,94,125.0,86.82841
LSTM,93,95,125.0,93.3269
LSTM,93,96,125.0,93.89407
LSTM,93,97,125.0,98.52179
LSTM,93,98,125.0,98.17529
LSTM,93,99,125.0,100.17957
LSTM,93,100,125.0,99.40003
LSTM,93,101,125.0,106.43978
LSTM,93,102,125.0,111.73601
LSTM,93,103,125.0,114.94719
LSTM,93,104,125.0,113.052414
LSTM,93,105,125.0,112.9431
LSTM,93,106,125.0,115.40928
LSTM,93,107,125.0,115.81073
LSTM,93,108,125.0,113.79969
LSTM,93,109,125.0,114.338234
LSTM,93,110,125.0,114.20697
LSTM,93,111,125.0,112.7407
LSTM,93,112,125.0,112.82386
LSTM,93,113,125.0,113.524765
LSTM,93,114,125.0,112.78069
LSTM,93,115,125.0,111.85776
LSTM,93,116,125.0,112.298584
LSTM,93,117,125.0,111.5377
LSTM,93,118,125.0,112.49498
LSTM,93,119,125.0,113.50949
LSTM,93,120,125.0,114.302505
LSTM,93,121,125.0,112.95167
LSTM,93,122,125.0,112.151566
LSTM,93,123,125.0,111.976944
LSTM,93,124,125.0,110.32297
LSTM,93,125,125.0,111.49364
LSTM,93,126,125.0,110.53458
LSTM,93,127,125.0,110.06961
LSTM,93,128,125.0,106.18363
LSTM,93,129,125.0,102.20972
LSTM,93,130,125.0,99.8466
LSTM,93,131,125.0,100.2117
LSTM,93,132,125.0,104.47292
LSTM,93,133,125.0,103.394485
LSTM,93,134,125.0,105.15993
LSTM,93,135,125.0,105.39502
LSTM,93,136,125.0,110.67239
LSTM,93,137,125.0,113.61272
LSTM,93,138,125.0,113.949066
LSTM,93,139,125.0,114.295975
LSTM,93,140,125.0,114.06013
LSTM,93,141,125.0,110.86425
LSTM,93,142,125.0,113.578026
LSTM,93,143,125.0,114.46394
LSTM,93,144,125.0,115.45269
LSTM,93,145,125.0,114.11755
LSTM,93,146,125.0,112.690926
LSTM,93,147,125.0,109.17534
LSTM,93,148,125.0,108.80109
LSTM,93,149,125.0,108.815475
LSTM,93,150,125.0,110.26465
LSTM,93,151,125.0,108.925
LSTM,93,152,125.0,107.987495
LSTM,93,153,125.0,108.516174
LSTM,93,154,125.0,110.820015
LSTM,93,155,125.0,111.84527
LSTM,93,156,125.0,113.01612
LSTM,93,157,125.0,114.970894
LSTM,93,158,125.0,115.052704
LSTM,93,159,125.0,111.99532
LSTM,93,160,125.0,113.296425
LSTM,93,161,125.0,112.53621
LSTM,93,162,125.0,110.674965
LSTM,93,163,125.0,110.265625
LSTM,93,164,125.0,110.22683
LSTM,93,165,125.0,107.97746
LSTM,93,166,125.0,111.87871
LSTM,93,167,125.0,110.31876
LSTM,93,168,125.0,109.746124
LSTM,93,169,125.0,109.68052
LSTM,93,170,125.0,108.5186
LSTM,93,171,125.0,105.87969
LSTM,93,172,125.0,107.210365
LSTM,93,173,125.0,109.48011
LSTM,93,174,125.0,110.77705
LSTM,93,175,125.0,108.67669
LSTM,93,176,125.0,106.877655
LSTM,93,177,125.0,101.61892
LSTM,93,178,125.0,97.90904
LSTM,93,179,125.0,94.21658
LSTM,93,180,125.0,96.43655
LSTM,93,181,125.0,95.64407
LSTM,93,182,125.0,94.434586
LSTM,93,183,125.0,93.682076
LSTM,93,184,125.0,89.56095
LSTM,93,185,125.0,84.492676
LSTM,93,186,125.0,77.9709
LSTM,93,187,125.0,85.28357
LSTM,93,188,125.0,84.15035
LSTM,93,189,125.0,88.27157
LSTM,93,190,125.0,92.70088
LSTM,93,191,125.0,98.1004
LSTM,93,192,125.0,94.90866
LSTM,93,193,125.0,92.97168
LSTM,93,194,125.0,97.482506
LSTM,93,195,125.0,95.87431
LSTM,93,196,125.0,96.820015
LSTM,93,197,125.0,93.89362
LSTM,93,198,125.0,95.778534
LSTM,93,199,125.0,93.46996
LSTM,93,200,125.0,92.08629
LSTM,93,201,125.0,88.85279
LSTM,93,202,125.0,88.08675
LSTM,93,203,125.0,87.36722
LSTM,93,204,125.0,86.53681
LSTM,93,205,124.0,88.188065
LSTM,93,206,123.0,89.409775
LSTM,93,207,122.0,86.28844
LSTM,93,208,121.0,84.801834
LSTM,93,209,120.0,83.691986
LSTM,93,210,119.0,82.98552
LSTM,93,211,118.0,80.92408
LSTM,93,212,117.0,78.06819
LSTM,93,213,116.0,73.56486
LSTM,93,214,115.0,70.73472
LSTM,93,215,114.0,66.322815
LSTM,93,216,113.0,64.83461
LSTM,93,217,112.0,65.705956
LSTM,93,218,111.0,65.65715
LSTM,93,219,110.0,69.131645
LSTM,93,220,109.0,73.47202
LSTM,93,221,108.0,73.32612
LSTM,93,222,107.0,69.375725
LSTM,93,223,106.0,65.86277
LSTM,93,224,105.0,64.893616
LSTM,93,225,104.0,65.97802
LSTM,93,226,103.0,64.330635
LSTM,93,227,102.0,62.417892
LSTM,93,228,101.0,60.997314
LSTM,93,229,100.0,60.662937
LSTM,93,230,99.0,62.480858
LSTM,93,231,98.0,62.260178
LSTM,93,232,97.0,64.44062
LSTM,93,233,96.0,63.52271
LSTM,93,234,95.0,61.193913
LSTM,93,235,94.0,60.587025
LSTM,93,236,93.0,59.431458
LSTM,93,237,92.0,57.48746
LSTM,93,238,91.0,57.448013
LSTM,93,239,90.0,56.503353
LSTM,93,240,89.0,55.48441
LSTM,93,241,88.0,55.59235
LSTM,93,242,87.0,54.726612
LSTM,93,243,86.0,54.312824
LSTM,93,244,85.0,55.622746
LSTM,94,30,125.0,108.48225
LSTM,94,31,125.0,109.08592
LSTM,94,32,125.0,107.11318
LSTM,94,33,125.0,99.63315
LSTM,94,34,125.0,97.38228
LSTM,94,35,125.0,93.18897
LSTM,94,36,125.0,96.45662
LSTM,94,37,125.0,105.3136
LSTM,94,38,125.0,110.640945
LSTM,94,39,125.0,112.497
LSTM,94,40,125.0,112.370605
LSTM,94,41,125.0,115.74518
LSTM,94,42,125.0,119.35534
LSTM,94,43,125.0,120.89576
LSTM,94,44,125.0,123.03461
LSTM,94,45,125.0,122.7715
LSTM,94,46,125.0,122.580605
LSTM,94,47,125.0,122.05325
LSTM,94,48,125.0,122.74783
LSTM,94,49,125.0,121.92465
LSTM,94,50,125.0,122.86808
LSTM,94,51,125.0,122.94108
LSTM,94,52,125.0,122.07903
LSTM,94,53,125.0,122.94746
LSTM,94,54,125.0,121.61909
LSTM,94,55,125.0,119.988174
LSTM,94,56,125.0,121.43868
LSTM,94,57,125.0,121.756355
LSTM,94,58,125.0,121.210236
LSTM,94,59,125.0,120.05171
LSTM,94,60,125.0,117.55647
LSTM,94,61,125.0,118.64373
LSTM,94,62,125.0,120.45897
LSTM,94,63,125.0,119.568886
LSTM,94,64,124.0,119.501755
LSTM,94,65,123.0,118.19522
LSTM,94,66,122.0,117.00666
LSTM,94,67,121.0,117.01843
LSTM,94,68,120.0,114.5424
LSTM,94,69,119.0,114.32729
LSTM,94,70,118.0,113.81224
LSTM,94,71,117.0,112.215065
LSTM,94,72,116.0,111.3459
LSTM,94,73,115.0,108.27363
LSTM,94,74,114.0,109.91888
LSTM,94,75,113.0,106.77287
LSTM,94,76,112.0,106.45406
LSTM,94,77,111.0,103.683586
LSTM,94,78,110.0,98.20925
LSTM,94,79,109.0,100.060295
LSTM,94,80,108.0,86.33271
LSTM,94,81,107.0,83.6132
LSTM,94,82,106.0,85.82699
LSTM,94,83,105.0,88.51657
LSTM,94,84,104.0,87.02807
LSTM,94,85,103.0,86.744255
LSTM,94,86,102.0,90.00467
LSTM,94,87,101.0,87.50363
LSTM,94,88,100.0,82.889046
LSTM,94,89,99.0,82.74141
LSTM,94,90,98.0,82.69391
LSTM,94,91,97.0,90.9094
LSTM,94,92,96.0,93.86967
LSTM,94,93,95.0,89.9032
LSTM,94,94,94.0,90.650925
LSTM,94,95,93.0,100.34203
LSTM,94,96,92.0,99.79603
LSTM,94,97,91.0,104.526794
LSTM,94,98,90.0,103.33085
LSTM,94,99,89.0,105.25535
LSTM,94,100,88.0,104.26094
LSTM,94,101,87.0,105.1053
LSTM,94,102,86.0,105.55226
LSTM,94,103,85.0,103.69563
LSTM,94,104,84.0,95.71826
LSTM,94,105,83.0,81.68736
LSTM,94,106,82.0,77.844055
LSTM,94,107,81.0,80.46545
LSTM,94,108,80.0,78.64841
LSTM,94,109,79.0,82.22904
LSTM,94,110,78.0,72.15412
LSTM,94,111,77.0,74.91826
LSTM,94,112,76.0,82.107124
LSTM,94,113,75.0,85.520515
LSTM,94,114,74.0,87.66997
LSTM,94,115,73.0,89.08136
LSTM,94,116,72.0,89.52507
LSTM,94,117,71.0,86.09172
LSTM,94,118,70.0,82.38073
LSTM,94,119,69.0,87.37407
LSTM,94,120,68.0,77.32582
LSTM,94,121,67.0,73.582565
LSTM,94,122,66.0,71.506454
LSTM,94,123,65.0,75.498085
LSTM,94,124,64.0,79.858284
LSTM,94,125,63.0,85.05937
LSTM,94,126,62.0,83.08787
LSTM,94,127,61.0,89.15235
LSTM,94,128,60.0,86.00326
LSTM,94,129,59.0,85.94596
LSTM,94,130,58.0,83.34229
LSTM,94,131,57.0,73.66626
LSTM,94,132,56.0,71.80148
LSTM,94,133,55.0,65.79344
LSTM,95,30,125.0,117.47481
LSTM,95,31,125.0,118.190186
LSTM,95,32,125.0,118.21421
LSTM,95,33,125.0,116.46963
LSTM,95,34,125.0,118.02547
LSTM,95,35,125.0,115.909874
LSTM,95,36,125.0,114.456276
LSTM,95,37,125.0,114.5078
LSTM,95,38,125.0,115.24013
LSTM,95,39,125.0,114.73503
LSTM,95,40,125.0,113.989655
LSTM,95,41,125.0,112.948616
LSTM,95,42,125.0,113.01389
LSTM,95,43,125.0,112.52544
LSTM,95,44,125.0,113.55749
LSTM,95,45,125.0,116.22358
LSTM,95,46,125.0,115.36944
LSTM,95,47,125.0,114.02802
LSTM,95,48,125.0,112.89773
LSTM,95,49,125.0,114.716385
LSTM,95,50,125.0,115.04909
LSTM,95,51,125.0,113.79604
LSTM,95,52,125.0,114.187935
LSTM,95,53,125.0,112.44245
LSTM,95,54,125.0,113.89327
LSTM,95,55,125.0,110.82769
LSTM,95,56,125.0,112.90005
LSTM,95,57,125.0,116.49403
LSTM,95,58,125.0,115.01482
LSTM,95,59,125.0,117.27578
LSTM,95,60,125.0,116.18032
LSTM,95,61,125.0,115.281296
LSTM,95,62,125.0,113.47777
LSTM,95,63,125.0,110.38463
LSTM,95,64,125.0,111.60264
LSTM,95,65,125.0,112.380135
LSTM,95,66,125.0,112.379166
LSTM,95,67,125.0,115.37164
LSTM,95,68,125.0,115.06558
LSTM,95,69,125.0,108.25704
LSTM,95,70,125.0,110.6586
LSTM,95,71,125.0,113.55673
LSTM,95,72,125.0,114.53478
LSTM,95,73,125.0,112.34013
LSTM,95,74,125.0,113.768654
LSTM,95,75,125.0,113.19438
LSTM,95,76,125.0,117.343025
LSTM,95,77,125.0,114.23778
LSTM,95,78,125.0,111.07305
LSTM,95,79,125.0,113.17909
LSTM,95,80,125.0,114.202156
LSTM,95,81,125.0,114.49806
LSTM,95,82,125.0,114.63448
LSTM,95,83,125.0,109.362335
LSTM,95,84,125.0,111.0361
LSTM,95,85,125.0,104.38855
LSTM,95,86,125.0,106.99235
LSTM,95,87,125.0,105.382355
LSTM,95,88,125.0,99.68105
LSTM,95,89,125.0,105.055214
LSTM,96,30,125.0,116.04241
LSTM,96,31,125.0,114.90033
LSTM,96,32,125.0,114.45145
LSTM,96,33,125.0,113.05562
LSTM,96,34,125.0,113.77085
LSTM,96,35,125.0,113.74378
LSTM,96,36,125.0,116.00621
LSTM,96,37,125.0,117.011696
LSTM,96,38,125.0,117.10296
LSTM,96,39,125.0,118.375824
LSTM,96,40,125.0,117.50973
LSTM,96,41,125.0,118.16395
LSTM,96,42,125.0,118.21805
LSTM,96,43,125.0,117.72968
LSTM,96,44,125.0,118.10737
LSTM,96,45,125.0,119.34745
LSTM,96,46,125.0,120.29093
LSTM,96,47,125.0,119.23418
LSTM,96,48,125.0,120.008514
LSTM,96,49,125.0,119.058525
LSTM,96,50,125.0,118.45676
LSTM,96,51,125.0,116.4967
LSTM,96,52,125.0,116.35413
LSTM,96,53,125.0,117.835915
LSTM,96,54,125.0,117.76666
LSTM,96,55,125.0,118.03892
LSTM,96,56,125.0,119.54256
LSTM,96,57,125.0,117.384254
LSTM,96,58,125.0,117.218315
LSTM,96,59,125.0,116.67354
LSTM,96,60,125.0,115.30111
LSTM,96,61,125.0,114.13791
LSTM,96,62,125.0,114.44365
LSTM,96,63,125.0,115.81944
LSTM,96,64,125.0,115.41521
LSTM,96,65,125.0,112.4202
LSTM,96,66,125.0,112.78429
LSTM,96,67,125.0,115.042885
LSTM,96,68,125.0,117.63273
LSTM,96,69,125.0,119.15571
LSTM,96,70,125.0,119.16659
LSTM,96,71,125.0,118.55309
LSTM,96,72,125.0,119.312645
LSTM,96,73,125.0,119.06139
LSTM,96,74,125.0,119.393974
LSTM,96,75,125.0,119.74344
LSTM,96,76,125.0,119.897575
LSTM,96,77,125.0,119.30725
LSTM,96,78,125.0,119.64031
LSTM,96,79,125.0,119.81963
LSTM,96,80,125.0,119.31197
LSTM,96,81,125.0,118.37702
LSTM,96,82,125.0,116.02621
LSTM,96,83,125.0,117.03558
LSTM,96,84,125.0,117.73626
LSTM,96,85,125.0,115.49887
LSTM,96,86,125.0,114.116104
LSTM,96,87,125.0,112.152176
LSTM,96,88,125.0,106.55494
LSTM,96,89,125.0,103.55663
LSTM,96,90,125.0,95.38697
LSTM,96,91,125.0,93.34609
LSTM,96,92,125.0,95.891815
LSTM,96,93,125.0,102.234215
LSTM,96,94,125.0,99.80779
LSTM,96,95,125.0,99.35117
LSTM,96,96,125.0,90.60658
LSTM,96,97,125.0,97.532974
LSTM,97,30,125.0,117.95195
LSTM,97,31,125.0,115.78089
LSTM,97,32,125.0,116.73202
LSTM,97,33,125.0,118.7923
LSTM,97,34,125.0,117.769165
LSTM,97,35,125.0,118.6339
LSTM,97,36,125.0,118.352264
LSTM,97,37,125.0,115.53783
LSTM,97,38,125.0,117.26096
LSTM,97,39,125.0,116.6537
LSTM,97,40,125.0,116.55615
LSTM,97,41,125.0,117.13432
LSTM,97,42,125.0,114.98017
LSTM,97,43,125.0,115.57207
LSTM,97,44,125.0,117.04773
LSTM,97,45,125.0,117.79699
LSTM,97,46,125.0,117.025764
LSTM,97,47,125.0,116.20417
LSTM,97,48,125.0,115.8132
LSTM,97,49,125.0,117.03738
LSTM,97,50,125.0,115.66906
LSTM,97,51,125.0,111.98392
LSTM,97,52,125.0,114.52686
LSTM,97,53,125.0,113.808914
LSTM,97,54,125.0,113.27005
LSTM,97,55,125.0,114.96979
LSTM,97,56,125.0,116.75355
LSTM,97,57,125.0,116.04436
LSTM,97,58,125.0,114.590454
LSTM,97,59,125.0,115.02544
LSTM,97,60,125.0,113.85768
LSTM,97,61,125.0,113.04911
LSTM,97,62,125.0,111.84457
LSTM,97,63,125.0,109.61573
LSTM,97,64,125.0,112.97155
LSTM,97,65,125.0,117.00112
LSTM,97,66,125.0,116.64869
LSTM,97,67,125.0,112.172356
LSTM,97,68,125.0,111.16914
LSTM,97,69,125.0,111.514465
LSTM,97,70,125.0,115.34492
LSTM,97,71,125.0,110.57217
LSTM,97,72,125.0,110.07227
LSTM,97,73,125.0,109.38555
LSTM,97,74,125.0,113.20882
LSTM,97,75,125.0,111.093475
LSTM,97,76,125.0,115.30091
LSTM,97,77,125.0,116.83769
LSTM,97,78,125.0,115.99232
LSTM,97,79,125.0,116.71213
LSTM,97,80,125.0,116.72051
LSTM,97,81,125.0,112.911064
LSTM,97,82,125.0,111.63703
LSTM,97,83,125.0,112.018005
LSTM,97,84,125.0,111.19483
LSTM,97,85,125.0,109.77035
LSTM,97,86,125.0,112.68679
LSTM,97,87,125.0,112.94632
LSTM,97,88,125.0,107.08892
LSTM,97,89,125.0,109.04753
LSTM,97,90,125.0,112.19208
LSTM,97,91,125.0,108.31817
LSTM,97,92,124.0,100.89446
LSTM,97,93,123.0,104.670166
LSTM,97,94,122.0,102.28026
LSTM,97,95,121.0,108.94873
LSTM,97,96,120.0,104.51202
LSTM,97,97,119.0,102.831894
LSTM,97,98,118.0,98.50843
LSTM,97,99,117.0,94.24935
LSTM,97,100,116.0,104.176
LSTM,97,101,115.0,101.21006
LSTM,97,102,114.0,104.348145
LSTM,97,103,113.0,96.503975
LSTM,97,104,112.0,90.20869
LSTM,97,105,111.0,88.615654
LSTM,97,106,110.0,95.886375
LSTM,97,107,109.0,98.63404
LSTM,97,108,108.0,96.72335
LSTM,97,109,107.0,101.38396
LSTM,97,110,106.0,103.959305
LSTM,97,111,105.0,101.64224
LSTM,97,112,104.0,98.13928
LSTM,97,113,103.0,100.62833
LSTM,97,114,102.0,105.605034
LSTM,97,115,101.0,100.98735
LSTM,97,116,100.0,106.380585
LSTM,97,117,99.0,107.03413
LSTM,97,118,98.0,104.54451
LSTM,97,119,97.0,103.88397
LSTM,97,120,96.0,106.92246
LSTM,97,121,95.0,106.56971
LSTM,97,122,94.0,106.07225
LSTM,97,123,93.0,111.68314
LSTM,97,124,92.0,113.06084
LSTM,97,125,91.0,112.846344
LSTM,97,126,90.0,111.46507
LSTM,97,127,89.0,107.63701
LSTM,97,128,88.0,103.83696
LSTM,97,129,87.0,102.19488
LSTM,97,130,86.0,102.48125
LSTM,97,131,85.0,103.712364
LSTM,97,132,84.0,106.36978
LSTM,97,133,83.0,101.7899
LSTM,97,134,82.0,80.92956
LSTM,98,30,125.0,119.69117
LSTM,98,31,125.0,116.91688
LSTM,98,32,125.0,113.462654
LSTM,98,33,125.0,109.033844
LSTM,98,34,125.0,103.88657
LSTM,98,35,125.0,98.45468
LSTM,98,36,125.0,99.4768
LSTM,98,37,125.0,96.96485
LSTM,98,38,125.0,97.4638
LSTM,98,39,125.0,97.491714
LSTM,98,40,125.0,96.64768
LSTM,98,41,125.0,100.628716
LSTM,98,42,125.0,98.27672
LSTM,98,43,125.0,98.48579
LSTM,98,44,125.0,103.527145
LSTM,98,45,125.0,108.093636
LSTM,98,46,125.0,106.284935
LSTM,98,47,125.0,108.947426
LSTM,98,48,125.0,113.391754
LSTM,98,49,125.0,113.52687
LSTM,98,50,125.0,109.221756
LSTM,98,51,125.0,101.96413
LSTM,98,52,125.0,95.85643
LSTM,98,53,125.0,97.409164
LSTM,98,54,125.0,98.49344
LSTM,98,55,125.0,102.9937
LSTM,98,56,124.0,102.629486
LSTM,98,57,123.0,107.853386
LSTM,98,58,122.0,110.09942
LSTM,98,59,121.0,104.596825
LSTM,98,60,120.0,107.91778
LSTM,98,61,119.0,98.64218
LSTM,98,62,118.0,97.09618
LSTM,98,63,117.0,88.46861
LSTM,98,64,116.0,77.00367
LSTM,98,65,115.0,82.274734
LSTM,98,66,114.0,85.156044
LSTM,98,67,113.0,87.1061
LSTM,98,68,112.0,90.10616
LSTM,98,69,111.0,104.42032
LSTM,98,70,110.0,108.47524
LSTM,98,71,109.0,105.31022
LSTM,98,72,108.0,103.447975
LSTM,98,73,107.0,102.14024
LSTM,98,74,106.0,103.32887
LSTM,98,75,105.0,112.03322
LSTM,98,76,104.0,113.324524
LSTM,98,77,103.0,113.620415
LSTM,98,78,102.0,113.67748
LSTM,98,79,101.0,110.241745
LSTM,98,80,100.0,101.70338
LSTM,98,81,99.0,91.529144
LSTM,98,82,98.0,84.32565
LSTM,98,83,97.0,80.358086
LSTM,98,84,96.0,89.529236
LSTM,98,85,95.0,94.31663
LSTM,98,86,94.0,92.44211
LSTM,98,87,93.0,93.12828
LSTM,98,88,92.0,87.58938
LSTM,98,89,91.0,82.34487
LSTM,98,90,90.0,81.31298
LSTM,98,91,89.0,82.183
LSTM,98,92,88.0,90.61046
LSTM,98,93,87.0,93.357124
LSTM,98,94,86.0,93.96718
LSTM,98,95,85.0,90.255196
LSTM,98,96,84.0,88.12121
LSTM,98,97,83.0,89.75714
LSTM,98,98,82.0,93.83943
LSTM,98,99,81.0,101.88514
LSTM,98,100,80.0,105.235756
LSTM,98,101,79.0,101.675674
LSTM,98,102,78.0,104.85572
LSTM,98,103,77.0,103.38779
LSTM,98,104,76.0,101.20483
LSTM,98,105,75.0,111.77521
LSTM,98,106,74.0,112.04831
LSTM,98,107,73.0,112.71475
LSTM,98,108,72.0,112.04404
LSTM,98,109,71.0,111.07682
LSTM,98,110,70.0,104.74363
LSTM,98,111,69.0,105.08853
LSTM,98,112,68.0,98.47162
LSTM,98,113,67.0,90.974365
LSTM,98,114,66.0,96.289055
LSTM,98,115,65.0,93.104195
LSTM,98,116,64.0,92.81734
LSTM,98,117,63.0,89.32922
LSTM,98,118,62.0,80.507034
LSTM,98,119,61.0,67.25237
LSTM,98,120,60.0,63.27
LSTM,98,121,59.0,66.981384
LSTM,99,30,125.0,119.3983
LSTM,99,31,125.0,120.1332
LSTM,99,32,125.0,119.29435
LSTM,99,33,125.0,119.053
LSTM,99,34,125.0,119.508064
LSTM,99,35,125.0,119.52106
LSTM,99,36,125.0,119.17401
LSTM,99,37,125.0,120.020836
LSTM,99,38,125.0,119.86657
LSTM,99,39,125.0,119.80778
LSTM,99,40,125.0,120.102875
LSTM,99,41,125.0,120.33336
LSTM,99,42,125.0,120.9814
LSTM,99,43,125.0,121.14629
LSTM,99,44,125.0,120.40468
LSTM,99,45,125.0,120.23218
LSTM,99,46,125.0,119.692955
LSTM,99,47,125.0,119.33361
LSTM,99,48,125.0,119.28577
LSTM,99,49,125.0,118.79257
LSTM,99,50,125.0,119.879005
LSTM,99,51,125.0,119.0758
LSTM,99,52,125.0,119.9227
LSTM,99,53,125.0,119.60086
LSTM,99,54,125.0,119.62692
LSTM,99,55,125.0,119.8612
LSTM,99,56,125.0,119.65001
LSTM,99,57,125.0,119.22883
LSTM,99,58,125.0,119.1458
LSTM,99,59,125.0,118.16302
LSTM,99,60,125.0,118.4213
LSTM,99,61,125.0,118.3023
LSTM,99,62,125.0,118.618774
LSTM,99,63,125.0,118.38378
LSTM,99,64,125.0,118.846375
LSTM,99,65,125.0,118.365456
LSTM,99,66,125.0,117.45465
LSTM,99,67,125.0,118.804276
LSTM,99,68,125.0,118.29507
LSTM,99,69,125.0,118.3379
LSTM,99,70,125.0,118.000336
LSTM,99,71,125.0,119.30745
LSTM,99,72,125.0,119.29524
LSTM,99,73,125.0,119.372894
LSTM,99,74,125.0,119.000435
LSTM,99,75,125.0,119.956055
LSTM,99,76,125.0,119.56942
LSTM,99,77,125.0,119.241196
LSTM,99,78,125.0,119.263176
LSTM,99,79,125.0,118.88427
LSTM,99,80,125.0,119.6516
LSTM,99,81,125.0,118.82091
LSTM,99,82,125.0,118.874596
LSTM,99,83,125.0,118.12413
LSTM,99,84,125.0,118.20596
LSTM,99,85,125.0,117.654396
LSTM,99,86,125.0,118.89544
LSTM,99,87,125.0,117.477875
LSTM,99,88,125.0,117.06684
LSTM,99,89,125.0,116.88608
LSTM,99,90,124.0,116.694786
LSTM,99,91,123.0,114.87137
LSTM,99,92,122.0,114.19439
LSTM,99,93,121.0,115.14928
LSTM,99,94,120.0,114.24661
LSTM,99,95,119.0,110.66535
LSTM,99,96,118.0,109.75211
LSTM,99,97,117.0,106.73982
LSTM,100,30,125.0,119.244514
LSTM,100,31,125.0,119.66199
LSTM,100,32,125.0,117.5431
LSTM,100,33,125.0,118.730965
LSTM,100,34,125.0,118.587
LSTM,100,35,125.0,118.97323
LSTM,100,36,125.0,118.46994
LSTM,100,37,125.0,117.866264
LSTM,100,38,125.0,117.54547
LSTM,100,39,125.0,119.274765
LSTM,100,40,125.0,120.959694
LSTM,100,41,125.0,120.31362
LSTM,100,42,125.0,121.26272
LSTM,100,43,125.0,121.204735
LSTM,100,44,125.0,119.52275
LSTM,100,45,125.0,119.527405
LSTM,100,46,125.0,119.0594
LSTM,100,47,125.0,118.47488
LSTM,100,48,125.0,118.97675
LSTM,100,49,125.0,118.79194
LSTM,100,50,125.0,117.45182
LSTM,100,51,125.0,119.24209
LSTM,100,52,125.0,119.42953
LSTM,100,53,125.0,115.80922
LSTM,100,54,125.0,118.78104
LSTM,100,55,125.0,119.09235
LSTM,100,56,125.0,119.92642
LSTM,100,57,125.0,119.58513
LSTM,100,58,125.0,118.25389
LSTM,100,59,125.0,116.4384
LSTM,100,60,125.0,114.85108
LSTM,100,61,125.0,115.97444
LSTM,100,62,125.0,115.0293
LSTM,100,63,125.0,115.86224
LSTM,100,64,125.0,116.02375
LSTM,100,65,125.0,116.71018
LSTM,100,66,125.0,117.80274
LSTM,100,67,125.0,117.84917
LSTM,100,68,125.0,113.10559
LSTM,100,69,125.0,115.12953
LSTM,100,70,125.0,118.66593
LSTM,100,71,125.0,114.45409
LSTM,100,72,125.0,116.12659
LSTM,100,73,125.0,118.082886
LSTM,100,74,125.0,115.35405
LSTM,100,75,125.0,116.37261
LSTM,100,76,125.0,112.81739
LSTM,100,77,125.0,108.349815
LSTM,100,78,125.0,108.401794
LSTM,100,79,125.0,106.050316
LSTM,100,80,125.0,105.13893
LSTM,100,81,125.0,110.879715
LSTM,100,82,125.0,114.300316
LSTM,100,83,125.0,113.79936
LSTM,100,84,125.0,116.870056
LSTM,100,85,125.0,118.78668
LSTM,100,86,125.0,118.866776
LSTM,100,87,125.0,118.34415
LSTM,100,88,125.0,117.932625
LSTM,100,89,125.0,117.34045
LSTM,100,90,125.0,116.81314
LSTM,100,91,125.0,119.14456
LSTM,100,92,125.0,119.19375
LSTM,100,93,125.0,115.62777
LSTM,100,94,124.0,113.14944
LSTM,100,95,123.0,110.537796
LSTM,100,96,122.0,110.98978
LSTM,100,97,121.0,111.66017
LSTM,100,98,120.0,112.80437
LSTM,100,99,119.0,111.71139
LSTM,100,100,118.0,110.39356
LSTM,100,101,117.0,109.16522
LSTM,100,102,116.0,108.794365
LSTM,100,103,115.0,110.67484
LSTM,100,104,114.0,111.09083
LSTM,100,105,113.0,113.25184
LSTM,100,106,112.0,109.758
LSTM,100,107,111.0,98.54615
LSTM,100,108,110.0,99.74691
LSTM,100,109,109.0,94.07798
LSTM,100,110,108.0,93.51399
LSTM,100,111,107.0,99.318375
LSTM,100,112,106.0,99.21006
LSTM,100,113,105.0,100.795265
LSTM,100,114,104.0,102.71828
LSTM,100,115,103.0,105.577484
LSTM,100,116,102.0,101.47234
LSTM,100,117,101.0,105.33509
LSTM,100,118,100.0,110.26804
LSTM,100,119,99.0,107.036934
LSTM,100,120,98.0,107.68059
LSTM,100,121,97.0,114.89286
LSTM,100,122,96.0,117.39982
LSTM,100,123,95.0,114.72561
LSTM,100,124,94.0,113.74387
LSTM,100,125,93.0,103.92283
LSTM,100,126,92.0,97.25487
LSTM,100,127,91.0,92.88059
LSTM,100,128,90.0,97.318085
LSTM,100,129,89.0,92.447876
LSTM,100,130,88.0,93.89427
LSTM,100,131,87.0,91.997604
LSTM,100,132,86.0,88.60135
LSTM,100,133,85.0,88.53976
LSTM,100,134,84.0,93.94927
LSTM,100,135,83.0,90.40572
LSTM,100,136,82.0,88.67894
LSTM,100,137,81.0,94.14891
LSTM,100,138,80.0,91.8155
LSTM,100,139,79.0,88.58931
LSTM,100,140,78.0,88.31142
LSTM,100,141,77.0,93.829285
LSTM,100,142,76.0,91.9455
LSTM,100,143,75.0,84.4822
LSTM,100,144,74.0,81.73883
LSTM,100,145,73.0,76.9386
LSTM,100,146,72.0,79.319
LSTM,100,147,71.0,83.93152
LSTM,100,148,70.0,92.81064
LSTM,100,149,69.0,95.15382
LSTM,100,150,68.0,87.91084
LSTM,100,151,67.0,82.88595
LSTM,100,152,66.0,78.33996
LSTM,100,153,65.0,89.66461
LSTM,100,154,64.0,83.2377
LSTM,100,155,63.0,59.16447
LSTM,100,156,62.0,67.17591
LSTM,100,157,61.0,68.17777
LSTM,100,158,60.0,68.552605
LSTM,100,159,59.0,66.36578
LSTM,100,160,58.0,66.96123
LSTM,100,161,57.0,56.522053
LSTM,100,162,56.0,53.833855
LSTM,100,163,55.0,53.34877
LSTM,100,164,54.0,51.530926
LSTM,100,165,53.0,48.186367
LSTM,100,166,52.0,51.04424
LSTM,100,167,51.0,45.64321
LSTM,100,168,50.0,46.555702
LSTM,100,169,49.0,48.63304
LSTM,100,170,48.0,46.33164
LSTM,100,171,47.0,43.710785
LSTM,100,172,46.0,46.59698
LSTM,100,173,45.0,48.20537
LSTM,100,174,44.0,51.431183
LSTM,100,175,43.0,55.79326
LSTM,100,176,42.0,46.979725
LSTM,100,177,41.0,45.09415
LSTM,100,178,40.0,43.275867
LSTM,100,179,39.0,43.949394
LSTM,100,180,38.0,41.844723
LSTM,100,181,37.0,44.56261
LSTM,100,182,36.0,45.088543
LSTM,100,183,35.0,45.998394
LSTM,100,184,34.0,38.833794
LSTM,100,185,33.0,36.726162
LSTM,100,186,32.0,35.838547
LSTM,100,187,31.0,33.50669
LSTM,100,188,30.0,33.13623
LSTM,100,189,29.0,30.740568
LSTM,100,190,28.0,29.112297
LSTM,100,191,27.0,27.502808
LSTM,100,192,26.0,26.076447
LSTM,100,193,25.0,25.826609
LSTM,100,194,24.0,24.04146
LSTM,100,195,23.0,22.657938
LSTM,100,196,22.0,22.413567
LSTM,100,197,21.0,22.220575
LSTM,100,198,20.0,19.607613
XGBoost,1,30,113.0,114.60337
XGBoost,1,31,112.0,115.64792
XGBoost,2,30,117.0,117.2067
XGBoost,2,31,116.0,118.13944
XGBoost,2,32,115.0,106.7965
XGBoost,2,33,114.0,113.712555
XGBoost,2,34,113.0,121.816444
XGBoost,2,35,112.0,117.82133
XGBoost,2,36,111.0,126.010475
XGBoost,2,37,110.0,124.49896
XGBoost,2,38,109.0,120.84372
XGBoost,2,39,108.0,121.58489
XGBoost,2,40,107.0,115.33897
XGBoost,2,41,106.0,120.6102
XGBoost,2,42,105.0,117.828125
XGBoost,2,43,104.0,107.22349
XGBoost,2,44,103.0,102.52561
XGBoost,2,45,102.0,103.38372
XGBoost,2,46,101.0,105.844864
XGBoost,2,47,100.0,111.17001
XGBoost,2,48,99.0,113.61762
XGBoost,2,49,98.0,111.23543
XGBoost,3,30,125.0,109.350845
XGBoost,3,31,125.0,107.849785
XGBoost,3,32,125.0,109.58045
XGBoost,3,33,125.0,98.96461
XGBoost,3,34,125.0,92.554306
XGBoost,3,35,125.0,93.97394
XGBoost,3,36,125.0,97.76146
XGBoost,3,37,125.0,104.13075
XGBoost,3,38,125.0,105.060745
XGBoost,3,39,125.0,107.066666
XGBoost,3,40,125.0,106.22579
XGBoost,3,41,125.0,111.97967
XGBoost,3,42,125.0,107.12056
XGBoost,3,43,125.0,109.06184
XGBoost,3,44,125.0,109.60345
XGBoost,3,45,125.0,107.74308
XGBoost,3,46,125.0,113.55832
XGBoost,3,47,125.0,111.73231
XGBoost,3,48,125.0,118.57445
XGBoost,3,49,125.0,116.091484
XGBoost,3,50,125.0,110.08258
XGBoost,3,51,125.0,106.71454
XGBoost,3,52,125.0,114.547516
XGBoost,3,53,125.0,113.12778
XGBoost,3,54,125.0,118.17746
XGBoost,3,55,125.0,109.00112
XGBoost,3,56,125.0,116.6562
XGBoost,3,57,125.0,107.992096
XGBoost,3,58,125.0,112.10614
XGBoost,3,59,125.0,112.79775
XGBoost,3,60,125.0,109.148544
XGBoost,3,61,125.0,114.9142
XGBoost,3,62,125.0,124.69466
XGBoost,3,63,125.0,117.14907
XGBoost,3,64,125.0,110.33312
XGBoost,3,65,125.0,112.16897
XGBoost,3,66,125.0,111.90921
XGBoost,3,67,125.0,116.72174
XGBoost,3,68,125.0,116.18474
XGBoost,3,69,125.0,114.90369
XGBoost,3,70,125.0,114.57782
XGBoost,3,71,124.0,119.01497
XGBoost,3,72,123.0,114.60325
XGBoost,3,73,122.0,109.57007
XGBoost,3,74,121.0,114.208824
XGBoost,3,75,120.0,107.95382
XGBoost,3,76,119.0,111.10919
XGBoost,3,77,118.0,97.968994
XGBoost,3,78,117.0,112.807014
XGBoost,3,79,116.0,112.140686
XGBoost,3,80,115.0,112.14391
XGBoost,3,81,114.0,107.01912
XGBoost,3,82,113.0,119.27464
XGBoost,3,83,112.0,115.25227
XGBoost,3,84,111.0,115.081955
XGBoost,3,85,110.0,111.93202
XGBoost,3,86,109.0,116.27769
XGBoost,3,87,108.0,101.06375
XGBoost,3,88,107.0,93.22729
XGBoost,3,89,106.0,92.87864
XGBoost,3,90,105.0,90.287544
XGBoost,3,91,104.0,108.17917
XGBoost,3,92,103.0,106.48842
XGBoost,3,93,102.0,100.08608
XGBoost,3,94,101.0,109.07709
XGBoost,3,95,100.0,97.42532
XGBoost,3,96,99.0,106.188866
XGBoost,3,97,98.0,107.26415
XGBoost,3,98,97.0,107.646706
XGBoost,3,99,96.0,100.865395
XGBoost,3,100,95.0,108.35095
XGBoost,3,101,94.0,106.24722
XGBoost,3,102,93.0,109.729126
XGBoost,3,103,92.0,112.82201
XGBoost,3,104,91.0,105.40665
XGBoost,3,105,90.0,95.66077
XGBoost,3,106,89.0,92.11824
XGBoost,3,107,88.0,100.49493
XGBoost,3,108,87.0,94.08521
XGBoost,3,109,86.0,99.97051
XGBoost,3,110,85.0,101.32968
XGBoost,3,111,84.0,93.57268
XGBoost,3,112,83.0,86.54245
XGBoost,3,113,82.0,79.16315
XGBoost,3,114,81.0,74.279366
XGBoost,3,115,80.0,78.8358
XGBoost,3,116,79.0,88.6795
XGBoost,3,117,78.0,74.47596
XGBoost,3,118,77.0,72.89732
XGBoost,3,119,76.0,84.44517
XGBoost,3,120,75.0,67.134346
XGBoost,3,121,74.0,78.29013
XGBoost,3,122,73.0,78.60526
XGBoost,3,123,72.0,70.71212
XGBoost,3,124,71.0,74.35879
XGBoost,3,125,70.0,66.72304
XGBoost,3,126,69.0,62.16809
XGBoost,4,30,125.0,122.10326
XGBoost,4,31,125.0,125.34617
XGBoost,4,32,125.0,119.322235
XGBoost,4,33,125.0,126.152214
XGBoost,4,34,125.0,116.39187
XGBoost,4,35,125.0,112.231186
XGBoost,4,36,125.0,114.10508
XGBoost,4,37,125.0,116.854385
XGBoost,4,38,125.0,112.18986
XGBoost,4,39,125.0,115.13066
XGBoost,4,40,125.0,117.701256
XGBoost,4,41,125.0,116.56809
XGBoost,4,42,125.0,120.76823
XGBoost,4,43,125.0,118.81213
XGBoost,4,44,125.0,115.01533
XGBoost,4,45,125.0,114.206
XGBoost,4,46,125.0,110.084175
XGBoost,4,47,125.0,101.39259
XGBoost,4,48,125.0,109.92893
XGBoost,4,49,125.0,115.228134
XGBoost,4,50,125.0,117.048225
XGBoost,4,51,125.0,111.307686
XGBoost,4,52,125.0,116.34406
XGBoost,4,53,125.0,104.68459
XGBoost,4,54,125.0,110.948364
XGBoost,4,55,125.0,115.81796
XGBoost,4,56,125.0,107.77866
XGBoost,4,57,125.0,116.090866
XGBoost,4,58,125.0,108.9525
XGBoost,4,59,125.0,110.97576
XGBoost,4,60,125.0,112.78735
XGBoost,4,61,125.0,126.69903
XGBoost,4,62,125.0,118.53391
XGBoost,4,63,125.0,118.77312
XGBoost,4,64,124.0,114.80289
XGBoost,4,65,123.0,104.9868
XGBoost,4,66,122.0,105.116806
XGBoost,4,67,121.0,109.10741
XGBoost,4,68,120.0,101.18704
XGBoost,4,69,119.0,108.14293
XGBoost,4,70,118.0,108.1042
XGBoost,4,71,117.0,107.66474
XGBoost,4,72,116.0,108.638405
XGBoost,4,73,115.0,105.75489
XGBoost,4,74,114.0,100.76348
XGBoost,4,75,113.0,103.469086
XGBoost,4,76,112.0,89.506615
XGBoost,4,77,111.0,88.83214
XGBoost,4,78,110.0,93.27174
XGBoost,4,79,109.0,100.319885
XGBoost,4,80,108.0,98.88515
XGBoost,4,81,107.0,96.52168
XGBoost,4,82,106.0,106.986
XGBoost,4,83,105.0,106.40397
XGBoost,4,84,104.0,102.12704
XGBoost,4,85,103.0,96.51766
XGBoost,4,86,102.0,108.93467
XGBoost,4,87,101.0,97.225464
XGBoost,4,88,100.0,102.58694
XGBoost,4,89,99.0,108.64975
XGBoost,4,90,98.0,110.438705
XGBoost,4,91,97.0,104.07015
XGBoost,4,92,96.0,110.677956
XGBoost,4,93,95.0,112.21207
XGBoost,4,94,94.0,116.39679
XGBoost,4,95,93.0,109.02847
XGBoost,4,96,92.0,110.39812
XGBoost,4,97,91.0,108.22846
XGBoost,4,98,90.0,112.28743
XGBoost,4,99,89.0,105.43728
XGBoost,4,100,88.0,103.54977
XGBoost,4,101,87.0,94.06239
XGBoost,4,102,86.0,104.31448
XGBoost,4,103,85.0,101.23978
XGBoost,4,104,84.0,100.21956
XGBoost,4,105,83.0,98.26936
XGBoost,4,106,82.0,95.98222
XGBoost,5,30,125.0,111.177765
XGBoost,5,31,125.0,120.53679
XGBoost,5,32,125.0,124.951256
XGBoost,5,33,125.0,122.38417
XGBoost,5,34,125.0,129.5588
XGBoost,5,35,125.0,131.29337
XGBoost,5,36,125.0,131.23077
XGBoost,5,37,125.0,124.40772
XGBoost,5,38,125.0,121.263756
XGBoost,5,39,125.0,125.08693
XGBoost,5,40,125.0,104.326385
XGBoost,5,41,125.0,101.47423
XGBoost,5,42,125.0,92.24774
XGBoost,5,43,125.0,100.644394
XGBoost,5,44,125.0,89.5793
XGBoost,5,45,125.0,94.038666
XGBoost,5,46,125.0,105.67904
XGBoost,5,47,125.0,103.58234
XGBoost,5,48,125.0,100.81917
XGBoost,5,49,125.0,104.82139
XGBoost,5,50,125.0,100.75574
XGBoost,5,51,125.0,106.01566
XGBoost,5,52,125.0,105.0401
XGBoost,5,53,125.0,99.87469
XGBoost,5,54,125.0,104.97657
XGBoost,5,55,125.0,95.465996
XGBoost,5,56,125.0,103.71977
XGBoost,5,57,125.0,114.309425
XGBoost,5,58,125.0,111.10226
XGBoost,5,59,125.0,108.14271
XGBoost,5,60,125.0,105.223335
XGBoost,5,61,125.0,108.914955
XGBoost,5,62,125.0,109.86377
XGBoost,5,63,125.0,117.429535
XGBoost,5,64,125.0,118.532036
XGBoost,5,65,124.0,121.842865
XGBoost,5,66,123.0,120.23769
XGBoost,5,67,122.0,118.00333
XGBoost,5,68,121.0,113.6941
XGBoost,5,69,120.0,107.58242
XGBoost,5,70,119.0,106.5715
XGBoost,5,71,118.0,105.228645
XGBoost,5,72,117.0,98.64528
XGBoost,5,73,116.0,103.7247
XGBoost,5,74,115.0,87.92054
XGBoost,5,75,114.0,98.644844
XGBoost,5,76,113.0,102.15602
XGBoost,5,77,112.0,105.90735
XGBoost,5,78,111.0,106.03455
XGBoost,5,79,110.0,102.099625
XGBoost,5,80,109.0,108.78394
XGBoost,5,81,108.0,105.07904
XGBoost,5,82,107.0,111.66085
XGBoost,5,83,106.0,109.02215
XGBoost,5,84,105.0,108.98316
XGBoost,5,85,104.0,102.9094
XGBoost,5,86,103.0,113.487144
XGBoost,5,87,102.0,102.46759
XGBoost,5,88,101.0,99.459236
XGBoost,5,89,100.0,106.253525
XGBoost,5,90,99.0,114.030014
XGBoost,5,91,98.0,113.468704
XGBoost,5,92,97.0,108.919266
XGBoost,5,93,96.0,104.34896
XGBoost,5,94,95.0,109.44381
XGBoost,5,95,94.0,100.21528
XGBoost,5,96,93.0,98.068275
XGBoost,5,97,92.0,103.324104
XGBoost,5,98,91.0,100.35946
XGBoost,6,30,125.0,118.09416
XGBoost,6,31,125.0,116.78175
XGBoost,6,32,125.0,103.43394
XGBoost,6,33,125.0,103.459885
XGBoost,6,34,125.0,107.43733
XGBoost,6,35,125.0,117.169044
XGBoost,6,36,125.0,112.75355
XGBoost,6,37,125.0,116.62262
XGBoost,6,38,125.0,122.07827
XGBoost,6,39,125.0,118.7945
XGBoost,6,40,125.0,118.41465
XGBoost,6,41,125.0,126.263504
XGBoost,6,42,125.0,121.89426
XGBoost,6,43,125.0,125.87521
XGBoost,6,44,125.0,113.31746
XGBoost,6,45,125.0,103.627754
XGBoost,6,46,125.0,106.02946
XGBoost,6,47,125.0,112.70478
XGBoost,6,48,125.0,116.64765
XGBoost,6,49,125.0,127.91251
XGBoost,6,50,125.0,121.063126
XGBoost,6,51,125.0,121.22498
XGBoost,6,52,125.0,117.57164
XGBoost,6,53,125.0,118.358475
XGBoost,6,54,125.0,119.455696
XGBoost,6,55,125.0,116.97139
XGBoost,6,56,125.0,123.63067
XGBoost,6,57,125.0,110.516464
XGBoost,6,58,125.0,121.57038
XGBoost,6,59,125.0,122.91926
XGBoost,6,60,125.0,120.497444
XGBoost,6,61,125.0,121.77656
XGBoost,6,62,125.0,104.30062
XGBoost,6,63,125.0,99.6841
XGBoost,6,64,125.0,103.258644
XGBoost,6,65,125.0,94.1511
XGBoost,6,66,125.0,103.41739
XGBoost,6,67,125.0,101.09195
XGBoost,6,68,125.0,104.3209
XGBoost,6,69,125.0,111.62384
XGBoost,6,70,125.0,113.92308
XGBoost,6,71,125.0,111.08066
XGBoost,6,72,125.0,112.32758
XGBoost,6,73,125.0,122.39839
XGBoost,6,74,124.0,116.89392
XGBoost,6,75,123.0,115.60345
XGBoost,6,76,122.0,115.906975
XGBoost,6,77,121.0,117.18365
XGBoost,6,78,120.0,116.91184
XGBoost,6,79,119.0,120.28259
XGBoost,6,80,118.0,113.97482
XGBoost,6,81,117.0,117.65753
XGBoost,6,82,116.0,109.1799
XGBoost,6,83,115.0,108.710724
XGBoost,6,84,114.0,113.51555
XGBoost,6,85,113.0,113.84167
XGBoost,6,86,112.0,112.59844
XGBoost,6,87,111.0,114.19081
XGBoost,6,88,110.0,117.3911
XGBoost,6,89,109.0,124.28542
XGBoost,6,90,108.0,113.232574
XGBoost,6,91,107.0,116.0073
XGBoost,6,92,106.0,110.857254
XGBoost,6,93,105.0,114.29251
XGBoost,6,94,104.0,119.04527
XGBoost,6,95,103.0,116.36774
XGBoost,6,96,102.0,103.155624
XGBoost,6,97,101.0,109.415855
XGBoost,6,98,100.0,115.995636
XGBoost,6,99,99.0,116.7481
XGBoost,6,100,98.0,108.86012
XGBoost,6,101,97.0,103.38219
XGBoost,6,102,96.0,97.888435
XGBoost,6,103,95.0,98.4764
XGBoost,6,104,94.0,102.49883
XGBoost,6,105,93.0,107.83876
XGBoost,7,30,125.0,123.3044
XGBoost,7,31,125.0,118.68443
XGBoost,7,32,125.0,123.19125
XGBoost,7,33,125.0,124.35741
XGBoost,7,34,125.0,121.598236
XGBoost,7,35,125.0,122.50536
XGBoost,7,36,125.0,116.28436
XGBoost,7,37,125.0,114.53125
XGBoost,7,38,125.0,113.7257
XGBoost,7,39,125.0,115.19146
XGBoost,7,40,125.0,114.647835
XGBoost,7,41,125.0,114.64096
XGBoost,7,42,125.0,116.59733
XGBoost,7,43,125.0,115.75867
XGBoost,7,44,125.0,114.52249
XGBoost,7,45,125.0,112.63261
XGBoost,7,46,125.0,118.507706
XGBoost,7,47,125.0,118.944885
XGBoost,7,48,125.0,114.84481
XGBoost,7,49,125.0,117.5604
XGBoost,7,50,125.0,116.29613
XGBoost,7,51,125.0,118.193985
XGBoost,7,52,125.0,122.813385
XGBoost,7,53,125.0,124.765495
XGBoost,7,54,125.0,125.329895
XGBoost,7,55,125.0,123.77821
XGBoost,7,56,125.0,119.30153
XGBoost,7,57,125.0,123.93063
XGBoost,7,58,125.0,120.14126
XGBoost,7,59,125.0,122.04031
XGBoost,7,60,125.0,119.48225
XGBoost,7,61,125.0,118.56381
XGBoost,7,62,125.0,120.80319
XGBoost,7,63,125.0,124.08118
XGBoost,7,64,125.0,123.57731
XGBoost,7,65,125.0,120.66296
XGBoost,7,66,125.0,119.449554
XGBoost,7,67,125.0,114.71764
XGBoost,7,68,125.0,116.05443
XGBoost,7,69,125.0,116.27468
XGBoost,7,70,125.0,115.74769
XGBoost,7,71,125.0,119.48668
XGBoost,7,72,125.0,122.17637
XGBoost,7,73,125.0,119.279076
XGBoost,7,74,125.0,120.032776
XGBoost,7,75,125.0,121.572334
XGBoost,7,76,125.0,120.960976
XGBoost,7,77,125.0,117.959564
XGBoost,7,78,125.0,115.08043
XGBoost,7,79,125.0,117.0309
XGBoost,7,80,125.0,118.196236
XGBoost,7,81,125.0,118.91974
XGBoost,7,82,125.0,116.59445
XGBoost,7,83,125.0,115.80756
XGBoost,7,84,125.0,117.22129
XGBoost,7,85,125.0,118.430695
XGBoost,7,86,125.0,115.237724
XGBoost,7,87,125.0,113.041695
XGBoost,7,88,125.0,112.36925
XGBoost,7,89,125.0,112.31342
XGBoost,7,90,125.0,108.27453
XGBoost,7,91,125.0,108.67629
XGBoost,7,92,125.0,114.803314
XGBoost,7,93,125.0,114.14504
XGBoost,7,94,125.0,118.46918
XGBoost,7,95,125.0,119.265396
XGBoost,7,96,125.0,121.6175
XGBoost,7,97,125.0,120.97331
XGBoost,7,98,125.0,115.6958
XGBoost,7,99,125.0,117.6801
XGBoost,7,100,125.0,115.50569
XGBoost,7,101,125.0,110.92777
XGBoost,7,102,125.0,112.93599
XGBoost,7,103,125.0,112.32366
XGBoost,7,104,125.0,112.141205
XGBoost,7,105,125.0,119.08074
XGBoost,7,106,125.0,118.46346
XGBoost,7,107,125.0,117.67579
XGBoost,7,108,125.0,115.60199
XGBoost,7,109,125.0,115.64172
XGBoost,7,110,125.0,117.97323
XGBoost,7,111,125.0,114.35851
XGBoost,7,112,125.0,115.279205
XGBoost,7,113,125.0,115.05381
XGBoost,7,114,125.0,112.62173
XGBoost,7,115,125.0,110.20845
XGBoost,7,116,125.0,112.808876
XGBoost,7,117,125.0,109.26028
XGBoost,7,118,125.0,105.595825
XGBoost,7,119,125.0,93.01901
XGBoost,7,120,125.0,94.08018
XGBoost,7,121,125.0,103.07575
XGBoost,7,122,125.0,104.84954
XGBoost,7,123,125.0,110.01482
XGBoost,7,124,125.0,110.64612
XGBoost,7,125,125.0,108.40614
XGBoost,7,126,125.0,114.42571
XGBoost,7,127,124.0,112.91674
XGBoost,7,128,123.0,114.191864
XGBoost,7,129,122.0,117.123055
XGBoost,7,130,121.0,111.896194
XGBoost,7,131,120.0,107.56429
XGBoost,7,132,119.0,108.746414
XGBoost,7,133,118.0,108.48401
XGBoost,7,134,117.0,108.06716
XGBoost,7,135,116.0,111.61467
XGBoost,7,136,115.0,113.23085
XGBoost,7,137,114.0,110.565506
XGBoost,7,138,113.0,100.031494
XGBoost,7,139,112.0,105.90915
XGBoost,7,140,111.0,105.43868
XGBoost,7,141,110.0,96.20444
XGBoost,7,142,109.0,94.9455
XGBoost,7,143,108.0,99.43391
XGBoost,7,144,107.0,99.506714
XGBoost,7,145,106.0,87.92649
XGBoost,7,146,105.0,99.617226
XGBoost,7,147,104.0,103.02566
XGBoost,7,148,103.0,103.835014
XGBoost,7,149,102.0,102.4329
XGBoost,7,150,101.0,99.82924
XGBoost,7,151,100.0,101.70755
XGBoost,7,152,99.0,105.951546
XGBoost,7,153,98.0,109.58618
XGBoost,7,154,97.0,102.377975
XGBoost,7,155,96.0,104.784744
XGBoost,7,156,95.0,104.26328
XGBoost,7,157,94.0,106.91957
XGBoost,7,158,93.0,105.869675
XGBoost,7,159,92.0,103.60885
XGBoost,7,160,91.0,96.45481
XGBoost,8,30,125.0,124.02876
XGBoost,8,31,125.0,112.625015
XGBoost,8,32,125.0,113.40839
XGBoost,8,33,125.0,106.108635
XGBoost,8,34,125.0,112.7775
XGBoost,8,35,125.0,112.96381
XGBoost,8,36,125.0,115.51804
XGBoost,8,37,125.0,115.59966
XGBoost,8,38,125.0,119.19505
XGBoost,8,39,125.0,122.88442
XGBoost,8,40,125.0,122.46862
XGBoost,8,41,125.0,126.89537
XGBoost,8,42,125.0,125.3372
XGBoost,8,43,125.0,117.93636
XGBoost,8,44,125.0,116.89073
XGBoost,8,45,125.0,117.84291
XGBoost,8,46,125.0,121.96834
XGBoost,8,47,125.0,117.7172
XGBoost,8,48,125.0,109.480286
XGBoost,8,49,125.0,117.63336
XGBoost,8,50,125.0,106.64632
XGBoost,8,51,125.0,123.21952
XGBoost,8,52,125.0,116.10421
XGBoost,8,53,125.0,104.441
XGBoost,8,54,125.0,109.38854
XGBoost,8,55,125.0,105.459076
XGBoost,8,56,125.0,102.836174
XGBoost,8,57,125.0,101.790115
XGBoost,8,58,125.0,105.91518
XGBoost,8,59,125.0,114.450264
XGBoost,8,60,125.0,115.57675
XGBoost,8,61,125.0,114.57203
XGBoost,8,62,125.0,115.00132
XGBoost,8,63,125.0,107.613
XGBoost,8,64,125.0,120.38523
XGBoost,8,65,125.0,120.84321
XGBoost,8,66,125.0,117.21078
XGBoost,8,67,125.0,118.73622
XGBoost,8,68,125.0,123.74078
XGBoost,8,69,125.0,118.22496
XGBoost,8,70,125.0,114.52303
XGBoost,8,71,125.0,112.00365
XGBoost,8,72,125.0,119.7709
XGBoost,8,73,125.0,115.28068
XGBoost,8,74,125.0,116.498726
XGBoost,8,75,125.0,120.57846
XGBoost,8,76,125.0,116.11442
XGBoost,8,77,125.0,125.319565
XGBoost,8,78,125.0,123.12721
XGBoost,8,79,125.0,127.13689
XGBoost,8,80,125.0,126.32162
XGBoost,8,81,125.0,123.33358
XGBoost,8,82,125.0,120.02651
XGBoost,8,83,125.0,114.88766
XGBoost,8,84,125.0,115.54046
XGBoost,8,85,125.0,124.1339
XGBoost,8,86,125.0,116.971825
XGBoost,8,87,125.0,116.68378
XGBoost,8,88,125.0,115.800064
XGBoost,8,89,125.0,122.46188
XGBoost,8,90,125.0,116.54297
XGBoost,8,91,125.0,113.70196
XGBoost,8,92,125.0,116.61199
XGBoost,8,93,125.0,113.65447
XGBoost,8,94,125.0,111.27492
XGBoost,8,95,125.0,109.1102
XGBoost,8,96,125.0,114.35827
XGBoost,8,97,125.0,114.045494
XGBoost,8,98,125.0,113.334366
XGBoost,8,99,125.0,109.00276
XGBoost,8,100,125.0,107.958885
XGBoost,8,101,125.0,101.9415
XGBoost,8,102,125.0,107.374985
XGBoost,8,103,125.0,107.89321
XGBoost,8,104,125.0,107.839615
XGBoost,8,105,125.0,108.12224
XGBoost,8,106,125.0,107.19436
XGBoost,8,107,125.0,116.67648
XGBoost,8,108,125.0,120.914505
XGBoost,8,109,125.0,118.52939
XGBoost,8,110,125.0,117.21895
XGBoost,8,111,125.0,118.70253
XGBoost,8,112,125.0,120.574165
XGBoost,8,113,125.0,113.37204
XGBoost,8,114,125.0,111.4999
XGBoost,8,115,125.0,112.05356
XGBoost,8,116,125.0,103.69097
XGBoost,8,117,125.0,104.178535
XGBoost,8,118,125.0,117.83389
XGBoost,8,119,125.0,121.478775
XGBoost,8,120,125.0,121.181076
XGBoost,8,121,125.0,121.932396
XGBoost,8,122,125.0,123.723274
XGBoost,8,123,125.0,131.07433
XGBoost,8,124,125.0,128.07298
XGBoost,8,125,125.0,131.04669
XGBoost,8,126,125.0,118.44931
XGBoost,8,127,125.0,119.580376
XGBoost,8,128,125.0,117.37447
XGBoost,8,129,125.0,115.59819
XGBoost,8,130,125.0,109.0014
XGBoost,8,131,125.0,110.866165
XGBoost,8,132,125.0,107.90961
XGBoost,8,133,125.0,114.1433
XGBoost,8,134,125.0,111.284615
XGBoost,8,135,125.0,111.679474
XGBoost,8,136,125.0,110.956985
XGBoost,8,137,124.0,111.08321
XGBoost,8,138,123.0,106.21517
XGBoost,8,139,122.0,106.918785
XGBoost,8,140,121.0,105.22994
XGBoost,8,141,120.0,107.499176
XGBoost,8,142,119.0,103.928375
XGBoost,8,143,118.0,107.8834
XGBoost,8,144,117.0,102.65489
XGBoost,8,145,116.0,85.402016
XGBoost,8,146,115.0,96.47982
XGBoost,8,147,114.0,100.45308
XGBoost,8,148,113.0,110.64933
XGBoost,8,149,112.0,107.09152
XGBoost,8,150,111.0,110.44956
XGBoost,8,151,110.0,109.569176
XGBoost,8,152,109.0,109.31784
XGBoost,8,153,108.0,102.335915
XGBoost,8,154,107.0,107.31078
XGBoost,8,155,106.0,104.22188
XGBoost,8,156,105.0,111.27858
XGBoost,8,157,104.0,103.68661
XGBoost,8,158,103.0,107.55448
XGBoost,8,159,102.0,104.99001
XGBoost,8,160,101.0,101.333015
XGBoost,8,161,100.0,101.436584
XGBoost,8,162,99.0,107.34035
XGBoost,8,163,98.0,91.25574
XGBoost,8,164,97.0,110.649796
XGBoost,8,165,96.0,111.026955
XGBoost,8,166,95.0,99.03751
XGBoost,9,30,125.0,129.35052
XGBoost,9,31,125.0,120.313484
XGBoost,9,32,125.0,121.91518
XGBoost,9,33,125.0,113.55353
XGBoost,9,34,125.0,118.50745
XGBoost,9,35,125.0,109.235954
XGBoost,9,36,125.0,113.041176
XGBoost,9,37,125.0,121.144
XGBoost,9,38,125.0,118.445
XGBoost,9,39,125.0,128.31175
XGBoost,9,40,125.0,123.40184
XGBoost,9,41,125.0,119.11689
XGBoost,9,42,124.0,123.45608
XGBoost,9,43,123.0,111.73581
XGBoost,9,44,122.0,109.40918
XGBoost,9,45,121.0,108.24105
XGBoost,9,46,120.0,117.49987
XGBoost,9,47,119.0,116.05973
XGBoost,9,48,118.0,114.63032
XGBoost,9,49,117.0,109.868805
XGBoost,9,50,116.0,117.7183
XGBoost,9,51,115.0,115.29087
XGBoost,9,52,114.0,119.89923
XGBoost,9,53,113.0,108.81571
XGBoost,9,54,112.0,114.87122
XGBoost,9,55,111.0,118.40036
XGBoost,10,30,125.0,115.81887
XGBoost,10,31,125.0,120.56543
XGBoost,10,32,125.0,122.046425
XGBoost,10,33,125.0,122.73836
XGBoost,10,34,125.0,119.44254
XGBoost,10,35,125.0,117.90756
XGBoost,10,36,125.0,115.781204
XGBoost,10,37,125.0,116.06347
XGBoost,10,38,125.0,118.831535
XGBoost,10,39,125.0,113.59446
XGBoost,10,40,125.0,118.162895
XGBoost,10,41,125.0,109.87068
XGBoost,10,42,125.0,112.23229
XGBoost,10,43,125.0,116.17393
XGBoost,10,44,125.0,119.083664
XGBoost,10,45,125.0,118.91035
XGBoost,10,46,125.0,118.781235
XGBoost,10,47,125.0,118.15607
XGBoost,10,48,125.0,116.952095
XGBoost,10,49,125.0,121.079124
XGBoost,10,50,125.0,115.9668
XGBoost,10,51,125.0,116.43132
XGBoost,10,52,125.0,115.56871
XGBoost,10,53,125.0,117.57255
XGBoost,10,54,125.0,117.45946
XGBoost,10,55,125.0,118.05479
XGBoost,10,56,125.0,118.02807
XGBoost,10,57,125.0,118.32997
XGBoost,10,58,125.0,114.39791
XGBoost,10,59,125.0,119.904976
XGBoost,10,60,125.0,115.8548
XGBoost,10,61,125.0,118.71476
XGBoost,10,62,125.0,118.15807
XGBoost,10,63,125.0,119.82841
XGBoost,10,64,125.0,118.7427
XGBoost,10,65,125.0,119.56418
XGBoost,10,66,125.0,120.93162
XGBoost,10,67,125.0,119.98737
XGBoost,10,68,125.0,118.70281
XGBoost,10,69,125.0,119.99341
XGBoost,10,70,125.0,118.64569
XGBoost,10,71,125.0,117.811386
XGBoost,10,72,125.0,120.169205
XGBoost,10,73,125.0,119.940506
XGBoost,10,74,125.0,119.70917
XGBoost,10,75,125.0,123.85359
XGBoost,10,76,125.0,122.51644
XGBoost,10,77,125.0,124.85401
XGBoost,10,78,125.0,125.5597
XGBoost,10,79,125.0,125.290535
XGBoost,10,80,125.0,120.85558
XGBoost,10,81,125.0,123.73035
XGBoost,10,82,125.0,120.39716
XGBoost,10,83,125.0,118.44987
XGBoost,10,84,125.0,118.558304
XGBoost,10,85,125.0,115.05336
XGBoost,10,86,125.0,119.27385
XGBoost,10,87,125.0,112.218
XGBoost,10,88,125.0,105.4484
XGBoost,10,89,125.0,109.40174
XGBoost,10,90,125.0,113.70798
XGBoost,10,91,125.0,116.64103
XGBoost,10,92,125.0,114.09985
XGBoost,10,93,125.0,116.17993
XGBoost,10,94,125.0,116.258484
XGBoost,10,95,125.0,118.0216
XGBoost,10,96,125.0,118.28302
XGBoost,10,97,125.0,111.18334
XGBoost,10,98,125.0,111.95592
XGBoost,10,99,125.0,109.88652
XGBoost,10,100,125.0,109.84075
XGBoost,10,101,125.0,115.502235
XGBoost,10,102,125.0,112.42116
XGBoost,10,103,125.0,116.7987
XGBoost,10,104,125.0,117.50452
XGBoost,10,105,125.0,114.88006
XGBoost,10,106,125.0,113.940575
XGBoost,10,107,125.0,112.66663
XGBoost,10,108,125.0,109.76135
XGBoost,10,109,125.0,110.7785
XGBoost,10,110,125.0,111.18975
XGBoost,10,111,125.0,110.60835
XGBoost,10,112,125.0,110.9615
XGBoost,10,113,125.0,113.45155
XGBoost,10,114,125.0,111.29222
XGBoost,10,115,125.0,115.50259
XGBoost,10,116,125.0,111.20168
XGBoost,10,117,125.0,116.145706
XGBoost,10,118,125.0,110.476425
XGBoost,10,119,125.0,109.10486
XGBoost,10,120,125.0,102.99959
XGBoost,10,121,125.0,106.28319
XGBoost,10,122,125.0,107.05743
XGBoost,10,123,125.0,113.0098
XGBoost,10,124,125.0,115.25247
XGBoost,10,125,125.0,120.670845
XGBoost,10,126,125.0,109.36385
XGBoost,10,127,125.0,111.93097
XGBoost,10,128,125.0,115.134
XGBoost,10,129,125.0,115.29915
XGBoost,10,130,125.0,115.80294
XGBoost,10,131,125.0,107.26614
XGBoost,10,132,125.0,109.92672
XGBoost,10,133,125.0,110.09722
XGBoost,10,134,125.0,108.791336
XGBoost,10,135,125.0,102.60327
XGBoost,10,136,125.0,107.31278
XGBoost,10,137,125.0,112.17223
XGBoost,10,138,125.0,109.2809
XGBoost,10,139,125.0,104.3681
XGBoost,10,140,125.0,104.5676
XGBoost,10,141,125.0,101.387825
XGBoost,10,142,125.0,99.279854
XGBoost,10,143,125.0,108.38721
XGBoost,10,144,125.0,110.139114
XGBoost,10,145,125.0,110.74121
XGBoost,10,146,125.0,110.86205
XGBoost,10,147,125.0,112.99662
XGBoost,10,148,125.0,110.38529
XGBoost,10,149,125.0,107.02751
XGBoost,10,150,125.0,101.45378
XGBoost,10,151,125.0,107.23722
XGBoost,10,152,125.0,110.60479
XGBoost,10,153,125.0,108.812416
XGBoost,10,154,125.0,102.73962
XGBoost,10,155,125.0,106.62938
XGBoost,10,156,125.0,108.62533
XGBoost,10,157,125.0,107.34483
XGBoost,10,158,125.0,113.79442
XGBoost,10,159,125.0,109.72091
XGBoost,10,160,125.0,105.547
XGBoost,10,161,125.0,101.48698
XGBoost,10,162,125.0,93.03007
XGBoost,10,163,125.0,95.291214
XGBoost,10,164,124.0,100.63621
XGBoost,10,165,123.0,98.58128
XGBoost,10,166,122.0,100.670204
XGBoost,10,167,121.0,99.99026
XGBoost,10,168,120.0,96.42411
XGBoost,10,169,119.0,86.33571
XGBoost,10,170,118.0,94.40814
XGBoost,10,171,117.0,90.94008
XGBoost,10,172,116.0,90.81333
XGBoost,10,173,115.0,91.44037
XGBoost,10,174,114.0,83.54068
XGBoost,10,175,113.0,83.08891
XGBoost,10,176,112.0,89.3131
XGBoost,10,177,111.0,80.19308
XGBoost,10,178,110.0,92.95937
XGBoost,10,179,109.0,99.76455
XGBoost,10,180,108.0,87.01419
XGBoost,10,181,107.0,99.1627
XGBoost,10,182,106.0,95.3413
XGBoost,10,183,105.0,90.19628
XGBoost,10,184,104.0,95.512344
XGBoost,10,185,103.0,92.73703
XGBoost,10,186,102.0,97.36425
XGBoost,10,187,101.0,88.650986
XGBoost,10,188,100.0,92.24478
XGBoost,10,189,99.0,95.15318
XGBoost,10,190,98.0,98.33988
XGBoost,10,191,97.0,92.55477
XGBoost,10,192,96.0,87.1959
XGBoost,11,30,125.0,119.90865
XGBoost,11,31,125.0,113.978
XGBoost,11,32,125.0,111.28458
XGBoost,11,33,125.0,109.96399
XGBoost,11,34,125.0,123.23871
XGBoost,11,35,125.0,122.416405
XGBoost,11,36,125.0,126.26758
XGBoost,11,37,125.0,121.66361
XGBoost,11,38,125.0,120.65701
XGBoost,11,39,125.0,113.63024
XGBoost,11,40,125.0,116.18287
XGBoost,11,41,125.0,119.73873
XGBoost,11,42,125.0,112.45234
XGBoost,11,43,125.0,112.609795
XGBoost,11,44,125.0,113.8953
XGBoost,11,45,125.0,119.00779
XGBoost,11,46,125.0,120.83214
XGBoost,11,47,125.0,124.49181
XGBoost,11,48,125.0,117.87977
XGBoost,11,49,125.0,120.79484
XGBoost,11,50,125.0,110.89848
XGBoost,11,51,125.0,105.05397
XGBoost,11,52,125.0,108.63998
XGBoost,11,53,125.0,103.94892
XGBoost,11,54,125.0,103.02473
XGBoost,11,55,125.0,108.458595
XGBoost,11,56,124.0,107.19041
XGBoost,11,57,123.0,100.09964
XGBoost,11,58,122.0,106.24463
XGBoost,11,59,121.0,112.08677
XGBoost,11,60,120.0,103.63874
XGBoost,11,61,119.0,101.17402
XGBoost,11,62,118.0,98.37292
XGBoost,11,63,117.0,94.63202
XGBoost,11,64,116.0,100.707535
XGBoost,11,65,115.0,106.554276
XGBoost,11,66,114.0,112.37148
XGBoost,11,67,113.0,124.594765
XGBoost,11,68,112.0,119.52461
XGBoost,11,69,111.0,115.14591
XGBoost,11,70,110.0,100.86129
XGBoost,11,71,109.0,113.6465
XGBoost,11,72,108.0,116.90821
XGBoost,11,73,107.0,106.8653
XGBoost,11,74,106.0,102.52849
XGBoost,11,75,105.0,99.496864
XGBoost,11,76,104.0,109.02958
XGBoost,11,77,103.0,105.71917
XGBoost,11,78,102.0,104.018555
XGBoost,11,79,101.0,95.51461
XGBoost,11,80,100.0,81.55382
XGBoost,11,81,99.0,89.55807
XGBoost,11,82,98.0,100.75638
XGBoost,11,83,97.0,95.56436
XGBoost,12,30,125.0,121.037025
XGBoost,12,31,125.0,123.48858
XGBoost,12,32,125.0,124.09808
XGBoost,12,33,125.0,121.14449
XGBoost,12,34,125.0,120.107925
XGBoost,12,35,125.0,122.58971
XGBoost,12,36,125.0,124.17088
XGBoost,12,37,125.0,124.53051
XGBoost,12,38,125.0,126.26361
XGBoost,12,39,125.0,124.78044
XGBoost,12,40,125.0,126.175415
XGBoost,12,41,125.0,123.76295
XGBoost,12,42,125.0,122.87984
XGBoost,12,43,125.0,123.51332
XGBoost,12,44,125.0,121.65971
XGBoost,12,45,125.0,121.208244
XGBoost,12,46,125.0,118.39948
XGBoost,12,47,125.0,121.55989
XGBoost,12,48,125.0,120.462524
XGBoost,12,49,125.0,120.37426
XGBoost,12,50,125.0,118.51987
XGBoost,12,51,125.0,115.38235
XGBoost,12,52,125.0,117.588615
XGBoost,12,53,125.0,122.38043
XGBoost,12,54,125.0,120.82811
XGBoost,12,55,125.0,121.56253
XGBoost,12,56,125.0,122.097824
XGBoost,12,57,125.0,122.53294
XGBoost,12,58,125.0,119.74685
XGBoost,12,59,125.0,121.963295
XGBoost,12,60,125.0,123.70925
XGBoost,12,61,125.0,122.42927
XGBoost,12,62,125.0,117.8299
XGBoost,12,63,125.0,118.38729
XGBoost,12,64,125.0,118.291016
XGBoost,12,65,125.0,118.08506
XGBoost,12,66,125.0,118.920845
XGBoost,12,67,125.0,122.4804
XGBoost,12,68,125.0,115.380646
XGBoost,12,69,125.0,111.90088
XGBoost,12,70,125.0,117.00476
XGBoost,12,71,125.0,114.0388
XGBoost,12,72,125.0,114.7992
XGBoost,12,73,125.0,116.35053
XGBoost,12,74,125.0,114.69456
XGBoost,12,75,125.0,117.21648
XGBoost,12,76,125.0,113.19136
XGBoost,12,77,125.0,114.51121
XGBoost,12,78,125.0,116.535545
XGBoost,12,79,125.0,116.4289
XGBoost,12,80,125.0,114.965065
XGBoost,12,81,125.0,116.05136
XGBoost,12,82,125.0,116.93634
XGBoost,12,83,125.0,113.84438
XGBoost,12,84,125.0,112.751396
XGBoost,12,85,125.0,112.879196
XGBoost,12,86,125.0,114.788124
XGBoost,12,87,125.0,117.7939
XGBoost,12,88,125.0,119.5149
XGBoost,12,89,125.0,113.76283
XGBoost,12,90,125.0,114.95001
XGBoost,12,91,125.0,113.49302
XGBoost,12,92,125.0,116.96074
XGBoost,12,93,125.0,118.9897
XGBoost,12,94,125.0,119.87193
XGBoost,12,95,125.0,113.671486
XGBoost,12,96,125.0,114.54467
XGBoost,12,97,125.0,120.12487
XGBoost,12,98,125.0,122.41335
XGBoost,12,99,125.0,122.48387
XGBoost,12,100,125.0,118.48648
XGBoost,12,101,125.0,115.922516
XGBoost,12,102,125.0,118.64102
XGBoost,12,103,125.0,116.98245
XGBoost,12,104,125.0,119.74827
XGBoost,12,105,125.0,120.1749
XGBoost,12,106,125.0,121.44835
XGBoost,12,107,125.0,123.22396
XGBoost,12,108,125.0,123.65618
XGBoost,12,109,125.0,123.50823
XGBoost,12,110,125.0,127.18778
XGBoost,12,111,125.0,122.26215
XGBoost,12,112,125.0,124.56075
XGBoost,12,113,125.0,121.28925
XGBoost,12,114,125.0,120.553024
XGBoost,12,115,125.0,115.5756
XGBoost,12,116,125.0,116.65232
XGBoost,12,117,125.0,123.76757
XGBoost,12,118,125.0,123.25909
XGBoost,12,119,125.0,119.81321
XGBoost,12,120,125.0,122.31869
XGBoost,12,121,125.0,117.57735
XGBoost,12,122,125.0,116.88602
XGBoost,12,123,125.0,118.317894
XGBoost,12,124,125.0,116.95618
XGBoost,12,125,125.0,116.471016
XGBoost,12,126,125.0,116.285934
XGBoost,12,127,125.0,114.36435
XGBoost,12,128,125.0,117.30273
XGBoost,12,129,125.0,115.378265
XGBoost,12,130,125.0,116.60048
XGBoost,12,131,125.0,116.83419
XGBoost,12,132,125.0,115.84474
XGBoost,12,133,125.0,118.33516
XGBoost,12,134,125.0,120.164665
XGBoost,12,135,125.0,116.823296
XGBoost,12,136,125.0,115.3078
XGBoost,12,137,125.0,117.49573
XGBoost,12,138,125.0,112.44238
XGBoost,12,139,125.0,113.04313
XGBoost,12,140,125.0,114.20432
XGBoost,12,141,125.0,114.078445
XGBoost,12,142,125.0,120.696236
XGBoost,12,143,125.0,111.81859
XGBoost,12,144,125.0,118.1543
XGBoost,12,145,125.0,110.491394
XGBoost,12,146,125.0,116.2254
XGBoost,12,147,125.0,117.97914
XGBoost,12,148,125.0,114.93456
XGBoost,12,149,125.0,119.41035
XGBoost,12,150,125.0,114.80294
XGBoost,12,151,125.0,113.97389
XGBoost,12,152,125.0,110.239716
XGBoost,12,153,125.0,112.25608
XGBoost,12,154,125.0,104.690025
XGBoost,12,155,125.0,110.1641
XGBoost,12,156,125.0,108.90132
XGBoost,12,157,125.0,111.525955
XGBoost,12,158,125.0,103.32481
XGBoost,12,159,125.0,104.045616
XGBoost,12,160,125.0,111.42852
XGBoost,12,161,125.0,106.59808
XGBoost,12,162,125.0,106.61373
XGBoost,12,163,125.0,109.1767
XGBoost,12,164,125.0,107.5349
XGBoost,12,165,125.0,107.53587
XGBoost,12,166,125.0,103.230225
XGBoost,12,167,125.0,105.90036
XGBoost,12,168,125.0,104.23845
XGBoost,12,169,125.0,109.320015
XGBoost,12,170,125.0,111.27827
XGBoost,12,171,125.0,111.18127
XGBoost,12,172,125.0,115.14522
XGBoost,12,173,125.0,112.90869
XGBoost,12,174,125.0,114.20545
XGBoost,12,175,125.0,117.86524
XGBoost,12,176,125.0,121.06286
XGBoost,12,177,125.0,117.441154
XGBoost,12,178,125.0,121.31096
XGBoost,12,179,125.0,115.836494
XGBoost,12,180,125.0,115.617775
XGBoost,12,181,125.0,116.286064
XGBoost,12,182,125.0,106.52387
XGBoost,12,183,125.0,104.32274
XGBoost,12,184,125.0,98.89393
XGBoost,12,185,125.0,101.686966
XGBoost,12,186,125.0,102.19729
XGBoost,12,187,125.0,102.97625
XGBoost,12,188,125.0,97.52412
XGBoost,12,189,125.0,103.15613
XGBoost,12,190,125.0,101.03836
XGBoost,12,191,125.0,105.94092
XGBoost,12,192,125.0,100.65529
XGBoost,12,193,125.0,98.68922
XGBoost,12,194,125.0,99.986435
XGBoost,12,195,125.0,93.31234
XGBoost,12,196,125.0,91.61514
XGBoost,12,197,125.0,98.86902
XGBoost,12,198,125.0,97.23412
XGBoost,12,199,125.0,93.39651
XGBoost,12,200,125.0,98.7886
XGBoost,12,201,125.0,98.01862
XGBoost,12,202,125.0,103.76692
XGBoost,12,203,125.0,100.82675
XGBoost,12,204,125.0,101.69765
XGBoost,12,205,125.0,98.657646
XGBoost,12,206,125.0,101.94721
XGBoost,12,207,125.0,108.141
XGBoost,12,208,125.0,101.52246
XGBoost,12,209,125.0,107.3133
XGBoost,12,210,125.0,110.270546
XGBoost,12,211,125.0,114.485695
XGBoost,12,212,125.0,110.15458
XGBoost,12,213,125.0,113.59182
XGBoost,12,214,125.0,104.68992
XGBoost,12,215,125.0,105.71549
XGBoost,12,216,125.0,104.10835
XGBoost,12,217,124.0,102.17382
XGBoost,13,30,125.0,123.81755
XGBoost,13,31,125.0,118.70008
XGBoost,13,32,125.0,123.87413
XGBoost,13,33,125.0,121.135704
XGBoost,13,34,125.0,117.82359
XGBoost,13,35,125.0,121.82718
XGBoost,13,36,125.0,120.944
XGBoost,13,37,125.0,119.29194
XGBoost,13,38,125.0,118.46668
XGBoost,13,39,125.0,121.08935
XGBoost,13,40,125.0,116.500534
XGBoost,13,41,125.0,115.95071
XGBoost,13,42,125.0,117.284065
XGBoost,13,43,125.0,114.99081
XGBoost,13,44,125.0,114.02545
XGBoost,13,45,125.0,115.8936
XGBoost,13,46,125.0,119.19637
XGBoost,13,47,125.0,118.090485
XGBoost,13,48,125.0,115.559814
XGBoost,13,49,125.0,119.22606
XGBoost,13,50,125.0,120.25317
XGBoost,13,51,125.0,115.98592
XGBoost,13,52,125.0,121.01407
XGBoost,13,53,125.0,117.62857
XGBoost,13,54,125.0,122.37511
XGBoost,13,55,125.0,125.83105
XGBoost,13,56,125.0,125.66459
XGBoost,13,57,125.0,123.42522
XGBoost,13,58,125.0,123.014046
XGBoost,13,59,125.0,120.56098
XGBoost,13,60,125.0,119.14265
XGBoost,13,61,125.0,121.3765
XGBoost,13,62,125.0,120.8304
XGBoost,13,63,125.0,120.0339
XGBoost,13,64,125.0,120.64003
XGBoost,13,65,125.0,124.69844
XGBoost,13,66,125.0,122.59148
XGBoost,13,67,125.0,122.6706
XGBoost,13,68,125.0,122.12607
XGBoost,13,69,125.0,121.457924
XGBoost,13,70,125.0,122.17718
XGBoost,13,71,125.0,123.60905
XGBoost,13,72,125.0,118.89668
XGBoost,13,73,125.0,121.927414
XGBoost,13,74,125.0,115.63173
XGBoost,13,75,125.0,118.051765
XGBoost,13,76,125.0,117.203476
XGBoost,13,77,125.0,121.81399
XGBoost,13,78,125.0,120.902885
XGBoost,13,79,125.0,121.69538
XGBoost,13,80,125.0,119.60168
XGBoost,13,81,125.0,122.92975
XGBoost,13,82,125.0,119.89569
XGBoost,13,83,125.0,118.11096
XGBoost,13,84,125.0,112.850044
XGBoost,13,85,125.0,113.57185
XGBoost,13,86,125.0,118.163506
XGBoost,13,87,125.0,116.70007
XGBoost,13,88,125.0,115.47037
XGBoost,13,89,125.0,114.36537
XGBoost,13,90,125.0,116.64777
XGBoost,13,91,125.0,118.13541
XGBoost,13,92,125.0,119.98491
XGBoost,13,93,125.0,118.47966
XGBoost,13,94,125.0,120.32437
XGBoost,13,95,125.0,117.05467
XGBoost,13,96,125.0,118.00315
XGBoost,13,97,125.0,111.416306
XGBoost,13,98,125.0,119.04102
XGBoost,13,99,125.0,116.851364
XGBoost,13,100,125.0,109.19449
XGBoost,13,101,125.0,114.757256
XGBoost,13,102,125.0,105.69094
XGBoost,13,103,125.0,108.455414
XGBoost,13,104,125.0,110.94731
XGBoost,13,105,125.0,108.28465
XGBoost,13,106,125.0,113.735405
XGBoost,13,107,125.0,119.569374
XGBoost,13,108,125.0,118.75942
XGBoost,13,109,125.0,115.32312
XGBoost,13,110,125.0,116.179825
XGBoost,13,111,125.0,115.38064
XGBoost,13,112,125.0,116.963394
XGBoost,13,113,125.0,116.861824
XGBoost,13,114,125.0,118.52978
XGBoost,13,115,125.0,116.282745
XGBoost,13,116,125.0,118.10638
XGBoost,13,117,125.0,114.71923
XGBoost,13,118,125.0,113.78342
XGBoost,13,119,125.0,115.46382
XGBoost,13,120,125.0,114.02009
XGBoost,13,121,125.0,115.162476
XGBoost,13,122,125.0,110.59432
XGBoost,13,123,125.0,105.505806
XGBoost,13,124,125.0,99.66659
XGBoost,13,125,125.0,101.697624
XGBoost,13,126,125.0,104.71702
XGBoost,13,127,125.0,104.49246
XGBoost,13,128,125.0,112.31657
XGBoost,13,129,125.0,114.05517
XGBoost,13,130,125.0,110.54668
XGBoost,13,131,125.0,106.69226
XGBoost,13,132,125.0,103.88
XGBoost,13,133,125.0,109.3648
XGBoost,13,134,125.0,103.40964
XGBoost,13,135,125.0,106.85334
XGBoost,13,136,125.0,106.59626
XGBoost,13,137,125.0,108.760605
XGBoost,13,138,125.0,104.92535
XGBoost,13,139,125.0,106.41134
XGBoost,13,140,125.0,104.2254
XGBoost,13,141,125.0,106.57533
XGBoost,13,142,125.0,109.37929
XGBoost,13,143,125.0,111.44864
XGBoost,13,144,125.0,105.93204
XGBoost,13,145,125.0,109.86466
XGBoost,13,146,125.0,109.137794
XGBoost,13,147,125.0,106.70321
XGBoost,13,148,125.0,109.66536
XGBoost,13,149,125.0,114.2666
XGBoost,13,150,125.0,112.573555
XGBoost,13,151,125.0,99.18998
XGBoost,13,152,125.0,101.7738
XGBoost,13,153,125.0,108.5846
XGBoost,13,154,125.0,106.35962
XGBoost,13,155,125.0,107.94263
XGBoost,13,156,125.0,107.103386
XGBoost,13,157,125.0,103.3737
XGBoost,13,158,125.0,100.622505
XGBoost,13,159,125.0,101.548615
XGBoost,13,160,125.0,90.86081
XGBoost,13,161,125.0,96.44309
XGBoost,13,162,125.0,92.611755
XGBoost,13,163,125.0,104.767784
XGBoost,13,164,125.0,107.90526
XGBoost,13,165,125.0,108.21232
XGBoost,13,166,124.0,109.86426
XGBoost,13,167,123.0,103.44486
XGBoost,13,168,122.0,104.65241
XGBoost,13,169,121.0,107.35631
XGBoost,13,170,120.0,107.944405
XGBoost,13,171,119.0,100.811775
XGBoost,13,172,118.0,103.63328
XGBoost,13,173,117.0,99.65394
XGBoost,13,174,116.0,95.0518
XGBoost,13,175,115.0,100.83526
XGBoost,13,176,114.0,100.2778
XGBoost,13,177,113.0,99.45591
XGBoost,13,178,112.0,98.536766
XGBoost,13,179,111.0,96.2626
XGBoost,13,180,110.0,94.352646
XGBoost,13,181,109.0,97.407326
XGBoost,13,182,108.0,99.04876
XGBoost,13,183,107.0,99.95798
XGBoost,13,184,106.0,102.04727
XGBoost,13,185,105.0,95.620804
XGBoost,13,186,104.0,96.86026
XGBoost,13,187,103.0,95.47319
XGBoost,13,188,102.0,105.39013
XGBoost,13,189,101.0,95.04295
XGBoost,13,190,100.0,92.108246
XGBoost,13,191,99.0,92.95248
XGBoost,13,192,98.0,89.22995
XGBoost,13,193,97.0,93.4007
XGBoost,13,194,96.0,94.18531
XGBoost,13,195,95.0,86.555885
XGBoost,14,30,123.0,121.341965
XGBoost,14,31,122.0,104.60304
XGBoost,14,32,121.0,105.451164
XGBoost,14,33,120.0,101.91959
XGBoost,14,34,119.0,104.83035
XGBoost,14,35,118.0,106.64191
XGBoost,14,36,117.0,117.349464
XGBoost,14,37,116.0,109.855415
XGBoost,14,38,115.0,121.47586
XGBoost,14,39,114.0,119.88842
XGBoost,14,40,113.0,119.75561
XGBoost,14,41,112.0,117.19545
XGBoost,14,42,111.0,114.60202
XGBoost,14,43,110.0,118.22838
XGBoost,14,44,109.0,98.98368
XGBoost,14,45,108.0,106.52375
XGBoost,14,46,107.0,111.67618
XGBoost,15,30,125.0,119.98791
XGBoost,15,31,125.0,118.177315
XGBoost,15,32,125.0,121.125595
XGBoost,15,33,125.0,121.30929
XGBoost,15,34,125.0,118.16273
XGBoost,15,35,124.0,119.3731
XGBoost,15,36,123.0,119.225876
XGBoost,15,37,122.0,118.2485
XGBoost,15,38,121.0,120.06293
XGBoost,15,39,120.0,115.49064
XGBoost,15,40,119.0,117.60893
XGBoost,15,41,118.0,112.804436
XGBoost,15,42,117.0,114.52787
XGBoost,15,43,116.0,112.543945
XGBoost,15,44,115.0,114.027145
XGBoost,15,45,114.0,104.697426
XGBoost,15,46,113.0,110.61536
XGBoost,15,47,112.0,113.17909
XGBoost,15,48,111.0,118.80547
XGBoost,15,49,110.0,115.02038
XGBoost,15,50,109.0,110.713295
XGBoost,15,51,108.0,113.57681
XGBoost,15,52,107.0,115.46107
XGBoost,15,53,106.0,114.329445
XGBoost,15,54,105.0,121.57647
XGBoost,15,55,104.0,119.37197
XGBoost,15,56,103.0,123.223236
XGBoost,15,57,102.0,121.12999
XGBoost,15,58,101.0,116.52099
XGBoost,15,59,100.0,122.9921
XGBoost,15,60,99.0,116.12062
XGBoost,15,61,98.0,114.72875
XGBoost,15,62,97.0,108.74214
XGBoost,15,63,96.0,111.05129
XGBoost,15,64,95.0,114.93532
XGBoost,15,65,94.0,115.35781
XGBoost,15,66,93.0,113.97256
XGBoost,15,67,92.0,114.77999
XGBoost,15,68,91.0,121.02116
XGBoost,15,69,90.0,116.36366
XGBoost,15,70,89.0,116.30915
XGBoost,15,71,88.0,115.53871
XGBoost,15,72,87.0,103.08005
XGBoost,15,73,86.0,103.68667
XGBoost,15,74,85.0,108.942276
XGBoost,15,75,84.0,101.850365
XGBoost,15,76,83.0,107.41879
XGBoost,16,30,125.0,124.61073
XGBoost,16,31,125.0,123.57533
XGBoost,16,32,125.0,126.06313
XGBoost,16,33,125.0,125.425934
XGBoost,16,34,125.0,122.97838
XGBoost,16,35,125.0,113.99712
XGBoost,16,36,125.0,116.427864
XGBoost,16,37,125.0,120.08961
XGBoost,16,38,125.0,123.27505
XGBoost,16,39,125.0,124.96537
XGBoost,16,40,125.0,125.72734
XGBoost,16,41,125.0,122.34831
XGBoost,16,42,125.0,123.32864
XGBoost,16,43,125.0,120.18814
XGBoost,16,44,125.0,122.21779
XGBoost,16,45,125.0,114.76957
XGBoost,16,46,125.0,117.27423
XGBoost,16,47,125.0,119.216835
XGBoost,16,48,125.0,116.38066
XGBoost,16,49,125.0,115.62269
XGBoost,16,50,125.0,119.27395
XGBoost,16,51,125.0,114.87389
XGBoost,16,52,125.0,117.87948
XGBoost,16,53,125.0,120.61672
XGBoost,16,54,125.0,121.27887
XGBoost,16,55,125.0,119.33999
XGBoost,16,56,125.0,117.77151
XGBoost,16,57,125.0,122.76374
XGBoost,16,58,125.0,119.77435
XGBoost,16,59,125.0,121.62479
XGBoost,16,60,125.0,124.03333
XGBoost,16,61,125.0,123.7034
XGBoost,16,62,125.0,123.28709
XGBoost,16,63,125.0,125.258575
XGBoost,16,64,125.0,120.16107
XGBoost,16,65,125.0,120.30124
XGBoost,16,66,125.0,115.08811
XGBoost,16,67,125.0,116.974205
XGBoost,16,68,125.0,118.96181
XGBoost,16,69,125.0,120.79705
XGBoost,16,70,125.0,119.2914
XGBoost,16,71,125.0,117.51625
XGBoost,16,72,125.0,109.97948
XGBoost,16,73,124.0,113.14703
XGBoost,16,74,123.0,119.2731
XGBoost,16,75,122.0,119.27068
XGBoost,16,76,121.0,125.29839
XGBoost,16,77,120.0,118.668434
XGBoost,16,78,119.0,117.1226
XGBoost,16,79,118.0,114.38053
XGBoost,16,80,117.0,116.67321
XGBoost,16,81,116.0,119.383896
XGBoost,16,82,115.0,123.442154
XGBoost,16,83,114.0,121.61864
XGBoost,16,84,113.0,122.190346
XGBoost,16,85,112.0,121.96949
XGBoost,16,86,111.0,123.84771
XGBoost,16,87,110.0,118.62221
XGBoost,16,88,109.0,118.55442
XGBoost,16,89,108.0,116.98623
XGBoost,16,90,107.0,120.18344
XGBoost,16,91,106.0,119.79765
XGBoost,16,92,105.0,121.54754
XGBoost,16,93,104.0,117.49791
XGBoost,16,94,103.0,112.824356
XGBoost,16,95,102.0,113.859985
XGBoost,16,96,101.0,111.29575
XGBoost,16,97,100.0,117.63667
XGBoost,16,98,99.0,115.943085
XGBoost,16,99,98.0,116.49587
XGBoost,16,100,97.0,111.388016
XGBoost,16,101,96.0,115.96973
XGBoost,16,102,95.0,111.44035
XGBoost,16,103,94.0,113.099815
XGBoost,16,104,93.0,116.372826
XGBoost,16,105,92.0,112.51
XGBoost,16,106,91.0,112.02943
XGBoost,16,107,90.0,110.67624
XGBoost,16,108,89.0,111.368835
XGBoost,16,109,88.0,114.1916
XGBoost,16,110,87.0,111.36514
XGBoost,16,111,86.0,104.555084
XGBoost,16,112,85.0,105.43565
XGBoost,16,113,84.0,103.68322
XGBoost,17,30,125.0,122.09654
XGBoost,17,31,125.0,123.92236
XGBoost,17,32,125.0,123.57658
XGBoost,17,33,125.0,127.53222
XGBoost,17,34,125.0,121.95312
XGBoost,17,35,125.0,122.42
XGBoost,17,36,125.0,126.9117
XGBoost,17,37,125.0,128.63332
XGBoost,17,38,125.0,125.98742
XGBoost,17,39,125.0,117.0506
XGBoost,17,40,125.0,116.73585
XGBoost,17,41,125.0,116.36786
XGBoost,17,42,125.0,118.12309
XGBoost,17,43,125.0,117.74327
XGBoost,17,44,125.0,119.27124
XGBoost,17,45,125.0,119.020905
XGBoost,17,46,125.0,117.79348
XGBoost,17,47,125.0,116.6784
XGBoost,17,48,125.0,119.091446
XGBoost,17,49,125.0,116.59434
XGBoost,17,50,125.0,118.05203
XGBoost,17,51,125.0,119.56706
XGBoost,17,52,125.0,120.14658
XGBoost,17,53,125.0,122.55541
XGBoost,17,54,125.0,121.65864
XGBoost,17,55,125.0,121.542336
XGBoost,17,56,125.0,124.25143
XGBoost,17,57,125.0,121.40574
XGBoost,17,58,125.0,120.21921
XGBoost,17,59,125.0,117.437355
XGBoost,17,60,125.0,116.36785
XGBoost,17,61,125.0,115.50599
XGBoost,17,62,125.0,117.38642
XGBoost,17,63,125.0,116.325005
XGBoost,17,64,125.0,119.27336
XGBoost,17,65,125.0,121.61325
XGBoost,17,66,125.0,118.73359
XGBoost,17,67,125.0,118.25646
XGBoost,17,68,125.0,119.54287
XGBoost,17,69,125.0,114.903366
XGBoost,17,70,125.0,119.56886
XGBoost,17,71,125.0,118.760994
XGBoost,17,72,125.0,118.30441
XGBoost,17,73,125.0,116.968765
XGBoost,17,74,125.0,115.33536
XGBoost,17,75,125.0,112.908264
XGBoost,17,76,125.0,103.70992
XGBoost,17,77,125.0,109.13896
XGBoost,17,78,125.0,113.21807
XGBoost,17,79,125.0,107.196205
XGBoost,17,80,125.0,103.80567
XGBoost,17,81,125.0,114.04286
XGBoost,17,82,125.0,111.14972
XGBoost,17,83,125.0,114.02449
XGBoost,17,84,125.0,115.48001
XGBoost,17,85,125.0,119.45745
XGBoost,17,86,125.0,122.61658
XGBoost,17,87,125.0,120.93897
XGBoost,17,88,125.0,120.39564
XGBoost,17,89,125.0,125.31269
XGBoost,17,90,125.0,123.19222
XGBoost,17,91,124.0,116.29092
XGBoost,17,92,123.0,118.31883
XGBoost,17,93,122.0,115.52473
XGBoost,17,94,121.0,113.121605
XGBoost,17,95,120.0,115.33586
XGBoost,17,96,119.0,113.8252
XGBoost,17,97,118.0,105.24423
XGBoost,17,98,117.0,105.19238
XGBoost,17,99,116.0,104.32037
XGBoost,17,100,115.0,108.871155
XGBoost,17,101,114.0,106.681
XGBoost,17,102,113.0,107.4757
XGBoost,17,103,112.0,100.113686
XGBoost,17,104,111.0,104.45476
XGBoost,17,105,110.0,101.68649
XGBoost,17,106,109.0,99.311806
XGBoost,17,107,108.0,86.834206
XGBoost,17,108,107.0,90.70791
XGBoost,17,109,106.0,89.25537
XGBoost,17,110,105.0,93.42349
XGBoost,17,111,104.0,96.72258
XGBoost,17,112,103.0,100.19339
XGBoost,17,113,102.0,103.58831
XGBoost,17,114,101.0,110.10899
XGBoost,17,115,100.0,103.3343
XGBoost,17,116,99.0,90.23711
XGBoost,17,117,98.0,83.81116
XGBoost,17,118,97.0,82.40903
XGBoost,17,119,96.0,87.153114
XGBoost,17,120,95.0,88.812294
XGBoost,17,121,94.0,93.516335
XGBoost,17,122,93.0,86.69576
XGBoost,17,123,92.0,88.30317
XGBoost,17,124,91.0,86.195076
XGBoost,17,125,90.0,86.8901
XGBoost,17,126,89.0,78.90854
XGBoost,17,127,88.0,81.84408
XGBoost,17,128,87.0,85.91307
XGBoost,17,129,86.0,90.296684
XGBoost,17,130,85.0,87.42423
XGBoost,17,131,84.0,74.73926
XGBoost,17,132,83.0,82.15178
XGBoost,17,133,82.0,79.0731
XGBoost,17,134,81.0,79.031685
XGBoost,17,135,80.0,81.73526
XGBoost,17,136,79.0,78.2621
XGBoost,17,137,78.0,79.307816
XGBoost,17,138,77.0,79.20626
XGBoost,17,139,76.0,63.479042
XGBoost,17,140,75.0,65.9323
XGBoost,17,141,74.0,59.443584
XGBoost,17,142,73.0,61.481155
XGBoost,17,143,72.0,59.9957
XGBoost,17,144,71.0,69.38724
XGBoost,17,145,70.0,75.11403
XGBoost,17,146,69.0,70.302666
XGBoost,17,147,68.0,70.23418
XGBoost,17,148,67.0,66.29779
XGBoost,17,149,66.0,67.68787
XGBoost,17,150,65.0,66.96014
XGBoost,17,151,64.0,63.27636
XGBoost,17,152,63.0,57.334892
XGBoost,17,153,62.0,53.180706
XGBoost,17,154,61.0,59.076984
XGBoost,17,155,60.0,53.68673
XGBoost,17,156,59.0,50.891964
XGBoost,17,157,58.0,50.922447
XGBoost,17,158,57.0,48.6415
XGBoost,17,159,56.0,46.36257
XGBoost,17,160,55.0,47.334663
XGBoost,17,161,54.0,45.094845
XGBoost,17,162,53.0,48.033283
XGBoost,17,163,52.0,47.50843
XGBoost,17,164,51.0,54.87109
XGBoost,17,165,50.0,55.168613
XGBoost,18,30,125.0,121.96222
XGBoost,18,31,125.0,117.63378
XGBoost,18,32,125.0,112.36107
XGBoost,18,33,125.0,118.57098
XGBoost,18,34,125.0,115.05217
XGBoost,18,35,125.0,114.497444
XGBoost,18,36,125.0,117.7327
XGBoost,18,37,124.0,118.21802
XGBoost,18,38,123.0,116.86788
XGBoost,18,39,122.0,112.58766
XGBoost,18,40,121.0,111.848305
XGBoost,18,41,120.0,114.044785
XGBoost,18,42,119.0,106.40048
XGBoost,18,43,118.0,114.8285
XGBoost,18,44,117.0,119.457985
XGBoost,18,45,116.0,122.54233
XGBoost,18,46,115.0,123.24685
XGBoost,18,47,114.0,122.95878
XGBoost,18,48,113.0,119.3258
XGBoost,18,49,112.0,119.263016
XGBoost,18,50,111.0,116.32803
XGBoost,18,51,110.0,115.636505
XGBoost,18,52,109.0,118.320076
XGBoost,18,53,108.0,116.397484
XGBoost,18,54,107.0,119.509926
XGBoost,18,55,106.0,121.71848
XGBoost,18,56,105.0,119.95343
XGBoost,18,57,104.0,120.29739
XGBoost,18,58,103.0,109.6585
XGBoost,18,59,102.0,113.02346
XGBoost,18,60,101.0,113.47225
XGBoost,18,61,100.0,111.617325
XGBoost,18,62,99.0,112.4589
XGBoost,18,63,98.0,103.64228
XGBoost,18,64,97.0,112.46662
XGBoost,18,65,96.0,107.28667
XGBoost,18,66,95.0,107.5596
XGBoost,18,67,94.0,112.16845
XGBoost,18,68,93.0,109.54626
XGBoost,18,69,92.0,108.85826
XGBoost,18,70,91.0,111.31175
XGBoost,18,71,90.0,111.74277
XGBoost,18,72,89.0,108.08531
XGBoost,18,73,88.0,106.50487
XGBoost,18,74,87.0,109.719444
XGBoost,18,75,86.0,113.82295
XGBoost,18,76,85.0,113.3915
XGBoost,18,77,84.0,111.404945
XGBoost,18,78,83.0,110.067406
XGBoost,18,79,82.0,112.21182
XGBoost,18,80,81.0,104.146454
XGBoost,18,81,80.0,104.46011
XGBoost,18,82,79.0,102.23982
XGBoost,18,83,78.0,97.94226
XGBoost,18,84,77.0,99.022446
XGBoost,18,85,76.0,102.84467
XGBoost,18,86,75.0,98.617546
XGBoost,18,87,74.0,102.677185
XGBoost,18,88,73.0,100.00892
XGBoost,18,89,72.0,101.68567
XGBoost,18,90,71.0,102.85585
XGBoost,18,91,70.0,94.27133
XGBoost,18,92,69.0,99.962204
XGBoost,18,93,68.0,88.069435
XGBoost,18,94,67.0,85.03438
XGBoost,18,95,66.0,80.16823
XGBoost,18,96,65.0,87.6656
XGBoost,18,97,64.0,98.65275
XGBoost,18,98,63.0,90.830986
XGBoost,18,99,62.0,93.31093
XGBoost,18,100,61.0,99.65361
XGBoost,18,101,60.0,102.27337
XGBoost,18,102,59.0,103.6391
XGBoost,18,103,58.0,101.032005
XGBoost,18,104,57.0,94.786705
XGBoost,18,105,56.0,107.60975
XGBoost,18,106,55.0,91.61121
XGBoost,18,107,54.0,101.968735
XGBoost,18,108,53.0,111.40499
XGBoost,18,109,52.0,106.23281
XGBoost,18,110,51.0,109.39346
XGBoost,18,111,50.0,108.94767
XGBoost,18,112,49.0,101.90274
XGBoost,18,113,48.0,86.535446
XGBoost,18,114,47.0,83.499535
XGBoost,18,115,46.0,89.88111
XGBoost,18,116,45.0,99.622116
XGBoost,18,117,44.0,93.07164
XGBoost,18,118,43.0,84.383804
XGBoost,18,119,42.0,76.76208
XGBoost,18,120,41.0,82.89746
XGBoost,18,121,40.0,68.8819
XGBoost,18,122,39.0,67.03642
XGBoost,18,123,38.0,63.413757
XGBoost,18,124,37.0,46.991615
XGBoost,18,125,36.0,48.90857
XGBoost,18,126,35.0,31.541084
XGBoost,18,127,34.0,26.430273
XGBoost,18,128,33.0,17.878538
XGBoost,18,129,32.0,20.371666
XGBoost,18,130,31.0,27.765326
XGBoost,18,131,30.0,39.712154
XGBoost,18,132,29.0,44.227547
XGBoost,18,133,28.0,31.898052
XGBoost,19,30,125.0,119.35568
XGBoost,19,31,125.0,116.375946
XGBoost,19,32,125.0,118.687744
XGBoost,19,33,125.0,121.54142
XGBoost,19,34,125.0,117.69679
XGBoost,19,35,125.0,127.6623
XGBoost,19,36,125.0,124.856224
XGBoost,19,37,125.0,124.922844
XGBoost,19,38,125.0,126.279236
XGBoost,19,39,125.0,119.21518
XGBoost,19,40,125.0,121.38865
XGBoost,19,41,125.0,120.686485
XGBoost,19,42,125.0,123.19363
XGBoost,19,43,125.0,124.212105
XGBoost,19,44,125.0,123.83984
XGBoost,19,45,125.0,121.780525
XGBoost,19,46,125.0,121.4853
XGBoost,19,47,125.0,121.044945
XGBoost,19,48,125.0,122.63871
XGBoost,19,49,125.0,119.73066
XGBoost,19,50,125.0,120.493225
XGBoost,19,51,125.0,121.54898
XGBoost,19,52,125.0,122.1045
XGBoost,19,53,125.0,122.923355
XGBoost,19,54,125.0,120.08652
XGBoost,19,55,125.0,123.56697
XGBoost,19,56,125.0,121.28664
XGBoost,19,57,125.0,122.726814
XGBoost,19,58,125.0,124.45651
XGBoost,19,59,125.0,123.61785
XGBoost,19,60,125.0,121.900314
XGBoost,19,61,125.0,126.30957
XGBoost,19,62,125.0,125.94054
XGBoost,19,63,125.0,122.14283
XGBoost,19,64,125.0,123.78573
XGBoost,19,65,125.0,123.94158
XGBoost,19,66,125.0,117.80572
XGBoost,19,67,125.0,114.11234
XGBoost,19,68,125.0,118.43918
XGBoost,19,69,125.0,111.729744
XGBoost,19,70,125.0,110.11062
XGBoost,19,71,125.0,116.48589
XGBoost,19,72,125.0,114.51204
XGBoost,19,73,125.0,109.29503
XGBoost,19,74,125.0,111.06518
XGBoost,19,75,125.0,110.28763
XGBoost,19,76,125.0,107.87438
XGBoost,19,77,125.0,114.53178
XGBoost,19,78,125.0,110.899345
XGBoost,19,79,125.0,113.607216
XGBoost,19,80,125.0,111.0079
XGBoost,19,81,125.0,111.29203
XGBoost,19,82,125.0,114.63042
XGBoost,19,83,125.0,107.96659
XGBoost,19,84,125.0,114.1218
XGBoost,19,85,125.0,110.56328
XGBoost,19,86,125.0,112.63343
XGBoost,19,87,125.0,115.7235
XGBoost,19,88,125.0,117.17322
XGBoost,19,89,125.0,116.009415
XGBoost,19,90,125.0,116.85212
XGBoost,19,91,125.0,120.289536
XGBoost,19,92,125.0,113.43463
XGBoost,19,93,125.0,120.28798
XGBoost,19,94,125.0,114.73086
XGBoost,19,95,125.0,117.987785
XGBoost,19,96,125.0,108.28594
XGBoost,19,97,125.0,110.344734
XGBoost,19,98,124.0,117.4106
XGBoost,19,99,123.0,114.97831
XGBoost,19,100,122.0,114.142624
XGBoost,19,101,121.0,113.69576
XGBoost,19,102,120.0,116.378296
XGBoost,19,103,119.0,116.594505
XGBoost,19,104,118.0,108.51722
XGBoost,19,105,117.0,116.55472
XGBoost,19,106,116.0,111.35305
XGBoost,19,107,115.0,106.229904
XGBoost,19,108,114.0,101.420784
XGBoost,19,109,113.0,107.266815
XGBoost,19,110,112.0,112.28805
XGBoost,19,111,111.0,104.825294
XGBoost,19,112,110.0,107.45439
XGBoost,19,113,109.0,101.020905
XGBoost,19,114,108.0,107.86666
XGBoost,19,115,107.0,102.71207
XGBoost,19,116,106.0,101.865486
XGBoost,19,117,105.0,94.262505
XGBoost,19,118,104.0,95.28957
XGBoost,19,119,103.0,96.99725
XGBoost,19,120,102.0,101.97694
XGBoost,19,121,101.0,102.12858
XGBoost,19,122,100.0,108.40768
XGBoost,19,123,99.0,111.19353
XGBoost,19,124,98.0,108.639244
XGBoost,19,125,97.0,100.92676
XGBoost,19,126,96.0,100.72819
XGBoost,19,127,95.0,96.85176
XGBoost,19,128,94.0,99.81358
XGBoost,19,129,93.0,93.37946
XGBoost,19,130,92.0,87.603386
XGBoost,19,131,91.0,90.78538
XGBoost,19,132,90.0,99.11696
XGBoost,19,133,89.0,101.634476
XGBoost,19,134,88.0,98.94118
XGBoost,19,135,87.0,102.02918
XGBoost,20,30,125.0,110.429054
XGBoost,20,31,125.0,108.710884
XGBoost,20,32,125.0,102.82167
XGBoost,20,33,125.0,106.05178
XGBoost,20,34,125.0,110.766716
XGBoost,20,35,125.0,109.130424
XGBoost,20,36,125.0,116.67045
XGBoost,20,37,125.0,122.361404
XGBoost,20,38,125.0,116.05348
XGBoost,20,39,125.0,118.4684
XGBoost,20,40,125.0,114.59392
XGBoost,20,41,125.0,116.227684
XGBoost,20,42,125.0,114.92773
XGBoost,20,43,125.0,113.39177
XGBoost,20,44,125.0,107.61604
XGBoost,20,45,125.0,117.65051
XGBoost,20,46,125.0,125.762634
XGBoost,20,47,125.0,111.075836
XGBoost,20,48,125.0,106.84963
XGBoost,20,49,125.0,110.309586
XGBoost,20,50,125.0,112.58492
XGBoost,20,51,125.0,113.23511
XGBoost,20,52,125.0,115.264626
XGBoost,20,53,125.0,112.85743
XGBoost,20,54,125.0,105.57263
XGBoost,20,55,125.0,109.278625
XGBoost,20,56,125.0,110.08524
XGBoost,20,57,125.0,112.63771
XGBoost,20,58,125.0,105.23768
XGBoost,20,59,125.0,104.54413
XGBoost,20,60,125.0,105.16679
XGBoost,20,61,125.0,111.428894
XGBoost,20,62,125.0,103.293106
XGBoost,20,63,125.0,102.45665
XGBoost,20,64,125.0,100.53265
XGBoost,20,65,125.0,105.54276
XGBoost,20,66,125.0,105.551346
XGBoost,20,67,125.0,108.663445
XGBoost,20,68,125.0,104.00759
XGBoost,20,69,125.0,104.65834
XGBoost,20,70,125.0,112.407196
XGBoost,20,71,125.0,117.29687
XGBoost,20,72,125.0,106.73233
XGBoost,20,73,125.0,105.2782
XGBoost,20,74,125.0,106.86875
XGBoost,20,75,125.0,104.28919
XGBoost,20,76,124.0,106.0225
XGBoost,20,77,123.0,106.09168
XGBoost,20,78,122.0,103.34016
XGBoost,20,79,121.0,111.53935
XGBoost,20,80,120.0,104.64171
XGBoost,20,81,119.0,94.30991
XGBoost,20,82,118.0,101.98734
XGBoost,20,83,117.0,107.79508
XGBoost,20,84,116.0,102.248146
XGBoost,20,85,115.0,101.533066
XGBoost,20,86,114.0,110.14353
XGBoost,20,87,113.0,114.92464
XGBoost,20,88,112.0,111.83847
XGBoost,20,89,111.0,110.224625
XGBoost,20,90,110.0,103.499344
XGBoost,20,91,109.0,113.776505
XGBoost,20,92,108.0,105.6495
XGBoost,20,93,107.0,104.86944
XGBoost,20,94,106.0,96.78558
XGBoost,20,95,105.0,101.55672
XGBoost,20,96,104.0,103.19332
XGBoost,20,97,103.0,93.94968
XGBoost,20,98,102.0,91.82343
XGBoost,20,99,101.0,81.34237
XGBoost,20,100,100.0,95.25468
XGBoost,20,101,99.0,106.91336
XGBoost,20,102,98.0,100.06953
XGBoost,20,103,97.0,110.166855
XGBoost,20,104,96.0,105.88019
XGBoost,20,105,95.0,103.987755
XGBoost,20,106,94.0,104.55402
XGBoost,20,107,93.0,101.15073
XGBoost,20,108,92.0,97.5774
XGBoost,20,109,91.0,111.207886
XGBoost,20,110,90.0,100.060974
XGBoost,20,111,89.0,94.513275
XGBoost,20,112,88.0,83.11944
XGBoost,20,113,87.0,95.46027
XGBoost,20,114,86.0,89.23121
XGBoost,20,115,85.0,89.295456
XGBoost,20,116,84.0,92.50662
XGBoost,20,117,83.0,92.41746
XGBoost,20,118,82.0,100.15596
XGBoost,20,119,81.0,104.59147
XGBoost,20,120,80.0,102.54752
XGBoost,20,121,79.0,111.30749
XGBoost,20,122,78.0,104.47358
XGBoost,20,123,77.0,97.98286
XGBoost,20,124,76.0,98.63538
XGBoost,20,125,75.0,86.46977
XGBoost,20,126,74.0,82.17463
XGBoost,20,127,73.0,71.3634
XGBoost,20,128,72.0,74.65291
XGBoost,20,129,71.0,72.97882
XGBoost,20,130,70.0,62.69373
XGBoost,20,131,69.0,65.84219
XGBoost,20,132,68.0,64.14814
XGBoost,20,133,67.0,78.32963
XGBoost,20,134,66.0,79.74082
XGBoost,20,135,65.0,78.68816
XGBoost,20,136,64.0,77.633804
XGBoost,20,137,63.0,77.28992
XGBoost,20,138,62.0,84.454346
XGBoost,20,139,61.0,86.78696
XGBoost,20,140,60.0,83.185165
XGBoost,20,141,59.0,88.25591
XGBoost,20,142,58.0,78.33458
XGBoost,20,143,57.0,80.93551
XGBoost,20,144,56.0,77.68496
XGBoost,20,145,55.0,63.771667
XGBoost,20,146,54.0,80.01705
XGBoost,20,147,53.0,61.073757
XGBoost,20,148,52.0,57.744007
XGBoost,20,149,51.0,63.01686
XGBoost,20,150,50.0,59.745953
XGBoost,20,151,49.0,68.57277
XGBoost,20,152,48.0,64.30449
XGBoost,20,153,47.0,60.16286
XGBoost,20,154,46.0,59.01122
XGBoost,20,155,45.0,59.860035
XGBoost,20,156,44.0,44.337585
XGBoost,20,157,43.0,56.452724
XGBoost,20,158,42.0,40.540142
XGBoost,20,159,41.0,56.600464
XGBoost,20,160,40.0,58.498093
XGBoost,20,161,39.0,60.069393
XGBoost,20,162,38.0,53.552364
XGBoost,20,163,37.0,62.689617
XGBoost,20,164,36.0,55.000698
XGBoost,20,165,35.0,60.380188
XGBoost,20,166,34.0,53.299164
XGBoost,20,167,33.0,53.814167
XGBoost,20,168,32.0,36.387512
XGBoost,20,169,31.0,36.439297
XGBoost,20,170,30.0,28.760092
XGBoost,20,171,29.0,26.972189
XGBoost,20,172,28.0,28.218414
XGBoost,20,173,27.0,37.092247
XGBoost,20,174,26.0,35.850475
XGBoost,20,175,25.0,40.40413
XGBoost,20,176,24.0,41.18483
XGBoost,20,177,23.0,41.009525
XGBoost,20,178,22.0,33.905834
XGBoost,20,179,21.0,23.170444
XGBoost,20,180,20.0,21.276249
XGBoost,20,181,19.0,24.534464
XGBoost,20,182,18.0,20.034855
XGBoost,20,183,17.0,15.1628895
XGBoost,20,184,16.0,15.789009
XGBoost,21,30,125.0,127.23654
XGBoost,21,31,125.0,129.53464
XGBoost,21,32,125.0,125.00213
XGBoost,21,33,125.0,124.216324
XGBoost,21,34,125.0,124.17165
XGBoost,21,35,125.0,122.58862
XGBoost,21,36,125.0,120.883385
XGBoost,21,37,125.0,126.94344
XGBoost,21,38,125.0,125.338875
XGBoost,21,39,125.0,128.2341
XGBoost,21,40,125.0,126.77708
XGBoost,21,41,125.0,118.49494
XGBoost,21,42,125.0,116.4143
XGBoost,21,43,125.0,118.3856
XGBoost,21,44,125.0,118.812225
XGBoost,21,45,125.0,120.22244
XGBoost,21,46,125.0,114.87648
XGBoost,21,47,125.0,117.85606
XGBoost,21,48,125.0,122.83667
XGBoost,21,49,125.0,120.54602
XGBoost,21,50,125.0,124.569214
XGBoost,21,51,125.0,125.61421
XGBoost,21,52,125.0,126.55193
XGBoost,21,53,125.0,124.19132
XGBoost,21,54,125.0,123.75688
XGBoost,21,55,125.0,126.55859
XGBoost,21,56,125.0,126.29499
XGBoost,21,57,125.0,129.76433
XGBoost,21,58,125.0,131.3352
XGBoost,21,59,125.0,127.63199
XGBoost,21,60,125.0,121.98355
XGBoost,21,61,125.0,119.32556
XGBoost,21,62,125.0,117.3017
XGBoost,21,63,125.0,117.56681
XGBoost,21,64,125.0,119.98283
XGBoost,21,65,125.0,120.61974
XGBoost,21,66,125.0,124.26803
XGBoost,21,67,125.0,120.46502
XGBoost,21,68,125.0,121.566315
XGBoost,21,69,125.0,122.47488
XGBoost,21,70,125.0,123.43883
XGBoost,21,71,125.0,124.91993
XGBoost,21,72,125.0,121.04041
XGBoost,21,73,125.0,120.72265
XGBoost,21,74,125.0,123.563034
XGBoost,21,75,125.0,126.35092
XGBoost,21,76,125.0,125.31632
XGBoost,21,77,125.0,121.45979
XGBoost,21,78,125.0,125.72995
XGBoost,21,79,125.0,124.60362
XGBoost,21,80,125.0,122.4233
XGBoost,21,81,124.0,126.33027
XGBoost,21,82,123.0,125.1214
XGBoost,21,83,122.0,120.55549
XGBoost,21,84,121.0,121.1748
XGBoost,21,85,120.0,121.3671
XGBoost,21,86,119.0,120.4602
XGBoost,21,87,118.0,120.83201
XGBoost,21,88,117.0,120.55063
XGBoost,21,89,116.0,119.92355
XGBoost,21,90,115.0,120.176704
XGBoost,21,91,114.0,118.56951
XGBoost,21,92,113.0,117.77342
XGBoost,21,93,112.0,116.797104
XGBoost,21,94,111.0,115.80571
XGBoost,21,95,110.0,115.02828
XGBoost,21,96,109.0,115.25424
XGBoost,21,97,108.0,119.48504
XGBoost,21,98,107.0,115.85321
XGBoost,21,99,106.0,115.984856
XGBoost,21,100,105.0,113.651184
XGBoost,21,101,104.0,106.5531
XGBoost,21,102,103.0,114.19263
XGBoost,21,103,102.0,115.54499
XGBoost,21,104,101.0,119.588776
XGBoost,21,105,100.0,118.85272
XGBoost,21,106,99.0,119.64098
XGBoost,21,107,98.0,111.787994
XGBoost,21,108,97.0,119.344284
XGBoost,21,109,96.0,113.71408
XGBoost,21,110,95.0,113.22295
XGBoost,21,111,94.0,109.07415
XGBoost,21,112,93.0,104.72262
XGBoost,21,113,92.0,106.06458
XGBoost,21,114,91.0,104.6431
XGBoost,21,115,90.0,108.31229
XGBoost,21,116,89.0,107.472694
XGBoost,21,117,88.0,108.09191
XGBoost,21,118,87.0,111.00008
XGBoost,21,119,86.0,106.30719
XGBoost,21,120,85.0,112.13814
XGBoost,21,121,84.0,112.510666
XGBoost,21,122,83.0,104.9271
XGBoost,21,123,82.0,110.16939
XGBoost,21,124,81.0,108.480484
XGBoost,21,125,80.0,96.43146
XGBoost,21,126,79.0,99.74659
XGBoost,21,127,78.0,100.402214
XGBoost,21,128,77.0,95.14559
XGBoost,21,129,76.0,99.065926
XGBoost,21,130,75.0,109.65664
XGBoost,21,131,74.0,103.908394
XGBoost,21,132,73.0,97.931175
XGBoost,21,133,72.0,96.133224
XGBoost,21,134,71.0,97.36275
XGBoost,21,135,70.0,94.82354
XGBoost,21,136,69.0,94.698166
XGBoost,21,137,68.0,93.67319
XGBoost,21,138,67.0,93.55609
XGBoost,21,139,66.0,88.76233
XGBoost,21,140,65.0,81.55376
XGBoost,21,141,64.0,80.99362
XGBoost,21,142,63.0,70.405975
XGBoost,21,143,62.0,69.25748
XGBoost,21,144,61.0,69.93973
XGBoost,21,145,60.0,74.23252
XGBoost,21,146,59.0,72.54301
XGBoost,21,147,58.0,71.844604
XGBoost,21,148,57.0,66.621025
XGBoost,22,30,120.0,127.85095
XGBoost,22,31,119.0,128.94073
XGBoost,22,32,118.0,123.87073
XGBoost,22,33,117.0,119.908936
XGBoost,22,34,116.0,119.81228
XGBoost,22,35,115.0,118.84263
XGBoost,22,36,114.0,113.18344
XGBoost,22,37,113.0,119.69788
XGBoost,22,38,112.0,120.00354
XGBoost,22,39,111.0,119.865425
XGBoost,23,30,125.0,123.51665
XGBoost,23,31,125.0,119.74638
XGBoost,23,32,125.0,120.33142
XGBoost,23,33,125.0,122.001724
XGBoost,23,34,125.0,125.23975
XGBoost,23,35,125.0,128.55334
XGBoost,23,36,125.0,126.46467
XGBoost,23,37,125.0,125.61208
XGBoost,23,38,125.0,128.32918
XGBoost,23,39,125.0,128.4258
XGBoost,23,40,125.0,127.106476
XGBoost,23,41,125.0,126.13367
XGBoost,23,42,125.0,125.61227
XGBoost,23,43,125.0,123.02688
XGBoost,23,44,125.0,125.43323
XGBoost,23,45,125.0,128.65314
XGBoost,23,46,125.0,131.6491
XGBoost,23,47,125.0,129.99727
XGBoost,23,48,125.0,130.8323
XGBoost,23,49,125.0,129.52376
XGBoost,23,50,125.0,130.44496
XGBoost,23,51,125.0,128.28717
XGBoost,23,52,125.0,129.782
XGBoost,23,53,125.0,125.98227
XGBoost,23,54,125.0,120.09081
XGBoost,23,55,125.0,122.076584
XGBoost,23,56,125.0,124.72334
XGBoost,23,57,125.0,126.43715
XGBoost,23,58,125.0,125.27171
XGBoost,23,59,125.0,125.40755
XGBoost,23,60,125.0,124.87852
XGBoost,23,61,125.0,118.513626
XGBoost,23,62,125.0,115.32759
XGBoost,23,63,125.0,119.18441
XGBoost,23,64,125.0,117.77408
XGBoost,23,65,125.0,125.00477
XGBoost,23,66,125.0,122.37355
XGBoost,23,67,125.0,125.96217
XGBoost,23,68,125.0,125.424164
XGBoost,23,69,125.0,125.259544
XGBoost,23,70,125.0,124.62529
XGBoost,23,71,125.0,123.93049
XGBoost,23,72,125.0,124.36273
XGBoost,23,73,125.0,123.58491
XGBoost,23,74,125.0,125.07913
XGBoost,23,75,125.0,125.82893
XGBoost,23,76,125.0,127.07055
XGBoost,23,77,125.0,128.7629
XGBoost,23,78,125.0,127.51181
XGBoost,23,79,125.0,125.28892
XGBoost,23,80,125.0,122.77547
XGBoost,23,81,125.0,122.76255
XGBoost,23,82,125.0,125.56676
XGBoost,23,83,125.0,121.0074
XGBoost,23,84,125.0,121.62361
XGBoost,23,85,125.0,122.25382
XGBoost,23,86,125.0,122.84427
XGBoost,23,87,125.0,121.469574
XGBoost,23,88,125.0,121.8762
XGBoost,23,89,125.0,123.446655
XGBoost,23,90,125.0,120.48811
XGBoost,23,91,125.0,122.81895
XGBoost,23,92,125.0,123.61582
XGBoost,23,93,125.0,122.28166
XGBoost,23,94,125.0,122.314125
XGBoost,23,95,125.0,118.17318
XGBoost,23,96,125.0,118.93928
XGBoost,23,97,125.0,122.07423
XGBoost,23,98,125.0,124.036194
XGBoost,23,99,125.0,122.01659
XGBoost,23,100,125.0,122.8007
XGBoost,23,101,125.0,124.156654
XGBoost,23,102,125.0,122.61441
XGBoost,23,103,125.0,120.41075
XGBoost,23,104,125.0,124.73839
XGBoost,23,105,125.0,122.539986
XGBoost,23,106,125.0,119.922775
XGBoost,23,107,125.0,121.046715
XGBoost,23,108,125.0,119.05135
XGBoost,23,109,125.0,119.66885
XGBoost,23,110,125.0,118.18934
XGBoost,23,111,125.0,115.02629
XGBoost,23,112,125.0,112.13149
XGBoost,23,113,125.0,115.199104
XGBoost,23,114,125.0,118.888145
XGBoost,23,115,125.0,119.21679
XGBoost,23,116,125.0,122.325745
XGBoost,23,117,125.0,124.123634
XGBoost,23,118,125.0,122.776184
XGBoost,23,119,124.0,123.9663
XGBoost,23,120,123.0,124.20715
XGBoost,23,121,122.0,121.65381
XGBoost,23,122,121.0,123.20085
XGBoost,23,123,120.0,123.298584
XGBoost,23,124,119.0,120.94669
XGBoost,23,125,118.0,112.35844
XGBoost,23,126,117.0,115.908844
XGBoost,23,127,116.0,114.07607
XGBoost,23,128,115.0,112.31453
XGBoost,23,129,114.0,119.5196
XGBoost,23,130,113.0,119.953804
XGBoost,24,30,125.0,122.66117
XGBoost,24,31,125.0,124.40765
XGBoost,24,32,125.0,123.45643
XGBoost,24,33,125.0,125.84321
XGBoost,24,34,125.0,124.7046
XGBoost,24,35,125.0,124.17981
XGBoost,24,36,125.0,127.143555
XGBoost,24,37,125.0,125.38465
XGBoost,24,38,125.0,124.73737
XGBoost,24,39,125.0,124.87909
XGBoost,24,40,125.0,125.97099
XGBoost,24,41,125.0,125.59816
XGBoost,24,42,125.0,125.51857
XGBoost,24,43,125.0,123.11349
XGBoost,24,44,125.0,124.83391
XGBoost,24,45,125.0,123.65041
XGBoost,24,46,125.0,125.7144
XGBoost,24,47,125.0,126.22446
XGBoost,24,48,125.0,129.44978
XGBoost,24,49,125.0,128.89474
XGBoost,24,50,125.0,124.02688
XGBoost,24,51,125.0,122.49588
XGBoost,24,52,125.0,123.73692
XGBoost,24,53,125.0,124.15391
XGBoost,24,54,125.0,127.29331
XGBoost,24,55,125.0,127.668106
XGBoost,24,56,125.0,127.14544
XGBoost,24,57,125.0,126.83662
XGBoost,24,58,125.0,125.8403
XGBoost,24,59,125.0,128.19566
XGBoost,24,60,125.0,124.92554
XGBoost,24,61,125.0,126.41693
XGBoost,24,62,125.0,125.85669
XGBoost,24,63,125.0,125.094284
XGBoost,24,64,125.0,125.414215
XGBoost,24,65,125.0,125.21871
XGBoost,24,66,125.0,126.26131
XGBoost,24,67,125.0,124.50358
XGBoost,24,68,125.0,126.96109
XGBoost,24,69,125.0,125.11932
XGBoost,24,70,125.0,123.452
XGBoost,24,71,125.0,125.64877
XGBoost,24,72,125.0,124.71169
XGBoost,24,73,125.0,125.27283
XGBoost,24,74,125.0,124.39698
XGBoost,24,75,125.0,125.00979
XGBoost,24,76,125.0,124.96736
XGBoost,24,77,125.0,125.630806
XGBoost,24,78,125.0,125.1112
XGBoost,24,79,125.0,125.256096
XGBoost,24,80,125.0,116.38048
XGBoost,24,81,125.0,117.11877
XGBoost,24,82,124.0,118.70834
XGBoost,24,83,123.0,119.093834
XGBoost,24,84,122.0,119.32932
XGBoost,24,85,121.0,120.093864
XGBoost,24,86,120.0,119.0374
XGBoost,24,87,119.0,121.20805
XGBoost,24,88,118.0,125.555336
XGBoost,24,89,117.0,119.79774
XGBoost,24,90,116.0,120.9815
XGBoost,24,91,115.0,121.97266
XGBoost,24,92,114.0,122.00747
XGBoost,24,93,113.0,123.17458
XGBoost,24,94,112.0,123.198975
XGBoost,24,95,111.0,124.4444
XGBoost,24,96,110.0,123.84383
XGBoost,24,97,109.0,121.09775
XGBoost,24,98,108.0,117.15298
XGBoost,24,99,107.0,115.868996
XGBoost,24,100,106.0,105.63194
XGBoost,24,101,105.0,112.01988
XGBoost,24,102,104.0,107.46312
XGBoost,24,103,103.0,113.83226
XGBoost,24,104,102.0,114.17642
XGBoost,24,105,101.0,118.288284
XGBoost,24,106,100.0,115.6477
XGBoost,24,107,99.0,119.28077
XGBoost,24,108,98.0,115.90268
XGBoost,24,109,97.0,114.21669
XGBoost,24,110,96.0,110.86744
XGBoost,24,111,95.0,112.68149
XGBoost,24,112,94.0,105.011665
XGBoost,24,113,93.0,105.694626
XGBoost,24,114,92.0,104.14107
XGBoost,24,115,91.0,98.1745
XGBoost,24,116,90.0,97.14924
XGBoost,24,117,89.0,106.347664
XGBoost,24,118,88.0,95.986916
XGBoost,24,119,87.0,99.51314
XGBoost,24,120,86.0,93.56668
XGBoost,24,121,85.0,101.39754
XGBoost,24,122,84.0,97.1578
XGBoost,24,123,83.0,105.26299
XGBoost,24,124,82.0,97.642494
XGBoost,24,125,81.0,101.06246
XGBoost,24,126,80.0,97.44112
XGBoost,24,127,79.0,87.451225
XGBoost,24,128,78.0,87.52143
XGBoost,24,129,77.0,79.36104
XGBoost,24,130,76.0,72.046265
XGBoost,24,131,75.0,76.29154
XGBoost,24,132,74.0,75.2565
XGBoost,24,133,73.0,69.63948
XGBoost,24,134,72.0,74.32
XGBoost,24,135,71.0,70.47644
XGBoost,24,136,70.0,68.45957
XGBoost,24,137,69.0,70.12876
XGBoost,24,138,68.0,70.77218
XGBoost,24,139,67.0,65.29914
XGBoost,24,140,66.0,68.70141
XGBoost,24,141,65.0,68.83523
XGBoost,24,142,64.0,67.538055
XGBoost,24,143,63.0,62.828953
XGBoost,24,144,62.0,58.764885
XGBoost,24,145,61.0,60.389465
XGBoost,24,146,60.0,59.946453
XGBoost,24,147,59.0,60.529507
XGBoost,24,148,58.0,60.695198
XGBoost,24,149,57.0,52.603844
XGBoost,24,150,56.0,57.728848
XGBoost,24,151,55.0,55.87836
XGBoost,24,152,54.0,51.489952
XGBoost,24,153,53.0,50.580765
XGBoost,24,154,52.0,50.020645
XGBoost,24,155,51.0,51.27053
XGBoost,24,156,50.0,51.10399
XGBoost,24,157,49.0,56.255898
XGBoost,24,158,48.0,56.679127
XGBoost,24,159,47.0,52.689346
XGBoost,24,160,46.0,47.7575
XGBoost,24,161,45.0,46.563797
XGBoost,24,162,44.0,45.267113
XGBoost,24,163,43.0,41.366188
XGBoost,24,164,42.0,34.438416
XGBoost,24,165,41.0,37.023922
XGBoost,24,166,40.0,38.596123
XGBoost,24,167,39.0,34.465935
XGBoost,24,168,38.0,38.5782
XGBoost,24,169,37.0,38.520287
XGBoost,24,170,36.0,30.048422
XGBoost,24,171,35.0,35.8247
XGBoost,24,172,34.0,35.081944
XGBoost,24,173,33.0,32.684593
XGBoost,24,174,32.0,23.126043
XGBoost,24,175,31.0,22.515692
XGBoost,24,176,30.0,24.769056
XGBoost,24,177,29.0,32.05895
XGBoost,24,178,28.0,28.474777
XGBoost,24,179,27.0,25.449614
XGBoost,24,180,26.0,23.434227
XGBoost,24,181,25.0,25.01331
XGBoost,24,182,24.0,22.775883
XGBoost,24,183,23.0,23.411777
XGBoost,24,184,22.0,17.10024
XGBoost,24,185,21.0,13.332963
XGBoost,24,186,20.0,19.992233
XGBoost,25,30,125.0,121.168304
XGBoost,25,31,125.0,124.24035
XGBoost,25,32,125.0,119.314384
XGBoost,25,33,125.0,121.02604
XGBoost,25,34,125.0,123.84383
XGBoost,25,35,125.0,123.17518
XGBoost,25,36,125.0,124.05488
XGBoost,25,37,125.0,128.61575
XGBoost,25,38,125.0,124.17444
XGBoost,25,39,125.0,122.367096
XGBoost,25,40,125.0,120.77431
XGBoost,25,41,125.0,120.10652
XGBoost,25,42,125.0,113.313065
XGBoost,25,43,125.0,120.79242
XGBoost,25,44,125.0,117.671234
XGBoost,25,45,125.0,116.479805
XGBoost,25,46,125.0,116.410446
XGBoost,25,47,125.0,117.10747
XGBoost,25,48,125.0,112.32339
XGBoost,26,30,125.0,109.62498
XGBoost,26,31,125.0,114.98492
XGBoost,26,32,125.0,115.50074
XGBoost,26,33,125.0,119.26602
XGBoost,26,34,125.0,108.67027
XGBoost,26,35,125.0,106.6544
XGBoost,26,36,125.0,113.91975
XGBoost,26,37,125.0,114.333755
XGBoost,26,38,125.0,117.20825
XGBoost,26,39,125.0,111.56431
XGBoost,26,40,125.0,109.03928
XGBoost,26,41,125.0,113.36161
XGBoost,26,42,125.0,122.29378
XGBoost,26,43,125.0,122.888214
XGBoost,26,44,125.0,120.9234
XGBoost,26,45,125.0,120.07969
XGBoost,26,46,125.0,121.99988
XGBoost,26,47,125.0,123.13939
XGBoost,26,48,125.0,126.01729
XGBoost,26,49,125.0,123.41602
XGBoost,26,50,125.0,106.117424
XGBoost,26,51,125.0,117.31572
XGBoost,26,52,125.0,120.3312
XGBoost,26,53,125.0,117.87007
XGBoost,26,54,125.0,116.989044
XGBoost,26,55,125.0,119.637566
XGBoost,26,56,125.0,118.57937
XGBoost,26,57,125.0,118.22089
XGBoost,26,58,125.0,112.225815
XGBoost,26,59,125.0,108.172356
XGBoost,26,60,125.0,112.961105
XGBoost,26,61,125.0,116.65946
XGBoost,26,62,125.0,118.2611
XGBoost,26,63,125.0,120.485344
XGBoost,26,64,125.0,116.50641
XGBoost,26,65,125.0,116.53887
XGBoost,26,66,125.0,113.048874
XGBoost,26,67,125.0,104.58497
XGBoost,26,68,125.0,106.58888
XGBoost,26,69,125.0,109.186676
XGBoost,26,70,125.0,110.15702
XGBoost,26,71,124.0,106.35998
XGBoost,26,72,123.0,111.87172
XGBoost,26,73,122.0,115.40644
XGBoost,26,74,121.0,112.10287
XGBoost,26,75,120.0,105.89928
XGBoost,26,76,119.0,101.49854
XGBoost,27,30,125.0,125.12067
XGBoost,27,31,125.0,129.39557
XGBoost,27,32,125.0,131.92815
XGBoost,27,33,125.0,129.37866
XGBoost,27,34,125.0,128.28125
XGBoost,27,35,125.0,128.219
XGBoost,27,36,125.0,129.56691
XGBoost,27,37,125.0,129.38223
XGBoost,27,38,125.0,126.82864
XGBoost,27,39,125.0,126.53317
XGBoost,27,40,125.0,121.99131
XGBoost,27,41,125.0,124.39868
XGBoost,27,42,125.0,127.76372
XGBoost,27,43,125.0,125.40239
XGBoost,27,44,125.0,126.34782
XGBoost,27,45,125.0,126.896385
XGBoost,27,46,125.0,119.792404
XGBoost,27,47,125.0,122.20805
XGBoost,27,48,125.0,122.38844
XGBoost,27,49,125.0,124.62974
XGBoost,27,50,125.0,126.107796
XGBoost,27,51,125.0,127.72553
XGBoost,27,52,125.0,128.64197
XGBoost,27,53,125.0,126.16222
XGBoost,27,54,125.0,128.2847
XGBoost,27,55,125.0,123.473274
XGBoost,27,56,125.0,124.269165
XGBoost,27,57,125.0,126.124664
XGBoost,27,58,125.0,129.30666
XGBoost,27,59,125.0,129.253
XGBoost,27,60,125.0,129.0798
XGBoost,27,61,125.0,127.207596
XGBoost,27,62,125.0,130.78925
XGBoost,27,63,125.0,127.81758
XGBoost,27,64,125.0,127.14006
XGBoost,27,65,125.0,126.2847
XGBoost,27,66,125.0,129.57683
XGBoost,27,67,125.0,124.76119
XGBoost,27,68,125.0,125.151505
XGBoost,27,69,125.0,117.5634
XGBoost,27,70,125.0,119.05532
XGBoost,27,71,125.0,113.49865
XGBoost,27,72,125.0,115.75107
XGBoost,27,73,125.0,117.31224
XGBoost,27,74,125.0,119.198845
XGBoost,27,75,125.0,110.814095
XGBoost,27,76,125.0,113.25837
XGBoost,27,77,125.0,111.12146
XGBoost,27,78,125.0,111.54589
XGBoost,27,79,125.0,113.96011
XGBoost,27,80,125.0,116.98192
XGBoost,27,81,125.0,118.540565
XGBoost,27,82,124.0,114.20426
XGBoost,27,83,123.0,117.5051
XGBoost,27,84,122.0,119.00966
XGBoost,27,85,121.0,122.55883
XGBoost,27,86,120.0,119.029015
XGBoost,27,87,119.0,120.87375
XGBoost,27,88,118.0,123.828064
XGBoost,27,89,117.0,122.50985
XGBoost,27,90,116.0,119.843315
XGBoost,27,91,115.0,116.28514
XGBoost,27,92,114.0,124.9139
XGBoost,27,93,113.0,123.6712
XGBoost,27,94,112.0,121.19383
XGBoost,27,95,111.0,120.54188
XGBoost,27,96,110.0,123.50778
XGBoost,27,97,109.0,120.9624
XGBoost,27,98,108.0,110.22305
XGBoost,27,99,107.0,108.48095
XGBoost,27,100,106.0,109.305
XGBoost,27,101,105.0,114.10467
XGBoost,27,102,104.0,117.14807
XGBoost,27,103,103.0,119.085045
XGBoost,27,104,102.0,120.62936
XGBoost,27,105,101.0,116.963165
XGBoost,27,106,100.0,120.831696
XGBoost,27,107,99.0,113.29526
XGBoost,27,108,98.0,117.83322
XGBoost,27,109,97.0,116.3778
XGBoost,27,110,96.0,124.18511
XGBoost,27,111,95.0,121.81735
XGBoost,27,112,94.0,116.896645
XGBoost,27,113,93.0,115.14113
XGBoost,27,114,92.0,115.39561
XGBoost,27,115,91.0,107.297455
XGBoost,27,116,90.0,103.43632
XGBoost,27,117,89.0,105.344406
XGBoost,27,118,88.0,105.523415
XGBoost,27,119,87.0,115.26037
XGBoost,27,120,86.0,106.940315
XGBoost,27,121,85.0,105.36826
XGBoost,27,122,84.0,109.426155
XGBoost,27,123,83.0,109.43812
XGBoost,27,124,82.0,105.75904
XGBoost,27,125,81.0,104.7411
XGBoost,27,126,80.0,108.2962
XGBoost,27,127,79.0,96.585304
XGBoost,27,128,78.0,88.438255
XGBoost,27,129,77.0,93.91138
XGBoost,27,130,76.0,95.78069
XGBoost,27,131,75.0,99.55013
XGBoost,27,132,74.0,100.99397
XGBoost,27,133,73.0,102.33011
XGBoost,27,134,72.0,98.95087
XGBoost,27,135,71.0,93.46784
XGBoost,27,136,70.0,92.889854
XGBoost,27,137,69.0,92.80532
XGBoost,27,138,68.0,103.69983
XGBoost,27,139,67.0,99.47015
XGBoost,27,140,66.0,93.501396
XGBoost,28,30,125.0,120.21878
XGBoost,28,31,125.0,120.83351
XGBoost,28,32,125.0,120.83798
XGBoost,28,33,125.0,119.61279
XGBoost,28,34,125.0,112.77547
XGBoost,28,35,125.0,111.48236
XGBoost,28,36,125.0,112.268234
XGBoost,28,37,125.0,113.70949
XGBoost,28,38,125.0,108.80209
XGBoost,28,39,125.0,108.88549
XGBoost,28,40,125.0,111.420135
XGBoost,28,41,125.0,119.04414
XGBoost,28,42,125.0,123.11167
XGBoost,28,43,125.0,125.0654
XGBoost,28,44,125.0,124.06229
XGBoost,28,45,125.0,121.68589
XGBoost,28,46,125.0,132.44504
XGBoost,28,47,125.0,138.25269
XGBoost,28,48,125.0,131.9922
XGBoost,28,49,125.0,135.69458
XGBoost,28,50,125.0,130.30226
XGBoost,28,51,125.0,123.529945
XGBoost,28,52,125.0,122.13344
XGBoost,28,53,125.0,112.46858
XGBoost,28,54,125.0,105.30851
XGBoost,28,55,125.0,112.15099
XGBoost,28,56,125.0,117.94547
XGBoost,28,57,125.0,115.787964
XGBoost,28,58,125.0,112.547295
XGBoost,28,59,125.0,119.92962
XGBoost,28,60,125.0,116.37274
XGBoost,28,61,125.0,120.45183
XGBoost,28,62,125.0,120.79355
XGBoost,28,63,125.0,119.328636
XGBoost,28,64,125.0,115.499794
XGBoost,28,65,125.0,115.74479
XGBoost,28,66,125.0,115.29263
XGBoost,28,67,125.0,114.92581
XGBoost,28,68,125.0,114.733986
XGBoost,28,69,125.0,111.0395
XGBoost,28,70,125.0,107.88755
XGBoost,28,71,125.0,119.03088
XGBoost,28,72,125.0,117.84735
XGBoost,28,73,125.0,124.99896
XGBoost,28,74,125.0,116.47898
XGBoost,28,75,125.0,118.943695
XGBoost,28,76,125.0,126.39672
XGBoost,28,77,125.0,120.49177
XGBoost,28,78,125.0,128.64568
XGBoost,28,79,125.0,123.56579
XGBoost,28,80,125.0,125.439125
XGBoost,28,81,125.0,126.91834
XGBoost,28,82,125.0,122.72413
XGBoost,28,83,125.0,118.746666
XGBoost,28,84,125.0,116.982864
XGBoost,28,85,125.0,121.81269
XGBoost,28,86,125.0,122.930046
XGBoost,28,87,125.0,121.34129
XGBoost,28,88,125.0,115.367584
XGBoost,28,89,125.0,125.45434
XGBoost,28,90,125.0,119.37604
XGBoost,28,91,125.0,118.18708
XGBoost,28,92,125.0,117.25486
XGBoost,28,93,125.0,110.78532
XGBoost,28,94,125.0,117.988556
XGBoost,28,95,125.0,115.73731
XGBoost,28,96,125.0,113.61937
XGBoost,28,97,125.0,109.355415
XGBoost,28,98,125.0,117.91156
XGBoost,28,99,125.0,119.19703
XGBoost,28,100,125.0,124.64021
XGBoost,28,101,125.0,121.38764
XGBoost,28,102,125.0,121.18966
XGBoost,28,103,125.0,116.585304
XGBoost,28,104,125.0,115.00952
XGBoost,28,105,125.0,114.05606
XGBoost,28,106,125.0,118.24239
XGBoost,28,107,125.0,116.89758
XGBoost,28,108,125.0,113.75895
XGBoost,28,109,125.0,114.329254
XGBoost,28,110,125.0,110.76675
XGBoost,28,111,125.0,111.32617
XGBoost,28,112,125.0,103.40868
XGBoost,28,113,125.0,99.14564
XGBoost,28,114,125.0,110.54439
XGBoost,28,115,125.0,107.230606
XGBoost,28,116,125.0,115.79051
XGBoost,28,117,125.0,108.22576
XGBoost,28,118,125.0,111.42978
XGBoost,28,119,125.0,98.68674
XGBoost,28,120,125.0,121.29815
XGBoost,28,121,125.0,113.67233
XGBoost,28,122,125.0,117.11401
XGBoost,28,123,125.0,122.91286
XGBoost,28,124,125.0,113.6611
XGBoost,28,125,125.0,108.48403
XGBoost,28,126,125.0,95.382454
XGBoost,28,127,125.0,95.2625
XGBoost,28,128,125.0,105.25777
XGBoost,28,129,125.0,109.75374
XGBoost,28,130,125.0,101.77478
XGBoost,28,131,124.0,110.33145
XGBoost,28,132,123.0,105.466995
XGBoost,28,133,122.0,108.161476
XGBoost,28,134,121.0,113.400925
XGBoost,28,135,120.0,118.35363
XGBoost,28,136,119.0,109.52289
XGBoost,28,137,118.0,119.6541
XGBoost,28,138,117.0,122.23634
XGBoost,28,139,116.0,115.325745
XGBoost,28,140,115.0,115.73324
XGBoost,28,141,114.0,114.025986
XGBoost,28,142,113.0,122.763
XGBoost,28,143,112.0,116.51939
XGBoost,28,144,111.0,118.173615
XGBoost,28,145,110.0,109.5856
XGBoost,28,146,109.0,110.64663
XGBoost,28,147,108.0,109.89879
XGBoost,28,148,107.0,104.84861
XGBoost,28,149,106.0,99.23168
XGBoost,28,150,105.0,109.59434
XGBoost,28,151,104.0,100.87499
XGBoost,28,152,103.0,98.28924
XGBoost,28,153,102.0,119.90425
XGBoost,28,154,101.0,118.773926
XGBoost,28,155,100.0,105.57036
XGBoost,28,156,99.0,110.062454
XGBoost,28,157,98.0,112.29123
XGBoost,28,158,97.0,109.743286
XGBoost,29,30,125.0,111.024155
XGBoost,29,31,125.0,109.98675
XGBoost,29,32,125.0,108.940254
XGBoost,29,33,125.0,108.4135
XGBoost,29,34,125.0,115.17894
XGBoost,29,35,125.0,116.23093
XGBoost,29,36,125.0,117.05221
XGBoost,29,37,125.0,117.626884
XGBoost,29,38,125.0,123.09867
XGBoost,29,39,125.0,122.34656
XGBoost,29,40,125.0,123.6055
XGBoost,29,41,125.0,121.070755
XGBoost,29,42,125.0,117.12319
XGBoost,29,43,125.0,116.049965
XGBoost,29,44,125.0,117.2147
XGBoost,29,45,125.0,116.841835
XGBoost,29,46,125.0,115.82803
XGBoost,29,47,125.0,118.3571
XGBoost,29,48,125.0,113.09808
XGBoost,29,49,125.0,114.57931
XGBoost,29,50,125.0,115.49491
XGBoost,29,51,125.0,116.92925
XGBoost,29,52,125.0,114.35594
XGBoost,29,53,125.0,116.637245
XGBoost,29,54,125.0,113.73622
XGBoost,29,55,125.0,114.7431
XGBoost,29,56,125.0,120.30339
XGBoost,29,57,125.0,116.25894
XGBoost,29,58,125.0,121.675446
XGBoost,29,59,125.0,117.86244
XGBoost,29,60,125.0,116.308205
XGBoost,29,61,125.0,122.02437
XGBoost,29,62,125.0,121.22656
XGBoost,29,63,125.0,120.91498
XGBoost,29,64,125.0,122.09448
XGBoost,29,65,125.0,124.50888
XGBoost,29,66,125.0,118.63744
XGBoost,29,67,125.0,117.299324
XGBoost,29,68,125.0,120.52568
XGBoost,29,69,125.0,116.19963
XGBoost,29,70,125.0,114.23225
XGBoost,29,71,125.0,113.07737
XGBoost,29,72,125.0,116.705635
XGBoost,29,73,125.0,118.24966
XGBoost,29,74,125.0,118.02033
XGBoost,29,75,125.0,118.935135
XGBoost,29,76,125.0,119.30979
XGBoost,29,77,125.0,113.45417
XGBoost,29,78,125.0,108.02704
XGBoost,29,79,125.0,103.621635
XGBoost,29,80,125.0,105.5321
XGBoost,29,81,125.0,104.42766
XGBoost,29,82,125.0,113.75232
XGBoost,29,83,125.0,115.90836
XGBoost,29,84,125.0,118.3119
XGBoost,29,85,125.0,106.27425
XGBoost,29,86,125.0,116.53659
XGBoost,29,87,125.0,110.60964
XGBoost,29,88,125.0,105.96387
XGBoost,29,89,125.0,111.47406
XGBoost,29,90,125.0,112.68496
XGBoost,29,91,125.0,108.0263
XGBoost,29,92,125.0,109.4784
XGBoost,29,93,125.0,110.05376
XGBoost,29,94,125.0,112.553825
XGBoost,29,95,125.0,118.62407
XGBoost,29,96,125.0,110.674286
XGBoost,29,97,125.0,111.507904
XGBoost,29,98,125.0,112.75445
XGBoost,29,99,125.0,114.84202
XGBoost,29,100,125.0,111.11614
XGBoost,29,101,125.0,106.20812
XGBoost,29,102,125.0,105.73689
XGBoost,29,103,125.0,109.86621
XGBoost,29,104,125.0,113.49177
XGBoost,29,105,125.0,126.684395
XGBoost,29,106,125.0,123.06931
XGBoost,29,107,125.0,123.82483
XGBoost,29,108,125.0,125.579994
XGBoost,29,109,125.0,120.45934
XGBoost,29,110,125.0,119.46203
XGBoost,29,111,125.0,117.39476
XGBoost,29,112,125.0,116.89988
XGBoost,29,113,125.0,119.3161
XGBoost,29,114,125.0,119.39725
XGBoost,29,115,125.0,112.5982
XGBoost,29,116,125.0,115.915306
XGBoost,29,117,125.0,112.42336
XGBoost,29,118,125.0,108.04403
XGBoost,29,119,125.0,109.61178
XGBoost,29,120,125.0,109.67848
XGBoost,29,121,125.0,111.664604
XGBoost,29,122,125.0,108.463844
XGBoost,29,123,125.0,111.89228
XGBoost,29,124,125.0,109.857544
XGBoost,29,125,125.0,114.28028
XGBoost,29,126,125.0,117.19079
XGBoost,29,127,125.0,111.33096
XGBoost,29,128,125.0,108.69812
XGBoost,29,129,125.0,108.52412
XGBoost,29,130,125.0,103.895424
XGBoost,29,131,125.0,99.64832
XGBoost,29,132,125.0,100.91351
XGBoost,29,133,125.0,89.78431
XGBoost,29,134,125.0,97.348915
XGBoost,29,135,125.0,99.475555
XGBoost,29,136,125.0,96.98006
XGBoost,29,137,124.0,103.1678
XGBoost,29,138,123.0,104.98223
XGBoost,29,139,122.0,96.576706
XGBoost,29,140,121.0,96.34386
XGBoost,29,141,120.0,98.5582
XGBoost,29,142,119.0,97.46001
XGBoost,29,143,118.0,104.39221
XGBoost,29,144,117.0,96.35664
XGBoost,29,145,116.0,92.4439
XGBoost,29,146,115.0,93.7638
XGBoost,29,147,114.0,96.46654
XGBoost,29,148,113.0,101.1754
XGBoost,29,149,112.0,100.55244
XGBoost,29,150,111.0,107.62273
XGBoost,29,151,110.0,106.42981
XGBoost,29,152,109.0,100.44887
XGBoost,29,153,108.0,99.2175
XGBoost,29,154,107.0,97.26202
XGBoost,29,155,106.0,93.56952
XGBoost,29,156,105.0,101.40944
XGBoost,29,157,104.0,98.39267
XGBoost,29,158,103.0,100.868546
XGBoost,29,159,102.0,105.904884
XGBoost,29,160,101.0,106.51362
XGBoost,29,161,100.0,97.69039
XGBoost,29,162,99.0,95.39058
XGBoost,29,163,98.0,88.412994
XGBoost,29,164,97.0,90.29514
XGBoost,29,165,96.0,96.764786
XGBoost,29,166,95.0,91.49094
XGBoost,29,167,94.0,97.09215
XGBoost,29,168,93.0,90.55343
XGBoost,29,169,92.0,101.46877
XGBoost,29,170,91.0,95.84065
XGBoost,29,171,90.0,101.62098
XGBoost,30,30,125.0,121.51863
XGBoost,30,31,125.0,123.61223
XGBoost,30,32,125.0,120.2348
XGBoost,30,33,125.0,116.920105
XGBoost,30,34,125.0,120.029106
XGBoost,30,35,125.0,125.378395
XGBoost,30,36,125.0,128.81487
XGBoost,30,37,125.0,127.46166
XGBoost,30,38,125.0,127.93443
XGBoost,30,39,125.0,125.68476
XGBoost,30,40,125.0,122.01767
XGBoost,30,41,125.0,126.81466
XGBoost,30,42,125.0,127.48557
XGBoost,30,43,125.0,133.21542
XGBoost,30,44,125.0,129.7706
XGBoost,30,45,125.0,118.03561
XGBoost,30,46,125.0,108.79845
XGBoost,30,47,125.0,116.74376
XGBoost,30,48,125.0,120.91269
XGBoost,30,49,125.0,113.67553
XGBoost,30,50,125.0,124.37818
XGBoost,30,51,125.0,112.26894
XGBoost,30,52,125.0,116.17044
XGBoost,30,53,125.0,121.779816
XGBoost,30,54,125.0,116.05191
XGBoost,30,55,125.0,124.84745
XGBoost,30,56,125.0,118.67024
XGBoost,30,57,125.0,119.355286
XGBoost,30,58,125.0,120.457794
XGBoost,30,59,125.0,128.8943
XGBoost,30,60,125.0,116.23603
XGBoost,30,61,125.0,105.189606
XGBoost,30,62,125.0,111.48304
XGBoost,30,63,125.0,108.57619
XGBoost,30,64,125.0,110.9405
XGBoost,30,65,125.0,112.10936
XGBoost,30,66,125.0,117.3875
XGBoost,30,67,125.0,121.891914
XGBoost,30,68,125.0,117.29202
XGBoost,30,69,125.0,118.133934
XGBoost,30,70,125.0,122.101906
XGBoost,30,71,125.0,123.00699
XGBoost,30,72,125.0,130.20355
XGBoost,30,73,125.0,133.83096
XGBoost,30,74,125.0,139.49174
XGBoost,30,75,125.0,127.89882
XGBoost,30,76,125.0,127.69999
XGBoost,30,77,125.0,124.79575
XGBoost,30,78,125.0,122.91713
XGBoost,30,79,125.0,133.19743
XGBoost,30,80,125.0,134.19913
XGBoost,30,81,125.0,117.45242
XGBoost,30,82,125.0,116.380714
XGBoost,30,83,125.0,115.98513
XGBoost,30,84,125.0,117.96157
XGBoost,30,85,125.0,120.39217
XGBoost,30,86,125.0,118.99612
XGBoost,30,87,125.0,118.46136
XGBoost,30,88,125.0,119.49307
XGBoost,30,89,125.0,124.18908
XGBoost,30,90,125.0,128.4103
XGBoost,30,91,125.0,124.48303
XGBoost,30,92,125.0,119.1281
XGBoost,30,93,125.0,122.71191
XGBoost,30,94,125.0,117.897675
XGBoost,30,95,125.0,121.09705
XGBoost,30,96,125.0,121.48531
XGBoost,30,97,125.0,118.33587
XGBoost,30,98,125.0,116.41731
XGBoost,30,99,125.0,116.25885
XGBoost,30,100,125.0,115.601204
XGBoost,30,101,125.0,111.5543
XGBoost,30,102,125.0,111.765
XGBoost,30,103,125.0,123.3495
XGBoost,30,104,125.0,120.629524
XGBoost,30,105,125.0,116.84456
XGBoost,30,106,125.0,113.63668
XGBoost,30,107,125.0,113.16784
XGBoost,30,108,125.0,117.349335
XGBoost,30,109,125.0,119.28602
XGBoost,30,110,125.0,116.29199
XGBoost,30,111,125.0,108.74602
XGBoost,30,112,125.0,95.89325
XGBoost,30,113,125.0,100.28559
XGBoost,30,114,125.0,95.99161
XGBoost,30,115,125.0,101.02479
XGBoost,30,116,125.0,95.97111
XGBoost,30,117,125.0,97.221
XGBoost,30,118,125.0,99.65171
XGBoost,30,119,125.0,107.11006
XGBoost,30,120,125.0,92.06396
XGBoost,30,121,125.0,86.44628
XGBoost,30,122,125.0,87.79289
XGBoost,30,123,125.0,92.98452
XGBoost,30,124,125.0,87.10456
XGBoost,30,125,125.0,88.61589
XGBoost,30,126,125.0,87.511505
XGBoost,30,127,125.0,84.512955
XGBoost,30,128,125.0,81.74846
XGBoost,30,129,125.0,91.24517
XGBoost,30,130,125.0,97.726524
XGBoost,30,131,125.0,90.25463
XGBoost,30,132,125.0,88.895325
XGBoost,30,133,125.0,100.65578
XGBoost,30,134,124.0,97.72139
XGBoost,30,135,123.0,106.70962
XGBoost,30,136,122.0,106.52921
XGBoost,30,137,121.0,103.98267
XGBoost,30,138,120.0,91.36198
XGBoost,30,139,119.0,105.57005
XGBoost,30,140,118.0,104.000145
XGBoost,30,141,117.0,110.346565
XGBoost,30,142,116.0,108.5556
XGBoost,30,143,115.0,111.29757
XGBoost,31,30,125.0,113.69725
XGBoost,31,31,125.0,116.928024
XGBoost,31,32,125.0,115.98709
XGBoost,31,33,125.0,113.975266
XGBoost,31,34,125.0,114.58453
XGBoost,31,35,125.0,115.82894
XGBoost,31,36,125.0,116.776955
XGBoost,31,37,125.0,119.53198
XGBoost,31,38,125.0,123.016304
XGBoost,31,39,125.0,121.66104
XGBoost,31,40,125.0,122.75317
XGBoost,31,41,125.0,118.52289
XGBoost,31,42,125.0,116.76895
XGBoost,31,43,125.0,115.96494
XGBoost,31,44,125.0,122.01241
XGBoost,31,45,125.0,118.05442
XGBoost,31,46,125.0,120.53889
XGBoost,31,47,125.0,120.1393
XGBoost,31,48,125.0,116.200195
XGBoost,31,49,125.0,117.75518
XGBoost,31,50,125.0,112.50055
XGBoost,31,51,125.0,113.31929
XGBoost,31,52,125.0,116.2078
XGBoost,31,53,125.0,115.28752
XGBoost,31,54,125.0,112.09068
XGBoost,31,55,125.0,111.7229
XGBoost,31,56,125.0,109.11477
XGBoost,31,57,125.0,106.048874
XGBoost,31,58,125.0,106.22481
XGBoost,31,59,125.0,102.43012
XGBoost,31,60,125.0,106.593216
XGBoost,31,61,125.0,99.44544
XGBoost,31,62,125.0,106.09094
XGBoost,31,63,125.0,110.00323
XGBoost,31,64,125.0,112.55029
XGBoost,31,65,125.0,103.882225
XGBoost,31,66,125.0,109.827866
XGBoost,31,67,125.0,110.562096
XGBoost,31,68,125.0,105.06213
XGBoost,31,69,125.0,110.78655
XGBoost,31,70,125.0,106.530235
XGBoost,31,71,125.0,112.33353
XGBoost,31,72,125.0,105.18044
XGBoost,31,73,125.0,102.274315
XGBoost,31,74,125.0,104.04463
XGBoost,31,75,125.0,106.57978
XGBoost,31,76,125.0,105.847534
XGBoost,31,77,125.0,113.91171
XGBoost,31,78,125.0,115.4121
XGBoost,31,79,125.0,107.35863
XGBoost,31,80,124.0,114.1745
XGBoost,31,81,123.0,112.741135
XGBoost,31,82,122.0,117.75591
XGBoost,31,83,121.0,116.922325
XGBoost,31,84,120.0,119.29896
XGBoost,31,85,119.0,114.47717
XGBoost,31,86,118.0,115.78559
XGBoost,31,87,117.0,110.58822
XGBoost,31,88,116.0,113.41977
XGBoost,31,89,115.0,109.38769
XGBoost,31,90,114.0,109.59167
XGBoost,31,91,113.0,103.56005
XGBoost,31,92,112.0,100.52501
XGBoost,31,93,111.0,101.78931
XGBoost,31,94,110.0,96.60618
XGBoost,31,95,109.0,95.85088
XGBoost,31,96,108.0,101.51179
XGBoost,31,97,107.0,98.50419
XGBoost,31,98,106.0,99.158134
XGBoost,31,99,105.0,106.83686
XGBoost,31,100,104.0,105.019844
XGBoost,31,101,103.0,105.076546
XGBoost,31,102,102.0,98.234665
XGBoost,31,103,101.0,89.2941
XGBoost,31,104,100.0,88.761116
XGBoost,31,105,99.0,92.10486
XGBoost,31,106,98.0,95.63734
XGBoost,31,107,97.0,81.035095
XGBoost,31,108,96.0,86.53203
XGBoost,31,109,95.0,97.03965
XGBoost,31,110,94.0,96.32404
XGBoost,31,111,93.0,103.13489
XGBoost,31,112,92.0,97.59742
XGBoost,31,113,91.0,100.32256
XGBoost,31,114,90.0,103.88157
XGBoost,31,115,89.0,106.881325
XGBoost,31,116,88.0,96.998344
XGBoost,31,117,87.0,91.644104
XGBoost,31,118,86.0,87.05927
XGBoost,31,119,85.0,86.699234
XGBoost,31,120,84.0,95.45648
XGBoost,31,121,83.0,83.32343
XGBoost,31,122,82.0,81.41437
XGBoost,31,123,81.0,77.36118
XGBoost,31,124,80.0,91.07864
XGBoost,31,125,79.0,90.32413
XGBoost,31,126,78.0,94.95256
XGBoost,31,127,77.0,96.05142
XGBoost,31,128,76.0,86.93533
XGBoost,31,129,75.0,93.71415
XGBoost,31,130,74.0,86.66622
XGBoost,31,131,73.0,80.23168
XGBoost,31,132,72.0,75.48887
XGBoost,31,133,71.0,79.02238
XGBoost,31,134,70.0,77.74099
XGBoost,31,135,69.0,79.28708
XGBoost,31,136,68.0,73.055046
XGBoost,31,137,67.0,67.53466
XGBoost,31,138,66.0,72.12688
XGBoost,31,139,65.0,82.47251
XGBoost,31,140,64.0,77.89958
XGBoost,31,141,63.0,78.43691
XGBoost,31,142,62.0,79.539444
XGBoost,31,143,61.0,80.67392
XGBoost,31,144,60.0,82.16435
XGBoost,31,145,59.0,75.29278
XGBoost,31,146,58.0,75.23416
XGBoost,31,147,57.0,77.68245
XGBoost,31,148,56.0,58.628914
XGBoost,31,149,55.0,59.937595
XGBoost,31,150,54.0,69.138336
XGBoost,31,151,53.0,63.718704
XGBoost,31,152,52.0,68.122314
XGBoost,31,153,51.0,48.787224
XGBoost,31,154,50.0,41.273052
XGBoost,31,155,49.0,41.893814
XGBoost,31,156,48.0,52.43684
XGBoost,31,157,47.0,46.32698
XGBoost,31,158,46.0,52.54878
XGBoost,31,159,45.0,46.26327
XGBoost,31,160,44.0,44.318817
XGBoost,31,161,43.0,35.584297
XGBoost,31,162,42.0,33.383274
XGBoost,31,163,41.0,35.348743
XGBoost,31,164,40.0,39.46103
XGBoost,31,165,39.0,40.348415
XGBoost,31,166,38.0,46.83324
XGBoost,31,167,37.0,41.481403
XGBoost,31,168,36.0,38.245697
XGBoost,31,169,35.0,36.872894
XGBoost,31,170,34.0,42.893147
XGBoost,31,171,33.0,43.174103
XGBoost,31,172,32.0,42.563583
XGBoost,31,173,31.0,47.40373
XGBoost,31,174,30.0,42.29252
XGBoost,31,175,29.0,46.615265
XGBoost,31,176,28.0,36.48255
XGBoost,31,177,27.0,38.070984
XGBoost,31,178,26.0,27.138607
XGBoost,31,179,25.0,20.1578
XGBoost,31,180,24.0,18.431627
XGBoost,31,181,23.0,17.061543
XGBoost,31,182,22.0,11.42094
XGBoost,31,183,21.0,15.351505
XGBoost,31,184,20.0,20.756126
XGBoost,31,185,19.0,18.674097
XGBoost,31,186,18.0,17.521513
XGBoost,31,187,17.0,14.650113
XGBoost,31,188,16.0,18.360641
XGBoost,31,189,15.0,21.96476
XGBoost,31,190,14.0,20.332153
XGBoost,31,191,13.0,23.49492
XGBoost,31,192,12.0,16.417961
XGBoost,31,193,11.0,11.746398
XGBoost,31,194,10.0,10.935172
XGBoost,31,195,9.0,12.042266
XGBoost,31,196,8.0,16.22739
XGBoost,32,30,125.0,126.37302
XGBoost,32,31,125.0,127.355156
XGBoost,32,32,125.0,126.9823
XGBoost,32,33,125.0,127.19139
XGBoost,32,34,125.0,129.77136
XGBoost,32,35,125.0,130.6068
XGBoost,32,36,125.0,129.77946
XGBoost,32,37,125.0,129.18391
XGBoost,32,38,125.0,129.71823
XGBoost,32,39,125.0,129.30197
XGBoost,32,40,125.0,129.97775
XGBoost,32,41,125.0,129.7119
XGBoost,32,42,125.0,129.83499
XGBoost,32,43,125.0,130.8841
XGBoost,32,44,125.0,131.21454
XGBoost,32,45,125.0,129.89154
XGBoost,32,46,125.0,129.10959
XGBoost,32,47,125.0,127.402405
XGBoost,32,48,125.0,127.04297
XGBoost,32,49,125.0,125.593285
XGBoost,32,50,125.0,125.09163
XGBoost,32,51,125.0,127.30942
XGBoost,32,52,125.0,125.65096
XGBoost,32,53,125.0,127.10762
XGBoost,32,54,125.0,128.74687
XGBoost,32,55,125.0,128.36037
XGBoost,32,56,125.0,125.91639
XGBoost,32,57,125.0,128.32928
XGBoost,32,58,125.0,127.679924
XGBoost,32,59,125.0,125.041664
XGBoost,32,60,125.0,125.72149
XGBoost,32,61,125.0,126.415215
XGBoost,32,62,125.0,127.85347
XGBoost,32,63,125.0,124.223076
XGBoost,32,64,125.0,125.63617
XGBoost,32,65,125.0,126.90809
XGBoost,32,66,125.0,125.274956
XGBoost,32,67,125.0,124.24059
XGBoost,32,68,125.0,125.12867
XGBoost,32,69,124.0,125.0928
XGBoost,32,70,123.0,122.82562
XGBoost,32,71,122.0,121.802
XGBoost,32,72,121.0,123.85528
XGBoost,32,73,120.0,122.55982
XGBoost,32,74,119.0,119.056046
XGBoost,32,75,118.0,117.78745
XGBoost,32,76,117.0,122.70011
XGBoost,32,77,116.0,121.86906
XGBoost,32,78,115.0,115.7948
XGBoost,32,79,114.0,122.00153
XGBoost,32,80,113.0,117.5381
XGBoost,32,81,112.0,121.12402
XGBoost,32,82,111.0,119.58533
XGBoost,32,83,110.0,116.58174
XGBoost,32,84,109.0,116.7324
XGBoost,32,85,108.0,120.65596
XGBoost,32,86,107.0,118.06772
XGBoost,32,87,106.0,118.06564
XGBoost,32,88,105.0,125.69068
XGBoost,32,89,104.0,117.8938
XGBoost,32,90,103.0,120.70984
XGBoost,32,91,102.0,110.765564
XGBoost,32,92,101.0,111.23362
XGBoost,32,93,100.0,109.29427
XGBoost,32,94,99.0,117.58968
XGBoost,32,95,98.0,112.006386
XGBoost,32,96,97.0,116.519554
XGBoost,32,97,96.0,111.82609
XGBoost,32,98,95.0,111.30696
XGBoost,32,99,94.0,109.667534
XGBoost,32,100,93.0,102.73319
XGBoost,32,101,92.0,106.3445
XGBoost,32,102,91.0,101.52387
XGBoost,32,103,90.0,105.265144
XGBoost,32,104,89.0,92.0247
XGBoost,32,105,88.0,92.50852
XGBoost,32,106,87.0,86.28969
XGBoost,32,107,86.0,79.70196
XGBoost,32,108,85.0,75.73528
XGBoost,32,109,84.0,74.0073
XGBoost,32,110,83.0,88.02619
XGBoost,32,111,82.0,79.33799
XGBoost,32,112,81.0,81.955414
XGBoost,32,113,80.0,88.423035
XGBoost,32,114,79.0,91.05854
XGBoost,32,115,78.0,101.1281
XGBoost,32,116,77.0,100.61178
XGBoost,32,117,76.0,95.95042
XGBoost,32,118,75.0,95.430595
XGBoost,32,119,74.0,94.22928
XGBoost,32,120,73.0,84.76584
XGBoost,32,121,72.0,85.288826
XGBoost,32,122,71.0,88.43094
XGBoost,32,123,70.0,85.33292
XGBoost,32,124,69.0,87.9689
XGBoost,32,125,68.0,82.11827
XGBoost,32,126,67.0,78.17525
XGBoost,32,127,66.0,78.32352
XGBoost,32,128,65.0,73.65315
XGBoost,32,129,64.0,72.991554
XGBoost,32,130,63.0,71.90764
XGBoost,32,131,62.0,72.1679
XGBoost,32,132,61.0,67.76627
XGBoost,32,133,60.0,68.49529
XGBoost,32,134,59.0,67.338104
XGBoost,32,135,58.0,64.80128
XGBoost,32,136,57.0,56.70834
XGBoost,32,137,56.0,58.82209
XGBoost,32,138,55.0,60.69162
XGBoost,32,139,54.0,56.190865
XGBoost,32,140,53.0,59.371277
XGBoost,32,141,52.0,56.565536
XGBoost,32,142,51.0,53.915176
XGBoost,32,143,50.0,49.897797
XGBoost,32,144,49.0,51.86088
XGBoost,32,145,48.0,44.00289
XGBoost,33,30,125.0,113.39318
XGBoost,33,31,125.0,105.33414
XGBoost,33,32,124.0,102.876144
XGBoost,33,33,123.0,110.1084
XGBoost,33,34,122.0,104.09588
XGBoost,33,35,121.0,113.67849
XGBoost,33,36,120.0,121.226456
XGBoost,33,37,119.0,117.88755
XGBoost,33,38,118.0,103.848976
XGBoost,33,39,117.0,103.3828
XGBoost,33,40,116.0,108.97524
XGBoost,33,41,115.0,107.007805
XGBoost,33,42,114.0,103.94158
XGBoost,33,43,113.0,100.51834
XGBoost,33,44,112.0,101.61109
XGBoost,33,45,111.0,106.08106
XGBoost,33,46,110.0,109.10748
XGBoost,33,47,109.0,116.51688
XGBoost,33,48,108.0,110.52133
XGBoost,33,49,107.0,109.0357
XGBoost,33,50,106.0,110.88963
XGBoost,34,30,125.0,128.79637
XGBoost,34,31,125.0,128.12852
XGBoost,34,32,125.0,127.99256
XGBoost,34,33,125.0,126.43556
XGBoost,34,34,125.0,128.9526
XGBoost,34,35,125.0,128.73206
XGBoost,34,36,125.0,127.2234
XGBoost,34,37,125.0,128.30232
XGBoost,34,38,125.0,126.81166
XGBoost,34,39,125.0,126.532394
XGBoost,34,40,125.0,122.056305
XGBoost,34,41,125.0,122.69909
XGBoost,34,42,125.0,123.81101
XGBoost,34,43,125.0,124.239395
XGBoost,34,44,125.0,126.963844
XGBoost,34,45,125.0,126.28618
XGBoost,34,46,125.0,125.90785
XGBoost,34,47,125.0,125.41291
XGBoost,34,48,125.0,122.059944
XGBoost,34,49,125.0,121.78238
XGBoost,34,50,125.0,120.94621
XGBoost,34,51,125.0,122.42836
XGBoost,34,52,125.0,121.460335
XGBoost,34,53,125.0,122.12458
XGBoost,34,54,125.0,120.40905
XGBoost,34,55,125.0,123.4544
XGBoost,34,56,125.0,123.66974
XGBoost,34,57,125.0,122.97414
XGBoost,34,58,125.0,126.26452
XGBoost,34,59,125.0,120.44561
XGBoost,34,60,125.0,123.39132
XGBoost,34,61,125.0,123.48511
XGBoost,34,62,125.0,118.61755
XGBoost,34,63,125.0,120.44683
XGBoost,34,64,125.0,120.46022
XGBoost,34,65,125.0,123.03803
XGBoost,34,66,125.0,123.90758
XGBoost,34,67,125.0,122.73025
XGBoost,34,68,125.0,119.25072
XGBoost,34,69,125.0,119.10601
XGBoost,34,70,125.0,118.89286
XGBoost,34,71,125.0,118.92728
XGBoost,34,72,125.0,119.66395
XGBoost,34,73,125.0,121.81043
XGBoost,34,74,125.0,123.20004
XGBoost,34,75,125.0,125.47309
XGBoost,34,76,125.0,124.298744
XGBoost,34,77,125.0,125.95816
XGBoost,34,78,125.0,125.73066
XGBoost,34,79,125.0,125.4044
XGBoost,34,80,125.0,127.0857
XGBoost,34,81,125.0,125.46009
XGBoost,34,82,125.0,127.93143
XGBoost,34,83,125.0,126.877686
XGBoost,34,84,125.0,126.5124
XGBoost,34,85,125.0,123.54626
XGBoost,34,86,124.0,123.17199
XGBoost,34,87,123.0,125.90143
XGBoost,34,88,122.0,125.69848
XGBoost,34,89,121.0,124.30321
XGBoost,34,90,120.0,121.47787
XGBoost,34,91,119.0,118.96617
XGBoost,34,92,118.0,120.098656
XGBoost,34,93,117.0,120.3529
XGBoost,34,94,116.0,116.40195
XGBoost,34,95,115.0,119.21669
XGBoost,34,96,114.0,115.820724
XGBoost,34,97,113.0,116.82039
XGBoost,34,98,112.0,108.02712
XGBoost,34,99,111.0,110.42965
XGBoost,34,100,110.0,114.83303
XGBoost,34,101,109.0,111.398834
XGBoost,34,102,108.0,110.39384
XGBoost,34,103,107.0,112.14827
XGBoost,34,104,106.0,108.693954
XGBoost,34,105,105.0,106.73023
XGBoost,34,106,104.0,108.46985
XGBoost,34,107,103.0,109.07035
XGBoost,34,108,102.0,111.645004
XGBoost,34,109,101.0,112.34574
XGBoost,34,110,100.0,106.665474
XGBoost,34,111,99.0,107.54479
XGBoost,34,112,98.0,110.680214
XGBoost,34,113,97.0,104.569084
XGBoost,34,114,96.0,107.88111
XGBoost,34,115,95.0,106.6346
XGBoost,34,116,94.0,104.54951
XGBoost,34,117,93.0,97.725
XGBoost,34,118,92.0,98.56423
XGBoost,34,119,91.0,106.50562
XGBoost,34,120,90.0,94.37837
XGBoost,34,121,89.0,97.36049
XGBoost,34,122,88.0,98.543686
XGBoost,34,123,87.0,93.85821
XGBoost,34,124,86.0,91.958786
XGBoost,34,125,85.0,102.66573
XGBoost,34,126,84.0,96.61431
XGBoost,34,127,83.0,105.99165
XGBoost,34,128,82.0,95.35267
XGBoost,34,129,81.0,101.14964
XGBoost,34,130,80.0,95.8984
XGBoost,34,131,79.0,95.545006
XGBoost,34,132,78.0,95.06275
XGBoost,34,133,77.0,99.72297
XGBoost,34,134,76.0,96.83592
XGBoost,34,135,75.0,87.334435
XGBoost,34,136,74.0,82.05098
XGBoost,34,137,73.0,89.91213
XGBoost,34,138,72.0,91.659225
XGBoost,34,139,71.0,92.92844
XGBoost,34,140,70.0,100.719376
XGBoost,34,141,69.0,92.57277
XGBoost,34,142,68.0,93.779884
XGBoost,34,143,67.0,92.85043
XGBoost,34,144,66.0,96.90094
XGBoost,34,145,65.0,81.66151
XGBoost,34,146,64.0,83.08829
XGBoost,34,147,63.0,74.831726
XGBoost,34,148,62.0,68.33615
XGBoost,34,149,61.0,77.19884
XGBoost,34,150,60.0,65.500565
XGBoost,34,151,59.0,65.68609
XGBoost,34,152,58.0,65.722786
XGBoost,34,153,57.0,67.37829
XGBoost,34,154,56.0,70.52715
XGBoost,34,155,55.0,73.12573
XGBoost,34,156,54.0,70.42612
XGBoost,34,157,53.0,68.2936
XGBoost,34,158,52.0,61.67168
XGBoost,34,159,51.0,63.154377
XGBoost,34,160,50.0,63.200356
XGBoost,34,161,49.0,62.406586
XGBoost,34,162,48.0,60.726032
XGBoost,34,163,47.0,76.512474
XGBoost,34,164,46.0,66.75539
XGBoost,34,165,45.0,64.50245
XGBoost,34,166,44.0,59.41894
XGBoost,34,167,43.0,68.335014
XGBoost,34,168,42.0,49.097
XGBoost,34,169,41.0,47.150024
XGBoost,34,170,40.0,53.65166
XGBoost,34,171,39.0,30.673183
XGBoost,34,172,38.0,24.156002
XGBoost,34,173,37.0,25.880081
XGBoost,34,174,36.0,45.412205
XGBoost,34,175,35.0,41.159645
XGBoost,34,176,34.0,41.63995
XGBoost,34,177,33.0,37.177086
XGBoost,34,178,32.0,45.61676
XGBoost,34,179,31.0,48.920578
XGBoost,34,180,30.0,55.30239
XGBoost,34,181,29.0,41.473328
XGBoost,34,182,28.0,36.0518
XGBoost,34,183,27.0,40.495155
XGBoost,34,184,26.0,18.071695
XGBoost,34,185,25.0,12.287062
XGBoost,34,186,24.0,19.36003
XGBoost,34,187,23.0,6.1040063
XGBoost,34,188,22.0,2.943556
XGBoost,34,189,21.0,8.68222
XGBoost,34,190,20.0,5.8246136
XGBoost,34,191,19.0,3.816441
XGBoost,34,192,18.0,5.736343
XGBoost,34,193,17.0,15.0276
XGBoost,34,194,16.0,23.125916
XGBoost,34,195,15.0,15.80176
XGBoost,34,196,14.0,17.929167
XGBoost,34,197,13.0,12.832774
XGBoost,34,198,12.0,14.499829
XGBoost,34,199,11.0,12.096291
XGBoost,34,200,10.0,8.030014
XGBoost,34,201,9.0,0.16564645
XGBoost,34,202,8.0,3.1642628
XGBoost,34,203,7.0,-0.55568
XGBoost,35,30,125.0,122.54834
XGBoost,35,31,125.0,120.2447
XGBoost,35,32,125.0,123.090065
XGBoost,35,33,125.0,110.49264
XGBoost,35,34,125.0,108.28635
XGBoost,35,35,125.0,104.19169
XGBoost,35,36,125.0,110.91425
XGBoost,35,37,125.0,113.7481
XGBoost,35,38,125.0,112.09922
XGBoost,35,39,125.0,104.25493
XGBoost,35,40,125.0,111.84165
XGBoost,35,41,125.0,114.53491
XGBoost,35,42,125.0,115.648865
XGBoost,35,43,125.0,112.59459
XGBoost,35,44,125.0,106.94992
XGBoost,35,45,125.0,96.28246
XGBoost,35,46,125.0,92.68406
XGBoost,35,47,125.0,98.54891
XGBoost,35,48,125.0,109.74707
XGBoost,35,49,125.0,109.33657
XGBoost,35,50,125.0,108.19307
XGBoost,35,51,125.0,110.25398
XGBoost,35,52,125.0,103.463036
XGBoost,35,53,125.0,89.22499
XGBoost,35,54,125.0,100.48102
XGBoost,35,55,125.0,104.374626
XGBoost,35,56,125.0,86.15968
XGBoost,35,57,125.0,96.5368
XGBoost,35,58,125.0,97.46778
XGBoost,35,59,125.0,107.579124
XGBoost,35,60,125.0,107.77983
XGBoost,35,61,125.0,115.12254
XGBoost,35,62,125.0,115.87125
XGBoost,35,63,125.0,122.88076
XGBoost,35,64,125.0,119.07626
XGBoost,35,65,125.0,119.14519
XGBoost,35,66,125.0,123.21506
XGBoost,35,67,125.0,124.545235
XGBoost,35,68,125.0,125.727066
XGBoost,35,69,125.0,112.50037
XGBoost,35,70,125.0,116.41221
XGBoost,35,71,125.0,118.92998
XGBoost,35,72,125.0,119.03628
XGBoost,35,73,125.0,125.50519
XGBoost,35,74,125.0,126.83101
XGBoost,35,75,125.0,121.08299
XGBoost,35,76,125.0,115.38555
XGBoost,35,77,125.0,122.779495
XGBoost,35,78,125.0,117.26258
XGBoost,35,79,125.0,120.301834
XGBoost,35,80,125.0,120.46411
XGBoost,35,81,125.0,122.530304
XGBoost,35,82,125.0,112.70749
XGBoost,35,83,125.0,113.74123
XGBoost,35,84,125.0,118.893074
XGBoost,35,85,124.0,117.989624
XGBoost,35,86,123.0,117.604965
XGBoost,35,87,122.0,112.762726
XGBoost,35,88,121.0,110.03503
XGBoost,35,89,120.0,103.148186
XGBoost,35,90,119.0,93.64673
XGBoost,35,91,118.0,97.13844
XGBoost,35,92,117.0,79.45725
XGBoost,35,93,116.0,88.61935
XGBoost,35,94,115.0,92.0962
XGBoost,35,95,114.0,103.12501
XGBoost,35,96,113.0,95.06451
XGBoost,35,97,112.0,96.53174
XGBoost,35,98,111.0,96.34046
XGBoost,35,99,110.0,89.6936
XGBoost,35,100,109.0,77.81371
XGBoost,35,101,108.0,72.101166
XGBoost,35,102,107.0,84.55043
XGBoost,35,103,106.0,86.567856
XGBoost,35,104,105.0,92.15195
XGBoost,35,105,104.0,92.563
XGBoost,35,106,103.0,105.201004
XGBoost,35,107,102.0,103.5526
XGBoost,35,108,101.0,108.17758
XGBoost,35,109,100.0,117.1474
XGBoost,35,110,99.0,110.916214
XGBoost,35,111,98.0,114.128006
XGBoost,35,112,97.0,116.381744
XGBoost,35,113,96.0,105.88271
XGBoost,35,114,95.0,102.23704
XGBoost,35,115,94.0,97.832275
XGBoost,35,116,93.0,92.17704
XGBoost,35,117,92.0,93.84904
XGBoost,35,118,91.0,87.58861
XGBoost,35,119,90.0,92.13922
XGBoost,35,120,89.0,99.94107
XGBoost,35,121,88.0,98.23364
XGBoost,35,122,87.0,87.24502
XGBoost,35,123,86.0,85.24917
XGBoost,35,124,85.0,97.060135
XGBoost,35,125,84.0,101.760056
XGBoost,35,126,83.0,107.77709
XGBoost,35,127,82.0,108.02699
XGBoost,35,128,81.0,100.00901
XGBoost,35,129,80.0,91.069534
XGBoost,35,130,79.0,92.373825
XGBoost,35,131,78.0,100.021355
XGBoost,35,132,77.0,76.32238
XGBoost,35,133,76.0,60.062202
XGBoost,35,134,75.0,75.65043
XGBoost,35,135,74.0,62.81558
XGBoost,35,136,73.0,54.185173
XGBoost,35,137,72.0,65.68579
XGBoost,35,138,71.0,80.57951
XGBoost,35,139,70.0,89.40831
XGBoost,35,140,69.0,86.90624
XGBoost,35,141,68.0,95.1362
XGBoost,35,142,67.0,87.34679
XGBoost,35,143,66.0,84.50026
XGBoost,35,144,65.0,75.612045
XGBoost,35,145,64.0,75.65765
XGBoost,35,146,63.0,79.5832
XGBoost,35,147,62.0,71.37311
XGBoost,35,148,61.0,62.759098
XGBoost,35,149,60.0,67.74677
XGBoost,35,150,59.0,71.84758
XGBoost,35,151,58.0,60.974613
XGBoost,35,152,57.0,56.907425
XGBoost,35,153,56.0,52.763214
XGBoost,35,154,55.0,52.5238
XGBoost,35,155,54.0,63.858974
XGBoost,35,156,53.0,74.99746
XGBoost,35,157,52.0,62.47729
XGBoost,35,158,51.0,59.295506
XGBoost,35,159,50.0,57.843403
XGBoost,35,160,49.0,49.119026
XGBoost,35,161,48.0,53.88587
XGBoost,35,162,47.0,53.18368
XGBoost,35,163,46.0,45.50547
XGBoost,35,164,45.0,57.341167
XGBoost,35,165,44.0,49.035686
XGBoost,35,166,43.0,49.685146
XGBoost,35,167,42.0,40.869034
XGBoost,35,168,41.0,27.486639
XGBoost,35,169,40.0,29.0775
XGBoost,35,170,39.0,29.606472
XGBoost,35,171,38.0,38.662083
XGBoost,35,172,37.0,35.63119
XGBoost,35,173,36.0,30.81177
XGBoost,35,174,35.0,33.136883
XGBoost,35,175,34.0,33.308796
XGBoost,35,176,33.0,27.333372
XGBoost,35,177,32.0,21.13743
XGBoost,35,178,31.0,34.244713
XGBoost,35,179,30.0,30.428617
XGBoost,35,180,29.0,25.015982
XGBoost,35,181,28.0,24.021933
XGBoost,35,182,27.0,22.67615
XGBoost,35,183,26.0,22.499758
XGBoost,35,184,25.0,22.40041
XGBoost,35,185,24.0,19.095446
XGBoost,35,186,23.0,20.806042
XGBoost,35,187,22.0,16.583244
XGBoost,35,188,21.0,15.629243
XGBoost,35,189,20.0,14.757103
XGBoost,35,190,19.0,18.292522
XGBoost,35,191,18.0,19.781055
XGBoost,35,192,17.0,14.448439
XGBoost,35,193,16.0,13.061276
XGBoost,35,194,15.0,14.985472
XGBoost,35,195,14.0,11.900498
XGBoost,35,196,13.0,14.697644
XGBoost,35,197,12.0,13.449506
XGBoost,35,198,11.0,8.725673
XGBoost,36,30,115.0,105.3277
XGBoost,36,31,114.0,106.41781
XGBoost,36,32,113.0,99.95347
XGBoost,36,33,112.0,92.254486
XGBoost,36,34,111.0,93.408226
XGBoost,36,35,110.0,94.85578
XGBoost,36,36,109.0,95.14254
XGBoost,36,37,108.0,89.116135
XGBoost,36,38,107.0,99.28706
XGBoost,36,39,106.0,97.025986
XGBoost,36,40,105.0,93.96391
XGBoost,36,41,104.0,99.38437
XGBoost,36,42,103.0,98.30795
XGBoost,36,43,102.0,94.87462
XGBoost,36,44,101.0,100.94481
XGBoost,36,45,100.0,90.82077
XGBoost,36,46,99.0,96.86615
XGBoost,36,47,98.0,96.0256
XGBoost,36,48,97.0,95.09795
XGBoost,36,49,96.0,90.170525
XGBoost,36,50,95.0,100.713776
XGBoost,36,51,94.0,104.18197
XGBoost,36,52,93.0,96.50889
XGBoost,36,53,92.0,107.62053
XGBoost,36,54,91.0,111.67641
XGBoost,36,55,90.0,97.274574
XGBoost,36,56,89.0,101.38798
XGBoost,36,57,88.0,103.808044
XGBoost,36,58,87.0,110.703606
XGBoost,36,59,86.0,110.64708
XGBoost,36,60,85.0,107.49697
XGBoost,36,61,84.0,99.53719
XGBoost,36,62,83.0,95.12752
XGBoost,36,63,82.0,102.14557
XGBoost,36,64,81.0,104.81007
XGBoost,36,65,80.0,97.81872
XGBoost,36,66,79.0,97.56516
XGBoost,36,67,78.0,104.604225
XGBoost,36,68,77.0,101.76103
XGBoost,36,69,76.0,103.84782
XGBoost,36,70,75.0,85.976974
XGBoost,36,71,74.0,89.255875
XGBoost,36,72,73.0,95.65742
XGBoost,36,73,72.0,96.83141
XGBoost,36,74,71.0,88.53067
XGBoost,36,75,70.0,98.69054
XGBoost,36,76,69.0,100.158775
XGBoost,36,77,68.0,102.630196
XGBoost,36,78,67.0,86.20761
XGBoost,36,79,66.0,85.13144
XGBoost,36,80,65.0,86.43512
XGBoost,36,81,64.0,75.69674
XGBoost,36,82,63.0,73.82224
XGBoost,36,83,62.0,70.10636
XGBoost,36,84,61.0,68.743576
XGBoost,36,85,60.0,61.310246
XGBoost,36,86,59.0,70.57415
XGBoost,36,87,58.0,65.0446
XGBoost,36,88,57.0,74.120926
XGBoost,36,89,56.0,63.089302
XGBoost,36,90,55.0,62.469597
XGBoost,36,91,54.0,56.60668
XGBoost,36,92,53.0,60.151905
XGBoost,36,93,52.0,64.580444
XGBoost,36,94,51.0,57.252777
XGBoost,36,95,50.0,59.695488
XGBoost,36,96,49.0,60.72803
XGBoost,36,97,48.0,54.950542
XGBoost,36,98,47.0,53.19296
XGBoost,36,99,46.0,68.84933
XGBoost,36,100,45.0,66.127335
XGBoost,36,101,44.0,73.39672
XGBoost,36,102,43.0,77.93885
XGBoost,36,103,42.0,59.383835
XGBoost,36,104,41.0,62.42462
XGBoost,36,105,40.0,63.63501
XGBoost,36,106,39.0,66.0414
XGBoost,36,107,38.0,56.13331
XGBoost,36,108,37.0,46.003445
XGBoost,36,109,36.0,47.1729
XGBoost,36,110,35.0,46.846085
XGBoost,36,111,34.0,62.077007
XGBoost,36,112,33.0,52.771893
XGBoost,36,113,32.0,50.5304
XGBoost,36,114,31.0,37.264267
XGBoost,36,115,30.0,33.7294
XGBoost,36,116,29.0,36.224556
XGBoost,36,117,28.0,34.08179
XGBoost,36,118,27.0,30.029558
XGBoost,36,119,26.0,31.32859
XGBoost,36,120,25.0,36.758003
XGBoost,36,121,24.0,34.093067
XGBoost,36,122,23.0,28.022375
XGBoost,36,123,22.0,28.914078
XGBoost,36,124,21.0,23.559843
XGBoost,36,125,20.0,21.088608
XGBoost,36,126,19.0,21.10078
XGBoost,37,30,112.0,125.61893
XGBoost,37,31,111.0,124.405594
XGBoost,37,32,110.0,124.758896
XGBoost,37,33,109.0,125.59535
XGBoost,37,34,108.0,126.41852
XGBoost,37,35,107.0,125.25399
XGBoost,37,36,106.0,126.04186
XGBoost,37,37,105.0,123.33033
XGBoost,37,38,104.0,122.26391
XGBoost,37,39,103.0,116.51629
XGBoost,37,40,102.0,106.208984
XGBoost,37,41,101.0,112.34294
XGBoost,37,42,100.0,116.77429
XGBoost,37,43,99.0,118.44636
XGBoost,37,44,98.0,120.699455
XGBoost,37,45,97.0,123.51364
XGBoost,37,46,96.0,128.43721
XGBoost,37,47,95.0,127.629906
XGBoost,37,48,94.0,126.01012
XGBoost,37,49,93.0,122.5709
XGBoost,37,50,92.0,119.46762
XGBoost,37,51,91.0,121.508606
XGBoost,37,52,90.0,122.727234
XGBoost,37,53,89.0,117.82784
XGBoost,37,54,88.0,121.90118
XGBoost,37,55,87.0,117.411896
XGBoost,37,56,86.0,118.87447
XGBoost,37,57,85.0,118.58068
XGBoost,37,58,84.0,117.43021
XGBoost,37,59,83.0,119.33685
XGBoost,37,60,82.0,114.28387
XGBoost,37,61,81.0,110.49336
XGBoost,37,62,80.0,117.29037
XGBoost,37,63,79.0,109.94367
XGBoost,37,64,78.0,111.17747
XGBoost,37,65,77.0,110.167336
XGBoost,37,66,76.0,107.826904
XGBoost,37,67,75.0,114.55659
XGBoost,37,68,74.0,113.28652
XGBoost,37,69,73.0,113.83386
XGBoost,37,70,72.0,108.8775
XGBoost,37,71,71.0,113.80963
XGBoost,37,72,70.0,106.74769
XGBoost,37,73,69.0,110.50887
XGBoost,37,74,68.0,107.0744
XGBoost,37,75,67.0,106.06242
XGBoost,37,76,66.0,109.36233
XGBoost,37,77,65.0,110.83518
XGBoost,37,78,64.0,103.75036
XGBoost,37,79,63.0,93.064575
XGBoost,37,80,62.0,97.148674
XGBoost,37,81,61.0,100.04292
XGBoost,37,82,60.0,93.94691
XGBoost,37,83,59.0,95.23829
XGBoost,37,84,58.0,84.738716
XGBoost,37,85,57.0,89.35432
XGBoost,37,86,56.0,75.62356
XGBoost,37,87,55.0,90.81646
XGBoost,37,88,54.0,96.460884
XGBoost,37,89,53.0,90.40159
XGBoost,37,90,52.0,83.815895
XGBoost,37,91,51.0,85.54135
XGBoost,37,92,50.0,84.568634
XGBoost,37,93,49.0,78.8623
XGBoost,37,94,48.0,74.0971
XGBoost,37,95,47.0,76.133644
XGBoost,37,96,46.0,56.198185
XGBoost,37,97,45.0,65.51403
XGBoost,37,98,44.0,77.35785
XGBoost,37,99,43.0,74.05965
XGBoost,37,100,42.0,69.28846
XGBoost,37,101,41.0,73.06598
XGBoost,37,102,40.0,71.32025
XGBoost,37,103,39.0,74.117676
XGBoost,37,104,38.0,63.479946
XGBoost,37,105,37.0,56.617733
XGBoost,37,106,36.0,66.54585
XGBoost,37,107,35.0,76.53818
XGBoost,37,108,34.0,53.191704
XGBoost,37,109,33.0,48.08748
XGBoost,37,110,32.0,60.93532
XGBoost,37,111,31.0,47.055492
XGBoost,37,112,30.0,37.41577
XGBoost,37,113,29.0,44.952396
XGBoost,37,114,28.0,35.2845
XGBoost,37,115,27.0,40.957012
XGBoost,37,116,26.0,38.925274
XGBoost,37,117,25.0,30.013893
XGBoost,37,118,24.0,45.499535
XGBoost,37,119,23.0,40.237988
XGBoost,37,120,22.0,34.1326
XGBoost,37,121,21.0,32.47666
XGBoost,38,30,125.0,114.239395
XGBoost,38,31,125.0,110.36892
XGBoost,38,32,125.0,106.22133
XGBoost,38,33,125.0,100.570465
XGBoost,38,34,125.0,98.589516
XGBoost,38,35,125.0,106.75443
XGBoost,38,36,125.0,108.92463
XGBoost,38,37,125.0,115.55587
XGBoost,38,38,125.0,113.65143
XGBoost,38,39,125.0,99.267975
XGBoost,38,40,125.0,102.27705
XGBoost,38,41,125.0,116.16536
XGBoost,38,42,125.0,112.47666
XGBoost,38,43,125.0,106.207634
XGBoost,38,44,125.0,116.58232
XGBoost,38,45,125.0,109.71963
XGBoost,38,46,125.0,97.6898
XGBoost,38,47,125.0,109.158104
XGBoost,38,48,125.0,101.64138
XGBoost,38,49,125.0,90.66498
XGBoost,38,50,125.0,93.616646
XGBoost,38,51,124.0,103.51486
XGBoost,38,52,123.0,105.394905
XGBoost,38,53,122.0,110.7869
XGBoost,38,54,121.0,89.68242
XGBoost,38,55,120.0,92.36116
XGBoost,38,56,119.0,96.83107
XGBoost,38,57,118.0,97.1845
XGBoost,38,58,117.0,89.91687
XGBoost,38,59,116.0,89.478355
XGBoost,38,60,115.0,95.26395
XGBoost,38,61,114.0,97.21323
XGBoost,38,62,113.0,101.038765
XGBoost,38,63,112.0,93.31224
XGBoost,38,64,111.0,97.13091
XGBoost,38,65,110.0,99.21167
XGBoost,38,66,109.0,97.644104
XGBoost,38,67,108.0,105.33889
XGBoost,38,68,107.0,100.434586
XGBoost,38,69,106.0,104.05329
XGBoost,38,70,105.0,105.578514
XGBoost,38,71,104.0,107.59147
XGBoost,38,72,103.0,110.738556
XGBoost,38,73,102.0,111.79953
XGBoost,38,74,101.0,112.3434
XGBoost,38,75,100.0,106.74987
XGBoost,38,76,99.0,106.977394
XGBoost,38,77,98.0,107.99648
XGBoost,38,78,97.0,103.93211
XGBoost,38,79,96.0,104.98719
XGBoost,38,80,95.0,104.19443
XGBoost,38,81,94.0,105.69684
XGBoost,38,82,93.0,106.21405
XGBoost,38,83,92.0,104.20677
XGBoost,38,84,91.0,102.927986
XGBoost,38,85,90.0,98.32379
XGBoost,38,86,89.0,109.59057
XGBoost,38,87,88.0,108.804924
XGBoost,38,88,87.0,105.58052
XGBoost,38,89,86.0,107.59306
XGBoost,38,90,85.0,100.20023
XGBoost,38,91,84.0,101.97806
XGBoost,38,92,83.0,88.32075
XGBoost,38,93,82.0,88.06469
XGBoost,38,94,81.0,93.329544
XGBoost,38,95,80.0,94.92552
XGBoost,38,96,79.0,96.26732
XGBoost,38,97,78.0,98.85424
XGBoost,38,98,77.0,93.29115
XGBoost,38,99,76.0,98.5111
XGBoost,38,100,75.0,93.59169
XGBoost,38,101,74.0,82.636826
XGBoost,38,102,73.0,86.19481
XGBoost,38,103,72.0,87.838684
XGBoost,38,104,71.0,90.336426
XGBoost,38,105,70.0,81.69364
XGBoost,38,106,69.0,78.22583
XGBoost,38,107,68.0,84.64793
XGBoost,38,108,67.0,81.40159
XGBoost,38,109,66.0,84.5337
XGBoost,38,110,65.0,90.453995
XGBoost,38,111,64.0,83.39425
XGBoost,38,112,63.0,74.54856
XGBoost,38,113,62.0,78.631355
XGBoost,38,114,61.0,77.283966
XGBoost,38,115,60.0,77.93095
XGBoost,38,116,59.0,77.0332
XGBoost,38,117,58.0,71.315025
XGBoost,38,118,57.0,77.03731
XGBoost,38,119,56.0,65.434456
XGBoost,38,120,55.0,69.69172
XGBoost,38,121,54.0,63.211037
XGBoost,38,122,53.0,67.506485
XGBoost,38,123,52.0,56.99289
XGBoost,38,124,51.0,54.710045
XGBoost,38,125,50.0,53.043705
XGBoost,39,30,125.0,123.36537
XGBoost,39,31,125.0,122.29032
XGBoost,39,32,125.0,116.77593
XGBoost,39,33,125.0,122.6759
XGBoost,39,34,125.0,124.79413
XGBoost,39,35,125.0,127.19681
XGBoost,39,36,125.0,124.91789
XGBoost,39,37,125.0,119.92369
XGBoost,40,30,125.0,115.6586
XGBoost,40,31,125.0,114.19504
XGBoost,40,32,125.0,115.97187
XGBoost,40,33,125.0,119.40513
XGBoost,40,34,125.0,113.69586
XGBoost,40,35,125.0,108.63539
XGBoost,40,36,125.0,105.45962
XGBoost,40,37,124.0,106.68108
XGBoost,40,38,123.0,104.34758
XGBoost,40,39,122.0,103.14784
XGBoost,40,40,121.0,96.9914
XGBoost,40,41,120.0,107.06562
XGBoost,40,42,119.0,105.23014
XGBoost,40,43,118.0,107.76732
XGBoost,40,44,117.0,104.98425
XGBoost,40,45,116.0,103.58843
XGBoost,40,46,115.0,114.743835
XGBoost,40,47,114.0,111.39275
XGBoost,40,48,113.0,115.00885
XGBoost,40,49,112.0,107.16164
XGBoost,40,50,111.0,109.60561
XGBoost,40,51,110.0,110.393585
XGBoost,40,52,109.0,107.7894
XGBoost,40,53,108.0,105.413956
XGBoost,40,54,107.0,98.264046
XGBoost,40,55,106.0,97.8813
XGBoost,40,56,105.0,100.93308
XGBoost,40,57,104.0,102.54058
XGBoost,40,58,103.0,100.804886
XGBoost,40,59,102.0,85.46048
XGBoost,40,60,101.0,95.05746
XGBoost,40,61,100.0,94.17317
XGBoost,40,62,99.0,98.0465
XGBoost,40,63,98.0,105.1723
XGBoost,40,64,97.0,102.97009
XGBoost,40,65,96.0,93.49212
XGBoost,40,66,95.0,81.80374
XGBoost,40,67,94.0,88.48984
XGBoost,40,68,93.0,90.98674
XGBoost,40,69,92.0,82.75822
XGBoost,40,70,91.0,81.89582
XGBoost,40,71,90.0,80.298294
XGBoost,40,72,89.0,82.5778
XGBoost,40,73,88.0,89.02167
XGBoost,40,74,87.0,85.087395
XGBoost,40,75,86.0,85.88208
XGBoost,40,76,85.0,89.89069
XGBoost,40,77,84.0,80.6431
XGBoost,40,78,83.0,90.29268
XGBoost,40,79,82.0,86.21848
XGBoost,40,80,81.0,95.5998
XGBoost,40,81,80.0,94.78311
XGBoost,40,82,79.0,106.74412
XGBoost,40,83,78.0,110.14615
XGBoost,40,84,77.0,98.01176
XGBoost,40,85,76.0,103.81776
XGBoost,40,86,75.0,94.114655
XGBoost,40,87,74.0,92.712654
XGBoost,40,88,73.0,90.26496
XGBoost,40,89,72.0,79.81238
XGBoost,40,90,71.0,85.05961
XGBoost,40,91,70.0,86.57118
XGBoost,40,92,69.0,88.58497
XGBoost,40,93,68.0,84.3471
XGBoost,40,94,67.0,96.98153
XGBoost,40,95,66.0,88.44461
XGBoost,40,96,65.0,85.45097
XGBoost,40,97,64.0,87.619934
XGBoost,40,98,63.0,95.814865
XGBoost,40,99,62.0,90.027794
XGBoost,40,100,61.0,79.743904
XGBoost,40,101,60.0,70.64676
XGBoost,40,102,59.0,74.47863
XGBoost,40,103,58.0,74.97194
XGBoost,40,104,57.0,65.03377
XGBoost,40,105,56.0,54.944077
XGBoost,40,106,55.0,56.594875
XGBoost,40,107,54.0,53.346992
XGBoost,40,108,53.0,44.27243
XGBoost,40,109,52.0,44.995117
XGBoost,40,110,51.0,60.681717
XGBoost,40,111,50.0,59.857468
XGBoost,40,112,49.0,63.681995
XGBoost,40,113,48.0,74.85687
XGBoost,40,114,47.0,74.0738
XGBoost,40,115,46.0,62.009056
XGBoost,40,116,45.0,56.775898
XGBoost,40,117,44.0,43.905403
XGBoost,40,118,43.0,50.919704
XGBoost,40,119,42.0,53.443394
XGBoost,40,120,41.0,53.74811
XGBoost,40,121,40.0,40.823975
XGBoost,40,122,39.0,42.331863
XGBoost,40,123,38.0,42.057423
XGBoost,40,124,37.0,50.901268
XGBoost,40,125,36.0,44.571854
XGBoost,40,126,35.0,43.033375
XGBoost,40,127,34.0,39.39388
XGBoost,40,128,33.0,36.44926
XGBoost,40,129,32.0,38.849285
XGBoost,40,130,31.0,38.104164
XGBoost,40,131,30.0,38.23285
XGBoost,40,132,29.0,34.08448
XGBoost,40,133,28.0,27.847967
XGBoost,41,30,111.0,126.361465
XGBoost,41,31,110.0,127.47376
XGBoost,41,32,109.0,127.684845
XGBoost,41,33,108.0,125.07385
XGBoost,41,34,107.0,124.0681
XGBoost,41,35,106.0,123.6739
XGBoost,41,36,105.0,124.371475
XGBoost,41,37,104.0,128.3164
XGBoost,41,38,103.0,128.49718
XGBoost,41,39,102.0,127.25566
XGBoost,41,40,101.0,126.58952
XGBoost,41,41,100.0,129.97357
XGBoost,41,42,99.0,126.3108
XGBoost,41,43,98.0,123.287575
XGBoost,41,44,97.0,120.830124
XGBoost,41,45,96.0,122.47545
XGBoost,41,46,95.0,122.703
XGBoost,41,47,94.0,127.45948
XGBoost,41,48,93.0,123.88161
XGBoost,41,49,92.0,125.87437
XGBoost,41,50,91.0,125.42047
XGBoost,41,51,90.0,124.51133
XGBoost,41,52,89.0,125.26995
XGBoost,41,53,88.0,120.796684
XGBoost,41,54,87.0,120.67059
XGBoost,41,55,86.0,121.18071
XGBoost,41,56,85.0,119.56895
XGBoost,41,57,84.0,122.72448
XGBoost,41,58,83.0,121.361824
XGBoost,41,59,82.0,118.18702
XGBoost,41,60,81.0,116.20842
XGBoost,41,61,80.0,109.60792
XGBoost,41,62,79.0,110.2413
XGBoost,41,63,78.0,104.39365
XGBoost,41,64,77.0,111.74392
XGBoost,41,65,76.0,110.89964
XGBoost,41,66,75.0,109.06748
XGBoost,41,67,74.0,116.25944
XGBoost,41,68,73.0,115.69324
XGBoost,41,69,72.0,119.29969
XGBoost,41,70,71.0,119.45381
XGBoost,41,71,70.0,112.71713
XGBoost,41,72,69.0,111.46485
XGBoost,41,73,68.0,111.02042
XGBoost,41,74,67.0,110.15099
XGBoost,41,75,66.0,113.0832
XGBoost,41,76,65.0,104.04806
XGBoost,41,77,64.0,111.05168
XGBoost,41,78,63.0,97.229675
XGBoost,41,79,62.0,99.52749
XGBoost,41,80,61.0,100.813934
XGBoost,41,81,60.0,105.46025
XGBoost,41,82,59.0,103.622635
XGBoost,41,83,58.0,104.758
XGBoost,41,84,57.0,103.99247
XGBoost,41,85,56.0,90.68548
XGBoost,41,86,55.0,98.20154
XGBoost,41,87,54.0,100.413605
XGBoost,41,88,53.0,94.412926
XGBoost,41,89,52.0,93.3763
XGBoost,41,90,51.0,81.42689
XGBoost,41,91,50.0,81.313965
XGBoost,41,92,49.0,86.36145
XGBoost,41,93,48.0,95.70966
XGBoost,41,94,47.0,89.52765
XGBoost,41,95,46.0,92.8542
XGBoost,41,96,45.0,94.16929
XGBoost,41,97,44.0,88.04067
XGBoost,41,98,43.0,89.61055
XGBoost,41,99,42.0,84.071846
XGBoost,41,100,41.0,83.70217
XGBoost,41,101,40.0,92.35029
XGBoost,41,102,39.0,71.45961
XGBoost,41,103,38.0,71.48113
XGBoost,41,104,37.0,63.125813
XGBoost,41,105,36.0,77.05731
XGBoost,41,106,35.0,62.962036
XGBoost,41,107,34.0,62.835922
XGBoost,41,108,33.0,49.00062
XGBoost,41,109,32.0,60.688274
XGBoost,41,110,31.0,50.308914
XGBoost,41,111,30.0,56.720646
XGBoost,41,112,29.0,50.02007
XGBoost,41,113,28.0,28.237333
XGBoost,41,114,27.0,37.820065
XGBoost,41,115,26.0,32.325813
XGBoost,41,116,25.0,36.847538
XGBoost,41,117,24.0,33.925407
XGBoost,41,118,23.0,43.920036
XGBoost,41,119,22.0,18.195011
XGBoost,41,120,21.0,5.536492
XGBoost,41,121,20.0,-1.0389223
XGBoost,41,122,19.0,1.1525582
XGBoost,41,123,18.0,12.479166
XGBoost,42,30,125.0,127.98511
XGBoost,42,31,125.0,128.78745
XGBoost,42,32,125.0,129.62827
XGBoost,42,33,125.0,128.20918
XGBoost,42,34,125.0,128.82954
XGBoost,42,35,125.0,129.03972
XGBoost,42,36,125.0,129.43391
XGBoost,42,37,125.0,128.17003
XGBoost,42,38,125.0,128.41422
XGBoost,42,39,125.0,126.252686
XGBoost,42,40,125.0,126.65613
XGBoost,42,41,125.0,126.52719
XGBoost,42,42,124.0,124.267975
XGBoost,42,43,123.0,124.167244
XGBoost,42,44,122.0,124.83563
XGBoost,42,45,121.0,120.40016
XGBoost,42,46,120.0,125.88847
XGBoost,42,47,119.0,124.43748
XGBoost,42,48,118.0,126.371956
XGBoost,42,49,117.0,126.116615
XGBoost,42,50,116.0,127.71488
XGBoost,42,51,115.0,127.074936
XGBoost,42,52,114.0,120.071106
XGBoost,42,53,113.0,123.09657
XGBoost,42,54,112.0,123.33329
XGBoost,42,55,111.0,125.176544
XGBoost,42,56,110.0,116.816826
XGBoost,42,57,109.0,122.0551
XGBoost,42,58,108.0,113.41033
XGBoost,42,59,107.0,115.50114
XGBoost,42,60,106.0,116.2292
XGBoost,42,61,105.0,118.73266
XGBoost,42,62,104.0,123.5815
XGBoost,42,63,103.0,121.37801
XGBoost,42,64,102.0,123.08932
XGBoost,42,65,101.0,125.77062
XGBoost,42,66,100.0,127.19353
XGBoost,42,67,99.0,127.519966
XGBoost,42,68,98.0,128.88937
XGBoost,42,69,97.0,124.72166
XGBoost,42,70,96.0,123.42381
XGBoost,42,71,95.0,121.05121
XGBoost,42,72,94.0,122.57502
XGBoost,42,73,93.0,123.87251
XGBoost,42,74,92.0,121.456116
XGBoost,42,75,91.0,113.91246
XGBoost,42,76,90.0,110.98762
XGBoost,42,77,89.0,102.40174
XGBoost,42,78,88.0,110.89366
XGBoost,42,79,87.0,106.84105
XGBoost,42,80,86.0,109.714905
XGBoost,42,81,85.0,106.30032
XGBoost,42,82,84.0,107.64018
XGBoost,42,83,83.0,105.14062
XGBoost,42,84,82.0,106.62436
XGBoost,42,85,81.0,106.080284
XGBoost,42,86,80.0,97.992966
XGBoost,42,87,79.0,105.31578
XGBoost,42,88,78.0,106.07821
XGBoost,42,89,77.0,113.276024
XGBoost,42,90,76.0,110.460686
XGBoost,42,91,75.0,107.57037
XGBoost,42,92,74.0,101.26745
XGBoost,42,93,73.0,104.261986
XGBoost,42,94,72.0,106.11104
XGBoost,42,95,71.0,111.39792
XGBoost,42,96,70.0,101.286606
XGBoost,42,97,69.0,104.72037
XGBoost,42,98,68.0,96.681595
XGBoost,42,99,67.0,95.34121
XGBoost,42,100,66.0,93.96189
XGBoost,42,101,65.0,98.78144
XGBoost,42,102,64.0,100.67398
XGBoost,42,103,63.0,104.240524
XGBoost,42,104,62.0,106.52191
XGBoost,42,105,61.0,105.179
XGBoost,42,106,60.0,104.323364
XGBoost,42,107,59.0,100.73177
XGBoost,42,108,58.0,95.87278
XGBoost,42,109,57.0,95.895615
XGBoost,42,110,56.0,92.117485
XGBoost,42,111,55.0,100.221275
XGBoost,42,112,54.0,93.17251
XGBoost,42,113,53.0,83.346504
XGBoost,42,114,52.0,77.15845
XGBoost,42,115,51.0,65.77126
XGBoost,42,116,50.0,69.2042
XGBoost,42,117,49.0,62.829216
XGBoost,42,118,48.0,73.02653
XGBoost,42,119,47.0,75.319786
XGBoost,42,120,46.0,78.16281
XGBoost,42,121,45.0,72.03823
XGBoost,42,122,44.0,72.85423
XGBoost,42,123,43.0,60.611816
XGBoost,42,124,42.0,63.414413
XGBoost,42,125,41.0,67.11751
XGBoost,42,126,40.0,69.71657
XGBoost,42,127,39.0,79.007774
XGBoost,42,128,38.0,71.9675
XGBoost,42,129,37.0,69.15708
XGBoost,42,130,36.0,49.151577
XGBoost,42,131,35.0,51.092884
XGBoost,42,132,34.0,57.499928
XGBoost,42,133,33.0,72.338486
XGBoost,42,134,32.0,58.137703
XGBoost,42,135,31.0,59.950546
XGBoost,42,136,30.0,55.971535
XGBoost,42,137,29.0,54.143463
XGBoost,42,138,28.0,40.38413
XGBoost,42,139,27.0,25.838377
XGBoost,42,140,26.0,29.220903
XGBoost,42,141,25.0,29.611456
XGBoost,42,142,24.0,25.851732
XGBoost,42,143,23.0,26.038101
XGBoost,42,144,22.0,9.975577
XGBoost,42,145,21.0,20.229753
XGBoost,42,146,20.0,18.528753
XGBoost,42,147,19.0,35.07198
XGBoost,42,148,18.0,24.54536
XGBoost,42,149,17.0,20.214474
XGBoost,42,150,16.0,19.527155
XGBoost,42,151,15.0,13.3621
XGBoost,42,152,14.0,6.597366
XGBoost,42,153,13.0,9.899789
XGBoost,42,154,12.0,9.2711315
XGBoost,42,155,11.0,9.87385
XGBoost,42,156,10.0,13.8141775
XGBoost,43,30,125.0,107.919464
XGBoost,43,31,125.0,116.43233
XGBoost,43,32,125.0,117.18635
XGBoost,43,33,125.0,122.786064
XGBoost,43,34,125.0,117.207634
XGBoost,43,35,125.0,119.45038
XGBoost,43,36,125.0,116.71218
XGBoost,43,37,125.0,125.01344
XGBoost,43,38,125.0,122.750465
XGBoost,43,39,125.0,126.00717
XGBoost,43,40,125.0,123.8683
XGBoost,43,41,125.0,124.793785
XGBoost,43,42,125.0,125.77425
XGBoost,43,43,125.0,125.891785
XGBoost,43,44,125.0,122.10071
XGBoost,43,45,125.0,123.64435
XGBoost,43,46,125.0,113.930534
XGBoost,43,47,125.0,119.06694
XGBoost,43,48,125.0,125.02551
XGBoost,43,49,125.0,121.73581
XGBoost,43,50,125.0,132.25475
XGBoost,43,51,125.0,121.47572
XGBoost,43,52,125.0,121.54177
XGBoost,43,53,125.0,108.99072
XGBoost,43,54,125.0,111.07271
XGBoost,43,55,125.0,112.275406
XGBoost,43,56,125.0,112.6072
XGBoost,43,57,125.0,116.32637
XGBoost,43,58,125.0,110.004036
XGBoost,43,59,125.0,111.93517
XGBoost,43,60,125.0,117.925514
XGBoost,43,61,125.0,116.4687
XGBoost,43,62,125.0,113.82227
XGBoost,43,63,125.0,109.420425
XGBoost,43,64,125.0,107.70161
XGBoost,43,65,125.0,111.973854
XGBoost,43,66,125.0,109.76836
XGBoost,43,67,125.0,118.66708
XGBoost,43,68,125.0,113.83622
XGBoost,43,69,125.0,112.5375
XGBoost,43,70,125.0,109.78261
XGBoost,43,71,125.0,107.36324
XGBoost,43,72,125.0,115.43124
XGBoost,43,73,125.0,110.259384
XGBoost,43,74,125.0,107.92664
XGBoost,43,75,125.0,112.977066
XGBoost,43,76,125.0,111.28031
XGBoost,43,77,125.0,113.424484
XGBoost,43,78,125.0,117.358635
XGBoost,43,79,125.0,118.21535
XGBoost,43,80,125.0,115.18658
XGBoost,43,81,125.0,120.04124
XGBoost,43,82,125.0,121.146194
XGBoost,43,83,125.0,121.94134
XGBoost,43,84,125.0,119.21263
XGBoost,43,85,125.0,116.59271
XGBoost,43,86,125.0,123.07954
XGBoost,43,87,125.0,120.53359
XGBoost,43,88,125.0,118.28426
XGBoost,43,89,125.0,122.0149
XGBoost,43,90,125.0,117.96844
XGBoost,43,91,125.0,123.247375
XGBoost,43,92,125.0,113.62296
XGBoost,43,93,125.0,113.50689
XGBoost,43,94,125.0,115.42805
XGBoost,43,95,125.0,114.82024
XGBoost,43,96,125.0,119.57738
XGBoost,43,97,125.0,115.12928
XGBoost,43,98,125.0,123.37136
XGBoost,43,99,125.0,127.607285
XGBoost,43,100,125.0,122.68397
XGBoost,43,101,125.0,123.77658
XGBoost,43,102,125.0,119.320984
XGBoost,43,103,125.0,113.84293
XGBoost,43,104,125.0,110.998665
XGBoost,43,105,125.0,99.353874
XGBoost,43,106,125.0,90.12507
XGBoost,43,107,124.0,86.31856
XGBoost,43,108,123.0,103.61163
XGBoost,43,109,122.0,96.012314
XGBoost,43,110,121.0,93.14678
XGBoost,43,111,120.0,93.87524
XGBoost,43,112,119.0,100.87882
XGBoost,43,113,118.0,101.96699
XGBoost,43,114,117.0,112.79436
XGBoost,43,115,116.0,119.29838
XGBoost,43,116,115.0,116.44564
XGBoost,43,117,114.0,111.958954
XGBoost,43,118,113.0,106.64736
XGBoost,43,119,112.0,108.71112
XGBoost,43,120,111.0,122.746506
XGBoost,43,121,110.0,115.79963
XGBoost,43,122,109.0,113.284584
XGBoost,43,123,108.0,116.988625
XGBoost,43,124,107.0,115.53883
XGBoost,43,125,106.0,120.12906
XGBoost,43,126,105.0,116.66512
XGBoost,43,127,104.0,111.6934
XGBoost,43,128,103.0,108.10838
XGBoost,43,129,102.0,108.40928
XGBoost,43,130,101.0,108.299866
XGBoost,43,131,100.0,115.66337
XGBoost,43,132,99.0,109.01
XGBoost,43,133,98.0,119.62433
XGBoost,43,134,97.0,120.731224
XGBoost,43,135,96.0,121.83843
XGBoost,43,136,95.0,109.13763
XGBoost,43,137,94.0,107.00027
XGBoost,43,138,93.0,119.26571
XGBoost,43,139,92.0,113.30432
XGBoost,43,140,91.0,108.670044
XGBoost,43,141,90.0,100.148834
XGBoost,43,142,89.0,113.487076
XGBoost,43,143,88.0,116.54007
XGBoost,43,144,87.0,115.03868
XGBoost,43,145,86.0,108.47283
XGBoost,43,146,85.0,103.40356
XGBoost,43,147,84.0,106.45227
XGBoost,43,148,83.0,110.070564
XGBoost,43,149,82.0,96.90206
XGBoost,43,150,81.0,98.0589
XGBoost,43,151,80.0,96.29016
XGBoost,43,152,79.0,97.836716
XGBoost,43,153,78.0,95.650734
XGBoost,43,154,77.0,101.23187
XGBoost,43,155,76.0,108.81883
XGBoost,43,156,75.0,95.25712
XGBoost,43,157,74.0,96.24245
XGBoost,43,158,73.0,101.58958
XGBoost,43,159,72.0,98.5558
XGBoost,43,160,71.0,100.67811
XGBoost,43,161,70.0,102.72014
XGBoost,43,162,69.0,88.07767
XGBoost,43,163,68.0,98.53389
XGBoost,43,164,67.0,94.65205
XGBoost,43,165,66.0,95.77119
XGBoost,43,166,65.0,92.99284
XGBoost,43,167,64.0,88.740685
XGBoost,43,168,63.0,90.17987
XGBoost,43,169,62.0,89.120255
XGBoost,43,170,61.0,82.30275
XGBoost,43,171,60.0,90.22063
XGBoost,43,172,59.0,82.83524
XGBoost,44,30,125.0,110.760895
XGBoost,44,31,125.0,110.38621
XGBoost,44,32,125.0,106.470085
XGBoost,44,33,125.0,107.59645
XGBoost,44,34,125.0,103.38925
XGBoost,44,35,125.0,112.20016
XGBoost,44,36,125.0,113.115715
XGBoost,44,37,125.0,119.42925
XGBoost,44,38,125.0,124.94142
XGBoost,44,39,124.0,124.779015
XGBoost,44,40,123.0,118.82632
XGBoost,44,41,122.0,119.07676
XGBoost,44,42,121.0,114.47988
XGBoost,44,43,120.0,117.21745
XGBoost,44,44,119.0,118.772095
XGBoost,44,45,118.0,118.560135
XGBoost,44,46,117.0,113.0589
XGBoost,44,47,116.0,105.931946
XGBoost,44,48,115.0,102.007225
XGBoost,44,49,114.0,95.86317
XGBoost,44,50,113.0,110.181595
XGBoost,44,51,112.0,103.22894
XGBoost,44,52,111.0,102.82083
XGBoost,44,53,110.0,109.98481
XGBoost,44,54,109.0,99.06627
XGBoost,45,30,125.0,119.49739
XGBoost,45,31,125.0,112.7499
XGBoost,45,32,125.0,112.33211
XGBoost,45,33,125.0,105.34671
XGBoost,45,34,125.0,97.21432
XGBoost,45,35,125.0,98.09463
XGBoost,45,36,125.0,107.33489
XGBoost,45,37,125.0,101.440796
XGBoost,45,38,125.0,102.756355
XGBoost,45,39,125.0,101.0064
XGBoost,45,40,125.0,100.54993
XGBoost,45,41,125.0,94.27114
XGBoost,45,42,125.0,98.324104
XGBoost,45,43,125.0,100.98888
XGBoost,45,44,125.0,108.64887
XGBoost,45,45,125.0,105.55185
XGBoost,45,46,125.0,101.30806
XGBoost,45,47,125.0,93.35125
XGBoost,45,48,125.0,106.11086
XGBoost,45,49,125.0,110.84073
XGBoost,45,50,125.0,117.247154
XGBoost,45,51,125.0,110.35433
XGBoost,45,52,125.0,113.28734
XGBoost,45,53,125.0,109.62159
XGBoost,45,54,125.0,103.718025
XGBoost,45,55,125.0,103.63528
XGBoost,45,56,125.0,101.15116
XGBoost,45,57,125.0,103.58029
XGBoost,45,58,125.0,106.263016
XGBoost,45,59,125.0,105.26385
XGBoost,45,60,125.0,109.65533
XGBoost,45,61,125.0,101.864235
XGBoost,45,62,125.0,99.628685
XGBoost,45,63,125.0,106.15805
XGBoost,45,64,125.0,108.27959
XGBoost,45,65,125.0,106.733406
XGBoost,45,66,125.0,104.36979
XGBoost,45,67,125.0,99.591125
XGBoost,45,68,125.0,97.47627
XGBoost,45,69,125.0,108.27266
XGBoost,45,70,125.0,114.68346
XGBoost,45,71,125.0,111.756645
XGBoost,45,72,125.0,108.2962
XGBoost,45,73,125.0,113.94426
XGBoost,45,74,125.0,118.22052
XGBoost,45,75,125.0,118.69275
XGBoost,45,76,125.0,108.87373
XGBoost,45,77,125.0,110.17535
XGBoost,45,78,125.0,115.212074
XGBoost,45,79,125.0,113.539116
XGBoost,45,80,125.0,116.25521
XGBoost,45,81,125.0,113.88195
XGBoost,45,82,125.0,112.78087
XGBoost,45,83,125.0,107.49361
XGBoost,45,84,125.0,114.349144
XGBoost,45,85,125.0,108.6678
XGBoost,45,86,125.0,106.42508
XGBoost,45,87,125.0,112.91195
XGBoost,45,88,125.0,113.256935
XGBoost,45,89,125.0,113.073296
XGBoost,45,90,125.0,110.72824
XGBoost,45,91,125.0,98.72151
XGBoost,45,92,125.0,105.69344
XGBoost,45,93,125.0,102.152824
XGBoost,45,94,125.0,101.401596
XGBoost,45,95,125.0,105.00739
XGBoost,45,96,125.0,100.559845
XGBoost,45,97,125.0,108.61197
XGBoost,45,98,125.0,105.84343
XGBoost,45,99,125.0,105.56859
XGBoost,45,100,125.0,100.72
XGBoost,45,101,125.0,99.24896
XGBoost,45,102,125.0,93.00565
XGBoost,45,103,125.0,94.389824
XGBoost,45,104,125.0,98.53379
XGBoost,45,105,125.0,92.77976
XGBoost,45,106,125.0,93.922195
XGBoost,45,107,125.0,94.92915
XGBoost,45,108,125.0,95.07392
XGBoost,45,109,125.0,89.99859
XGBoost,45,110,125.0,91.64198
XGBoost,45,111,125.0,91.51765
XGBoost,45,112,125.0,99.5629
XGBoost,45,113,125.0,109.47398
XGBoost,45,114,125.0,101.69801
XGBoost,45,115,125.0,107.03613
XGBoost,45,116,125.0,110.44893
XGBoost,45,117,125.0,107.899025
XGBoost,45,118,125.0,101.996376
XGBoost,45,119,125.0,106.4959
XGBoost,45,120,125.0,112.5783
XGBoost,45,121,125.0,104.38967
XGBoost,45,122,125.0,100.771736
XGBoost,45,123,125.0,103.88709
XGBoost,45,124,125.0,100.00556
XGBoost,45,125,125.0,102.13359
XGBoost,45,126,125.0,96.251686
XGBoost,45,127,125.0,105.36302
XGBoost,45,128,125.0,109.18184
XGBoost,45,129,125.0,91.64948
XGBoost,45,130,125.0,98.93963
XGBoost,45,131,125.0,90.49974
XGBoost,45,132,125.0,95.314285
XGBoost,45,133,125.0,100.98355
XGBoost,45,134,125.0,108.14515
XGBoost,45,135,125.0,106.278305
XGBoost,45,136,125.0,99.33822
XGBoost,45,137,125.0,96.85353
XGBoost,45,138,125.0,93.22125
XGBoost,45,139,125.0,94.81601
XGBoost,45,140,125.0,96.556854
XGBoost,45,141,125.0,90.54342
XGBoost,45,142,124.0,88.24883
XGBoost,45,143,123.0,95.96257
XGBoost,45,144,122.0,86.69934
XGBoost,45,145,121.0,90.34098
XGBoost,45,146,120.0,97.00496
XGBoost,45,147,119.0,98.105705
XGBoost,45,148,118.0,92.68175
XGBoost,45,149,117.0,88.22316
XGBoost,45,150,116.0,77.94224
XGBoost,45,151,115.0,82.688614
XGBoost,45,152,114.0,81.739174
XGBoost,46,30,125.0,100.328514
XGBoost,46,31,125.0,106.98719
XGBoost,46,32,125.0,112.37756
XGBoost,46,33,125.0,107.99128
XGBoost,46,34,125.0,113.628075
XGBoost,46,35,125.0,106.264305
XGBoost,46,36,125.0,98.08907
XGBoost,46,37,125.0,99.8597
XGBoost,46,38,125.0,91.20356
XGBoost,46,39,125.0,106.44877
XGBoost,46,40,125.0,94.68391
XGBoost,46,41,125.0,91.00354
XGBoost,46,42,125.0,106.799355
XGBoost,46,43,125.0,99.63133
XGBoost,46,44,125.0,102.03316
XGBoost,46,45,125.0,102.180916
XGBoost,46,46,125.0,100.043846
XGBoost,46,47,125.0,110.82999
XGBoost,46,48,125.0,108.60027
XGBoost,46,49,125.0,104.12674
XGBoost,46,50,125.0,98.52261
XGBoost,46,51,125.0,96.95947
XGBoost,46,52,125.0,99.043205
XGBoost,46,53,125.0,108.34078
XGBoost,46,54,125.0,107.51841
XGBoost,46,55,125.0,99.338165
XGBoost,46,56,125.0,91.62116
XGBoost,46,57,125.0,94.94268
XGBoost,46,58,125.0,103.934814
XGBoost,46,59,125.0,103.17145
XGBoost,46,60,125.0,112.78617
XGBoost,46,61,125.0,107.61806
XGBoost,46,62,125.0,107.838715
XGBoost,46,63,125.0,101.86585
XGBoost,46,64,125.0,107.37077
XGBoost,46,65,125.0,106.402405
XGBoost,46,66,125.0,111.18076
XGBoost,46,67,125.0,107.42436
XGBoost,46,68,125.0,113.21084
XGBoost,46,69,124.0,109.681076
XGBoost,46,70,123.0,107.81198
XGBoost,46,71,122.0,101.08224
XGBoost,46,72,121.0,99.38369
XGBoost,46,73,120.0,91.41982
XGBoost,46,74,119.0,95.77562
XGBoost,46,75,118.0,94.880806
XGBoost,46,76,117.0,96.17074
XGBoost,46,77,116.0,97.13003
XGBoost,46,78,115.0,84.74935
XGBoost,46,79,114.0,96.19651
XGBoost,46,80,113.0,92.55696
XGBoost,46,81,112.0,92.1693
XGBoost,46,82,111.0,98.62436
XGBoost,46,83,110.0,105.38718
XGBoost,46,84,109.0,108.71767
XGBoost,46,85,108.0,106.93158
XGBoost,46,86,107.0,100.85359
XGBoost,46,87,106.0,91.934975
XGBoost,46,88,105.0,98.33283
XGBoost,46,89,104.0,81.75104
XGBoost,46,90,103.0,91.07756
XGBoost,46,91,102.0,89.7094
XGBoost,46,92,101.0,90.67103
XGBoost,46,93,100.0,82.62049
XGBoost,46,94,99.0,90.28876
XGBoost,46,95,98.0,92.21672
XGBoost,46,96,97.0,89.793144
XGBoost,46,97,96.0,86.26584
XGBoost,46,98,95.0,88.474625
XGBoost,46,99,94.0,92.427536
XGBoost,46,100,93.0,87.03565
XGBoost,46,101,92.0,83.35051
XGBoost,46,102,91.0,86.604774
XGBoost,46,103,90.0,96.96609
XGBoost,46,104,89.0,98.27636
XGBoost,46,105,88.0,85.96295
XGBoost,46,106,87.0,91.2363
XGBoost,46,107,86.0,88.59716
XGBoost,46,108,85.0,79.63947
XGBoost,46,109,84.0,84.34038
XGBoost,46,110,83.0,78.43785
XGBoost,46,111,82.0,68.48644
XGBoost,46,112,81.0,74.76014
XGBoost,46,113,80.0,72.72725
XGBoost,46,114,79.0,72.894
XGBoost,46,115,78.0,80.30401
XGBoost,46,116,77.0,76.67356
XGBoost,46,117,76.0,77.3844
XGBoost,46,118,75.0,83.62856
XGBoost,46,119,74.0,76.16403
XGBoost,46,120,73.0,77.6851
XGBoost,46,121,72.0,76.311485
XGBoost,46,122,71.0,75.59364
XGBoost,46,123,70.0,69.144394
XGBoost,46,124,69.0,72.75648
XGBoost,46,125,68.0,72.303734
XGBoost,46,126,67.0,61.592316
XGBoost,46,127,66.0,65.034424
XGBoost,46,128,65.0,60.11927
XGBoost,46,129,64.0,58.456978
XGBoost,46,130,63.0,48.090694
XGBoost,46,131,62.0,47.743877
XGBoost,46,132,61.0,45.750572
XGBoost,46,133,60.0,50.054363
XGBoost,46,134,59.0,47.005077
XGBoost,46,135,58.0,46.20244
XGBoost,46,136,57.0,46.10654
XGBoost,46,137,56.0,49.822136
XGBoost,46,138,55.0,46.144897
XGBoost,46,139,54.0,47.714977
XGBoost,46,140,53.0,49.599365
XGBoost,46,141,52.0,49.902687
XGBoost,46,142,51.0,51.3573
XGBoost,46,143,50.0,51.845573
XGBoost,46,144,49.0,44.03449
XGBoost,46,145,48.0,39.832176
XGBoost,46,146,47.0,39.782738
XGBoost,47,30,125.0,121.10394
XGBoost,47,31,125.0,121.78794
XGBoost,47,32,125.0,114.98975
XGBoost,47,33,125.0,120.87604
XGBoost,47,34,125.0,111.22469
XGBoost,47,35,125.0,120.14823
XGBoost,47,36,125.0,123.201225
XGBoost,47,37,125.0,112.93991
XGBoost,47,38,125.0,116.17156
XGBoost,47,39,125.0,125.823906
XGBoost,47,40,125.0,115.71764
XGBoost,47,41,125.0,121.6168
XGBoost,47,42,125.0,101.14764
XGBoost,47,43,125.0,105.34065
XGBoost,47,44,125.0,107.418205
XGBoost,47,45,125.0,107.13041
XGBoost,47,46,125.0,106.22992
XGBoost,47,47,125.0,110.4999
XGBoost,47,48,125.0,114.440674
XGBoost,47,49,125.0,119.033325
XGBoost,47,50,125.0,113.10244
XGBoost,47,51,125.0,118.68845
XGBoost,47,52,125.0,116.04916
XGBoost,47,53,125.0,114.63878
XGBoost,47,54,125.0,114.272156
XGBoost,47,55,125.0,121.21244
XGBoost,47,56,125.0,129.16069
XGBoost,47,57,125.0,124.19779
XGBoost,47,58,125.0,115.197685
XGBoost,47,59,125.0,110.89084
XGBoost,47,60,125.0,116.12061
XGBoost,47,61,125.0,110.0965
XGBoost,47,62,125.0,98.49814
XGBoost,47,63,125.0,106.15196
XGBoost,47,64,125.0,109.70106
XGBoost,47,65,125.0,100.2338
XGBoost,47,66,125.0,97.76835
XGBoost,47,67,125.0,98.88079
XGBoost,47,68,125.0,103.78876
XGBoost,47,69,125.0,104.79866
XGBoost,47,70,125.0,103.95311
XGBoost,47,71,125.0,104.846985
XGBoost,47,72,125.0,101.061195
XGBoost,47,73,125.0,109.36374
XGBoost,48,30,125.0,110.79614
XGBoost,48,31,125.0,113.18301
XGBoost,48,32,125.0,115.45127
XGBoost,48,33,125.0,118.2486
XGBoost,48,34,125.0,122.479164
XGBoost,48,35,125.0,117.58967
XGBoost,48,36,125.0,117.866196
XGBoost,48,37,125.0,113.334
XGBoost,48,38,125.0,117.34117
XGBoost,48,39,125.0,126.13448
XGBoost,48,40,125.0,118.6466
XGBoost,48,41,125.0,117.27011
XGBoost,48,42,125.0,123.55436
XGBoost,48,43,125.0,120.05587
XGBoost,48,44,125.0,110.89845
XGBoost,48,45,125.0,116.229004
XGBoost,48,46,124.0,116.4243
XGBoost,48,47,123.0,122.12876
XGBoost,48,48,122.0,114.0917
XGBoost,48,49,121.0,112.74727
XGBoost,48,50,120.0,108.685074
XGBoost,48,51,119.0,111.05815
XGBoost,48,52,118.0,117.23516
XGBoost,48,53,117.0,106.981155
XGBoost,48,54,116.0,116.6118
XGBoost,48,55,115.0,116.642365
XGBoost,48,56,114.0,116.481735
XGBoost,48,57,113.0,117.748665
XGBoost,48,58,112.0,117.474075
XGBoost,48,59,111.0,119.86241
XGBoost,48,60,110.0,117.73446
XGBoost,48,61,109.0,118.551155
XGBoost,48,62,108.0,111.74103
XGBoost,48,63,107.0,112.90859
XGBoost,48,64,106.0,108.91974
XGBoost,48,65,105.0,102.56468
XGBoost,48,66,104.0,108.069496
XGBoost,48,67,103.0,113.89347
XGBoost,48,68,102.0,112.774086
XGBoost,48,69,101.0,113.0755
XGBoost,48,70,100.0,112.34072
XGBoost,48,71,99.0,110.42027
XGBoost,48,72,98.0,107.42304
XGBoost,48,73,97.0,107.09682
XGBoost,48,74,96.0,104.85189
XGBoost,48,75,95.0,100.07684
XGBoost,48,76,94.0,105.71666
XGBoost,48,77,93.0,110.95426
XGBoost,48,78,92.0,106.03442
XGBoost,49,30,125.0,120.73624
XGBoost,49,31,125.0,121.1173
XGBoost,49,32,125.0,121.901245
XGBoost,49,33,125.0,119.51489
XGBoost,49,34,125.0,121.1636
XGBoost,49,35,125.0,121.06589
XGBoost,49,36,125.0,122.239944
XGBoost,49,37,125.0,121.75434
XGBoost,49,38,125.0,121.180916
XGBoost,49,39,125.0,122.69281
XGBoost,49,40,125.0,122.38002
XGBoost,49,41,125.0,121.61408
XGBoost,49,42,125.0,122.89839
XGBoost,49,43,125.0,122.35351
XGBoost,49,44,125.0,120.09441
XGBoost,49,45,125.0,117.995834
XGBoost,49,46,125.0,114.23221
XGBoost,49,47,125.0,115.06302
XGBoost,49,48,125.0,115.27679
XGBoost,49,49,125.0,121.6119
XGBoost,49,50,125.0,118.46995
XGBoost,49,51,125.0,119.5307
XGBoost,49,52,125.0,118.34269
XGBoost,49,53,125.0,120.93178
XGBoost,49,54,125.0,118.34474
XGBoost,49,55,125.0,122.3066
XGBoost,49,56,125.0,118.77818
XGBoost,49,57,125.0,120.44392
XGBoost,49,58,125.0,121.06602
XGBoost,49,59,125.0,119.39725
XGBoost,49,60,125.0,118.4935
XGBoost,49,61,125.0,119.78602
XGBoost,49,62,125.0,120.66225
XGBoost,49,63,125.0,122.13633
XGBoost,49,64,125.0,124.8884
XGBoost,49,65,125.0,122.85696
XGBoost,49,66,125.0,125.41851
XGBoost,49,67,125.0,123.913055
XGBoost,49,68,125.0,123.38274
XGBoost,49,69,125.0,120.61241
XGBoost,49,70,125.0,117.39513
XGBoost,49,71,125.0,123.60791
XGBoost,49,72,125.0,122.323746
XGBoost,49,73,125.0,121.32188
XGBoost,49,74,125.0,124.97039
XGBoost,49,75,125.0,122.20212
XGBoost,49,76,125.0,121.44228
XGBoost,49,77,125.0,121.20178
XGBoost,49,78,125.0,120.88705
XGBoost,49,79,125.0,116.65824
XGBoost,49,80,125.0,118.2002
XGBoost,49,81,125.0,120.79773
XGBoost,49,82,125.0,113.50259
XGBoost,49,83,125.0,115.36518
XGBoost,49,84,125.0,116.41765
XGBoost,49,85,125.0,118.68594
XGBoost,49,86,125.0,119.00493
XGBoost,49,87,125.0,121.63223
XGBoost,49,88,125.0,119.335495
XGBoost,49,89,125.0,119.06698
XGBoost,49,90,125.0,120.57111
XGBoost,49,91,125.0,124.35458
XGBoost,49,92,125.0,122.907196
XGBoost,49,93,125.0,121.475685
XGBoost,49,94,125.0,122.51616
XGBoost,49,95,125.0,121.29945
XGBoost,49,96,125.0,123.18934
XGBoost,49,97,125.0,123.15871
XGBoost,49,98,125.0,119.85692
XGBoost,49,99,125.0,121.654305
XGBoost,49,100,125.0,120.90661
XGBoost,49,101,125.0,121.633736
XGBoost,49,102,125.0,118.278694
XGBoost,49,103,125.0,119.56113
XGBoost,49,104,125.0,118.74678
XGBoost,49,105,125.0,121.04627
XGBoost,49,106,125.0,120.52736
XGBoost,49,107,125.0,120.61762
XGBoost,49,108,125.0,120.144714
XGBoost,49,109,125.0,121.39664
XGBoost,49,110,125.0,118.48462
XGBoost,49,111,125.0,124.06289
XGBoost,49,112,125.0,112.74628
XGBoost,49,113,125.0,112.597755
XGBoost,49,114,125.0,117.82147
XGBoost,49,115,125.0,117.113716
XGBoost,49,116,125.0,120.988815
XGBoost,49,117,125.0,116.87895
XGBoost,49,118,125.0,116.00255
XGBoost,49,119,125.0,111.759026
XGBoost,49,120,125.0,114.879906
XGBoost,49,121,125.0,116.88872
XGBoost,49,122,125.0,113.9494
XGBoost,49,123,125.0,112.06301
XGBoost,49,124,125.0,114.49743
XGBoost,49,125,125.0,112.07227
XGBoost,49,126,125.0,115.033745
XGBoost,49,127,125.0,117.69929
XGBoost,49,128,125.0,119.13344
XGBoost,49,129,125.0,113.38666
XGBoost,49,130,125.0,115.61306
XGBoost,49,131,125.0,113.90389
XGBoost,49,132,125.0,112.4796
XGBoost,49,133,125.0,111.07529
XGBoost,49,134,125.0,113.08654
XGBoost,49,135,125.0,110.69072
XGBoost,49,136,125.0,114.2789
XGBoost,49,137,125.0,114.78147
XGBoost,49,138,125.0,116.617615
XGBoost,49,139,125.0,118.56862
XGBoost,49,140,125.0,117.915306
XGBoost,49,141,125.0,118.82991
XGBoost,49,142,125.0,117.62345
XGBoost,49,143,125.0,115.05348
XGBoost,49,144,125.0,113.48355
XGBoost,49,145,125.0,116.978424
XGBoost,49,146,125.0,115.74086
XGBoost,49,147,125.0,116.80941
XGBoost,49,148,125.0,118.428406
XGBoost,49,149,125.0,116.23496
XGBoost,49,150,125.0,113.01604
XGBoost,49,151,125.0,114.05285
XGBoost,49,152,125.0,109.86967
XGBoost,49,153,125.0,109.59205
XGBoost,49,154,125.0,108.878204
XGBoost,49,155,125.0,110.42133
XGBoost,49,156,125.0,111.64119
XGBoost,49,157,125.0,113.66774
XGBoost,49,158,125.0,113.869804
XGBoost,49,159,125.0,107.879364
XGBoost,49,160,125.0,110.198784
XGBoost,49,161,125.0,110.093636
XGBoost,49,162,125.0,114.10484
XGBoost,49,163,125.0,116.934975
XGBoost,49,164,125.0,116.10936
XGBoost,49,165,125.0,109.012886
XGBoost,49,166,125.0,110.54817
XGBoost,49,167,125.0,107.87753
XGBoost,49,168,125.0,104.84818
XGBoost,49,169,125.0,109.03623
XGBoost,49,170,125.0,99.72971
XGBoost,49,171,125.0,105.56984
XGBoost,49,172,125.0,100.81635
XGBoost,49,173,125.0,101.54861
XGBoost,49,174,125.0,107.80624
XGBoost,49,175,125.0,101.92129
XGBoost,49,176,125.0,105.3823
XGBoost,49,177,125.0,104.17461
XGBoost,49,178,125.0,105.8779
XGBoost,49,179,125.0,106.488335
XGBoost,49,180,125.0,103.7021
XGBoost,49,181,125.0,106.100555
XGBoost,49,182,125.0,93.88298
XGBoost,49,183,125.0,100.06576
XGBoost,49,184,125.0,94.35766
XGBoost,49,185,125.0,97.71598
XGBoost,49,186,125.0,94.894424
XGBoost,49,187,125.0,95.6041
XGBoost,49,188,125.0,99.92475
XGBoost,49,189,125.0,103.46635
XGBoost,49,190,125.0,99.624176
XGBoost,49,191,125.0,98.23939
XGBoost,49,192,125.0,109.49338
XGBoost,49,193,125.0,107.09191
XGBoost,49,194,125.0,109.900116
XGBoost,49,195,125.0,111.191925
XGBoost,49,196,125.0,105.97812
XGBoost,49,197,125.0,103.35515
XGBoost,49,198,125.0,101.010056
XGBoost,49,199,125.0,104.797966
XGBoost,49,200,124.0,95.78157
XGBoost,49,201,123.0,104.02754
XGBoost,49,202,122.0,96.71453
XGBoost,49,203,121.0,93.138405
XGBoost,49,204,120.0,90.5509
XGBoost,49,205,119.0,85.74953
XGBoost,49,206,118.0,87.28612
XGBoost,49,207,117.0,87.21989
XGBoost,49,208,116.0,89.51708
XGBoost,49,209,115.0,92.99874
XGBoost,49,210,114.0,96.54931
XGBoost,49,211,113.0,102.77629
XGBoost,49,212,112.0,92.81777
XGBoost,49,213,111.0,98.3191
XGBoost,49,214,110.0,95.1845
XGBoost,49,215,109.0,95.62311
XGBoost,49,216,108.0,99.25366
XGBoost,49,217,107.0,92.0314
XGBoost,49,218,106.0,101.91266
XGBoost,49,219,105.0,94.52408
XGBoost,49,220,104.0,90.306656
XGBoost,49,221,103.0,98.71179
XGBoost,49,222,102.0,97.99728
XGBoost,49,223,101.0,94.02556
XGBoost,49,224,100.0,93.21385
XGBoost,49,225,99.0,94.886604
XGBoost,49,226,98.0,95.39945
XGBoost,49,227,97.0,105.647484
XGBoost,49,228,96.0,99.885056
XGBoost,49,229,95.0,95.7583
XGBoost,49,230,94.0,93.87877
XGBoost,49,231,93.0,103.7887
XGBoost,49,232,92.0,102.622406
XGBoost,49,233,91.0,96.17041
XGBoost,49,234,90.0,88.915504
XGBoost,49,235,89.0,96.77243
XGBoost,49,236,88.0,100.722
XGBoost,49,237,87.0,96.67945
XGBoost,49,238,86.0,98.17889
XGBoost,49,239,85.0,99.34273
XGBoost,49,240,84.0,97.18778
XGBoost,49,241,83.0,95.89493
XGBoost,49,242,82.0,96.697845
XGBoost,49,243,81.0,84.378
XGBoost,49,244,80.0,90.02945
XGBoost,49,245,79.0,86.230644
XGBoost,49,246,78.0,69.380035
XGBoost,49,247,77.0,69.93616
XGBoost,49,248,76.0,76.86542
XGBoost,49,249,75.0,66.28568
XGBoost,49,250,74.0,73.47854
XGBoost,49,251,73.0,73.12289
XGBoost,49,252,72.0,73.96881
XGBoost,49,253,71.0,82.82782
XGBoost,49,254,70.0,82.24697
XGBoost,49,255,69.0,78.39903
XGBoost,49,256,68.0,66.10225
XGBoost,49,257,67.0,68.87153
XGBoost,49,258,66.0,77.984085
XGBoost,49,259,65.0,72.76081
XGBoost,49,260,64.0,76.20075
XGBoost,49,261,63.0,88.31142
XGBoost,49,262,62.0,92.577736
XGBoost,49,263,61.0,78.89036
XGBoost,49,264,60.0,84.81244
XGBoost,49,265,59.0,78.42235
XGBoost,49,266,58.0,80.76669
XGBoost,49,267,57.0,67.27587
XGBoost,49,268,56.0,57.06795
XGBoost,49,269,55.0,55.83208
XGBoost,49,270,54.0,59.367634
XGBoost,49,271,53.0,47.570686
XGBoost,49,272,52.0,53.767212
XGBoost,49,273,51.0,67.108635
XGBoost,49,274,50.0,64.57659
XGBoost,49,275,49.0,69.325
XGBoost,49,276,48.0,69.36682
XGBoost,49,277,47.0,58.62498
XGBoost,49,278,46.0,50.71923
XGBoost,49,279,45.0,40.35313
XGBoost,49,280,44.0,44.67194
XGBoost,49,281,43.0,45.397762
XGBoost,49,282,42.0,53.920406
XGBoost,49,283,41.0,49.23861
XGBoost,49,284,40.0,59.90607
XGBoost,49,285,39.0,56.961384
XGBoost,49,286,38.0,53.167114
XGBoost,49,287,37.0,47.68209
XGBoost,49,288,36.0,44.010628
XGBoost,49,289,35.0,35.196415
XGBoost,49,290,34.0,31.989801
XGBoost,49,291,33.0,33.54223
XGBoost,49,292,32.0,38.630962
XGBoost,49,293,31.0,36.379837
XGBoost,49,294,30.0,28.699139
XGBoost,49,295,29.0,26.240316
XGBoost,49,296,28.0,29.126097
XGBoost,49,297,27.0,25.423967
XGBoost,49,298,26.0,20.468826
XGBoost,49,299,25.0,22.621626
XGBoost,49,300,24.0,20.890646
XGBoost,49,301,23.0,19.056244
XGBoost,49,302,22.0,22.047132
XGBoost,49,303,21.0,16.154879
XGBoost,50,30,123.0,118.85805
XGBoost,50,31,122.0,117.44785
XGBoost,50,32,121.0,115.06448
XGBoost,50,33,120.0,119.21325
XGBoost,50,34,119.0,121.55239
XGBoost,50,35,118.0,116.791725
XGBoost,50,36,117.0,123.568825
XGBoost,50,37,116.0,125.22425
XGBoost,50,38,115.0,125.50591
XGBoost,50,39,114.0,126.27303
XGBoost,50,40,113.0,122.84227
XGBoost,50,41,112.0,120.40535
XGBoost,50,42,111.0,122.515144
XGBoost,50,43,110.0,123.19703
XGBoost,50,44,109.0,114.19556
XGBoost,50,45,108.0,106.935905
XGBoost,50,46,107.0,108.31663
XGBoost,50,47,106.0,106.486824
XGBoost,50,48,105.0,102.70304
XGBoost,50,49,104.0,107.12574
XGBoost,50,50,103.0,101.15265
XGBoost,50,51,102.0,105.738174
XGBoost,50,52,101.0,108.70435
XGBoost,50,53,100.0,109.64268
XGBoost,50,54,99.0,109.088585
XGBoost,50,55,98.0,110.52822
XGBoost,50,56,97.0,116.5162
XGBoost,50,57,96.0,114.72999
XGBoost,50,58,95.0,107.51969
XGBoost,50,59,94.0,106.00784
XGBoost,50,60,93.0,101.75706
XGBoost,50,61,92.0,94.41132
XGBoost,50,62,91.0,98.66571
XGBoost,50,63,90.0,98.47883
XGBoost,50,64,89.0,106.93674
XGBoost,50,65,88.0,98.409195
XGBoost,50,66,87.0,97.25922
XGBoost,50,67,86.0,102.917625
XGBoost,50,68,85.0,107.10424
XGBoost,50,69,84.0,104.89182
XGBoost,50,70,83.0,103.68569
XGBoost,50,71,82.0,103.93953
XGBoost,50,72,81.0,96.81014
XGBoost,50,73,80.0,98.80628
XGBoost,50,74,79.0,97.59398
XGBoost,51,30,125.0,106.57235
XGBoost,51,31,125.0,108.4629
XGBoost,51,32,125.0,102.6486
XGBoost,51,33,125.0,105.915955
XGBoost,51,34,125.0,99.776474
XGBoost,51,35,125.0,109.89178
XGBoost,51,36,125.0,110.4578
XGBoost,51,37,125.0,115.7011
XGBoost,51,38,125.0,120.012344
XGBoost,51,39,125.0,124.87311
XGBoost,51,40,125.0,122.31855
XGBoost,51,41,125.0,118.898125
XGBoost,51,42,125.0,121.80067
XGBoost,51,43,125.0,123.20076
XGBoost,51,44,125.0,114.22684
XGBoost,51,45,125.0,104.59729
XGBoost,51,46,125.0,109.82864
XGBoost,51,47,125.0,118.23039
XGBoost,51,48,125.0,112.323685
XGBoost,51,49,125.0,123.98502
XGBoost,51,50,125.0,129.22237
XGBoost,51,51,125.0,128.3964
XGBoost,51,52,125.0,127.54482
XGBoost,51,53,125.0,125.84237
XGBoost,51,54,125.0,121.12553
XGBoost,51,55,125.0,123.33692
XGBoost,51,56,125.0,123.15289
XGBoost,51,57,125.0,123.25801
XGBoost,51,58,125.0,123.79685
XGBoost,51,59,125.0,124.53685
XGBoost,51,60,125.0,117.56054
XGBoost,51,61,125.0,126.921776
XGBoost,51,62,125.0,122.48609
XGBoost,51,63,125.0,107.724525
XGBoost,51,64,125.0,106.50287
XGBoost,51,65,125.0,120.508644
XGBoost,51,66,125.0,119.823524
XGBoost,51,67,125.0,120.99011
XGBoost,51,68,125.0,115.79415
XGBoost,51,69,125.0,124.54977
XGBoost,51,70,125.0,123.67664
XGBoost,51,71,125.0,128.0856
XGBoost,51,72,125.0,124.33496
XGBoost,51,73,125.0,118.24347
XGBoost,51,74,125.0,121.923294
XGBoost,51,75,125.0,113.42829
XGBoost,51,76,125.0,114.60443
XGBoost,51,77,125.0,114.44851
XGBoost,51,78,125.0,107.5985
XGBoost,51,79,125.0,108.54586
XGBoost,51,80,125.0,115.75088
XGBoost,51,81,125.0,115.60659
XGBoost,51,82,125.0,118.40521
XGBoost,51,83,125.0,117.24778
XGBoost,51,84,125.0,115.4
XGBoost,51,85,125.0,113.755455
XGBoost,51,86,125.0,115.61816
XGBoost,51,87,125.0,115.255066
XGBoost,51,88,125.0,113.49346
XGBoost,51,89,125.0,111.082054
XGBoost,51,90,125.0,102.531876
XGBoost,51,91,125.0,111.63888
XGBoost,51,92,125.0,115.552574
XGBoost,51,93,125.0,110.50044
XGBoost,51,94,125.0,105.2128
XGBoost,51,95,125.0,115.45567
XGBoost,51,96,125.0,104.609856
XGBoost,51,97,125.0,110.1607
XGBoost,51,98,125.0,107.98726
XGBoost,51,99,125.0,108.385056
XGBoost,51,100,125.0,111.025986
XGBoost,51,101,125.0,108.67085
XGBoost,51,102,125.0,108.50363
XGBoost,51,103,125.0,110.49263
XGBoost,51,104,125.0,111.1792
XGBoost,51,105,125.0,105.15319
XGBoost,51,106,125.0,105.325165
XGBoost,51,107,125.0,110.214935
XGBoost,51,108,125.0,108.139206
XGBoost,51,109,125.0,107.16752
XGBoost,51,110,125.0,114.788925
XGBoost,51,111,125.0,112.13246
XGBoost,51,112,125.0,117.687386
XGBoost,51,113,125.0,120.161095
XGBoost,51,114,125.0,119.52657
XGBoost,51,115,125.0,118.96315
XGBoost,51,116,125.0,119.187614
XGBoost,51,117,125.0,126.82054
XGBoost,51,118,125.0,127.549034
XGBoost,51,119,125.0,112.907616
XGBoost,51,120,125.0,113.331505
XGBoost,51,121,125.0,106.7375
XGBoost,51,122,125.0,114.05813
XGBoost,51,123,125.0,104.99162
XGBoost,51,124,125.0,100.849014
XGBoost,51,125,125.0,105.10356
XGBoost,51,126,125.0,100.71579
XGBoost,51,127,125.0,108.85638
XGBoost,51,128,125.0,104.56407
XGBoost,51,129,125.0,106.5215
XGBoost,51,130,125.0,101.20078
XGBoost,51,131,125.0,108.94848
XGBoost,51,132,125.0,104.41728
XGBoost,51,133,125.0,113.670685
XGBoost,51,134,124.0,110.15202
XGBoost,51,135,123.0,109.1099
XGBoost,51,136,122.0,101.0379
XGBoost,51,137,121.0,99.03401
XGBoost,51,138,120.0,102.1875
XGBoost,51,139,119.0,110.429344
XGBoost,51,140,118.0,115.38305
XGBoost,51,141,117.0,109.36367
XGBoost,51,142,116.0,108.846016
XGBoost,51,143,115.0,112.876175
XGBoost,51,144,114.0,115.50312
XGBoost,52,30,125.0,129.29759
XGBoost,52,31,125.0,131.12584
XGBoost,52,32,125.0,130.59175
XGBoost,52,33,125.0,129.58922
XGBoost,52,34,125.0,132.00835
XGBoost,52,35,125.0,131.33205
XGBoost,52,36,125.0,130.8064
XGBoost,52,37,125.0,131.9427
XGBoost,52,38,125.0,128.59761
XGBoost,52,39,125.0,128.29431
XGBoost,52,40,125.0,126.92509
XGBoost,52,41,125.0,126.76134
XGBoost,52,42,125.0,128.60448
XGBoost,52,43,125.0,128.92761
XGBoost,52,44,125.0,128.97618
XGBoost,52,45,125.0,129.21364
XGBoost,52,46,125.0,128.90013
XGBoost,52,47,125.0,128.5546
XGBoost,52,48,125.0,127.68672
XGBoost,52,49,125.0,126.04657
XGBoost,52,50,125.0,126.386765
XGBoost,52,51,125.0,125.063286
XGBoost,52,52,125.0,126.56586
XGBoost,52,53,125.0,125.651855
XGBoost,52,54,125.0,124.47301
XGBoost,52,55,125.0,125.69254
XGBoost,52,56,125.0,126.95726
XGBoost,52,57,125.0,127.538895
XGBoost,52,58,125.0,124.65533
XGBoost,52,59,125.0,126.05736
XGBoost,52,60,125.0,125.77019
XGBoost,52,61,125.0,126.897285
XGBoost,52,62,125.0,126.75926
XGBoost,52,63,125.0,128.13776
XGBoost,52,64,125.0,129.83249
XGBoost,52,65,125.0,129.73773
XGBoost,52,66,125.0,129.5484
XGBoost,52,67,125.0,129.13268
XGBoost,52,68,125.0,130.29608
XGBoost,52,69,125.0,128.76389
XGBoost,52,70,125.0,130.20786
XGBoost,52,71,125.0,125.57212
XGBoost,52,72,125.0,122.58613
XGBoost,52,73,125.0,122.86562
XGBoost,52,74,125.0,125.26691
XGBoost,52,75,125.0,121.07909
XGBoost,52,76,125.0,123.207535
XGBoost,52,77,125.0,123.33098
XGBoost,52,78,125.0,125.69124
XGBoost,52,79,125.0,123.39468
XGBoost,52,80,125.0,122.79991
XGBoost,52,81,125.0,124.1774
XGBoost,52,82,125.0,123.60253
XGBoost,52,83,125.0,124.62987
XGBoost,52,84,125.0,127.127464
XGBoost,52,85,125.0,126.92066
XGBoost,52,86,125.0,125.811775
XGBoost,52,87,125.0,127.33911
XGBoost,52,88,125.0,125.06454
XGBoost,52,89,125.0,124.89403
XGBoost,52,90,125.0,125.274925
XGBoost,52,91,125.0,126.76084
XGBoost,52,92,125.0,124.85811
XGBoost,52,93,125.0,124.68718
XGBoost,52,94,124.0,125.52021
XGBoost,52,95,123.0,127.67932
XGBoost,52,96,122.0,120.10725
XGBoost,52,97,121.0,122.80535
XGBoost,52,98,120.0,124.61336
XGBoost,52,99,119.0,121.23738
XGBoost,52,100,118.0,118.64266
XGBoost,52,101,117.0,117.96104
XGBoost,52,102,116.0,117.65012
XGBoost,52,103,115.0,123.40183
XGBoost,52,104,114.0,118.86335
XGBoost,52,105,113.0,119.55189
XGBoost,52,106,112.0,116.66029
XGBoost,52,107,111.0,116.54145
XGBoost,52,108,110.0,117.061714
XGBoost,52,109,109.0,119.71502
XGBoost,52,110,108.0,120.22911
XGBoost,52,111,107.0,118.16021
XGBoost,52,112,106.0,111.27816
XGBoost,52,113,105.0,112.69944
XGBoost,52,114,104.0,111.69247
XGBoost,52,115,103.0,114.758484
XGBoost,52,116,102.0,115.70727
XGBoost,52,117,101.0,112.7829
XGBoost,52,118,100.0,109.8664
XGBoost,52,119,99.0,111.756546
XGBoost,52,120,98.0,110.965096
XGBoost,52,121,97.0,112.69744
XGBoost,52,122,96.0,112.16864
XGBoost,52,123,95.0,117.16671
XGBoost,52,124,94.0,115.32353
XGBoost,52,125,93.0,117.05001
XGBoost,52,126,92.0,114.00501
XGBoost,52,127,91.0,119.959816
XGBoost,52,128,90.0,118.94941
XGBoost,52,129,89.0,120.4355
XGBoost,52,130,88.0,115.85012
XGBoost,52,131,87.0,118.1376
XGBoost,52,132,86.0,119.53533
XGBoost,52,133,85.0,119.876495
XGBoost,52,134,84.0,114.89192
XGBoost,52,135,83.0,114.15721
XGBoost,52,136,82.0,111.053024
XGBoost,52,137,81.0,101.66782
XGBoost,52,138,80.0,104.067764
XGBoost,52,139,79.0,100.89486
XGBoost,52,140,78.0,102.04962
XGBoost,52,141,77.0,96.434326
XGBoost,52,142,76.0,92.76714
XGBoost,52,143,75.0,94.55349
XGBoost,52,144,74.0,97.489136
XGBoost,52,145,73.0,98.29457
XGBoost,52,146,72.0,101.254005
XGBoost,52,147,71.0,95.97331
XGBoost,52,148,70.0,93.46499
XGBoost,52,149,69.0,92.85073
XGBoost,52,150,68.0,91.95961
XGBoost,52,151,67.0,96.826454
XGBoost,52,152,66.0,99.987976
XGBoost,52,153,65.0,86.40946
XGBoost,52,154,64.0,80.3465
XGBoost,52,155,63.0,79.32515
XGBoost,52,156,62.0,75.68045
XGBoost,52,157,61.0,75.01327
XGBoost,52,158,60.0,73.96893
XGBoost,52,159,59.0,76.186134
XGBoost,52,160,58.0,66.069664
XGBoost,52,161,57.0,71.18926
XGBoost,52,162,56.0,67.4586
XGBoost,52,163,55.0,72.39486
XGBoost,52,164,54.0,71.125755
XGBoost,52,165,53.0,69.36591
XGBoost,52,166,52.0,67.26102
XGBoost,52,167,51.0,69.00974
XGBoost,52,168,50.0,64.194435
XGBoost,52,169,49.0,58.527264
XGBoost,52,170,48.0,57.77856
XGBoost,52,171,47.0,60.61705
XGBoost,52,172,46.0,58.685795
XGBoost,52,173,45.0,50.198654
XGBoost,52,174,44.0,51.774323
XGBoost,52,175,43.0,37.946426
XGBoost,52,176,42.0,44.26072
XGBoost,52,177,41.0,47.745724
XGBoost,52,178,40.0,44.429516
XGBoost,52,179,39.0,44.679443
XGBoost,52,180,38.0,43.545727
XGBoost,52,181,37.0,39.248463
XGBoost,52,182,36.0,38.39933
XGBoost,52,183,35.0,37.57112
XGBoost,52,184,34.0,32.8019
XGBoost,52,185,33.0,36.511692
XGBoost,52,186,32.0,36.730362
XGBoost,52,187,31.0,28.555628
XGBoost,52,188,30.0,26.472178
XGBoost,52,189,29.0,19.985775
XGBoost,53,30,125.0,115.67992
XGBoost,53,31,125.0,111.922935
XGBoost,53,32,125.0,120.776
XGBoost,53,33,125.0,124.22767
XGBoost,53,34,125.0,120.95549
XGBoost,53,35,125.0,120.75878
XGBoost,53,36,125.0,124.54446
XGBoost,53,37,125.0,121.66403
XGBoost,53,38,125.0,117.50089
XGBoost,53,39,125.0,122.09865
XGBoost,53,40,125.0,119.98372
XGBoost,53,41,125.0,113.152695
XGBoost,53,42,125.0,111.83784
XGBoost,53,43,125.0,115.35684
XGBoost,53,44,125.0,119.89077
XGBoost,53,45,125.0,123.91549
XGBoost,53,46,125.0,118.400536
XGBoost,53,47,125.0,122.07085
XGBoost,53,48,125.0,117.929436
XGBoost,53,49,125.0,113.82907
XGBoost,53,50,125.0,114.563156
XGBoost,53,51,125.0,111.28669
XGBoost,53,52,125.0,110.916435
XGBoost,53,53,125.0,117.05461
XGBoost,53,54,125.0,108.45697
XGBoost,53,55,125.0,102.772156
XGBoost,53,56,125.0,108.79287
XGBoost,53,57,125.0,107.05795
XGBoost,53,58,125.0,105.945694
XGBoost,53,59,125.0,105.49087
XGBoost,53,60,125.0,106.127945
XGBoost,53,61,125.0,112.622986
XGBoost,53,62,125.0,112.02781
XGBoost,53,63,125.0,108.586845
XGBoost,53,64,125.0,105.023994
XGBoost,53,65,125.0,102.0509
XGBoost,53,66,124.0,100.08054
XGBoost,53,67,123.0,100.27605
XGBoost,53,68,122.0,93.42087
XGBoost,53,69,121.0,101.49169
XGBoost,53,70,120.0,106.5114
XGBoost,53,71,119.0,104.912964
XGBoost,53,72,118.0,105.56226
XGBoost,53,73,117.0,101.31554
XGBoost,53,74,116.0,100.52549
XGBoost,53,75,115.0,111.14372
XGBoost,53,76,114.0,118.71793
XGBoost,53,77,113.0,115.44302
XGBoost,53,78,112.0,109.6205
XGBoost,53,79,111.0,113.11505
XGBoost,53,80,110.0,112.84919
XGBoost,53,81,109.0,114.49837
XGBoost,53,82,108.0,120.36139
XGBoost,53,83,107.0,121.04666
XGBoost,53,84,106.0,115.54008
XGBoost,53,85,105.0,117.01912
XGBoost,53,86,104.0,111.05278
XGBoost,53,87,103.0,114.59237
XGBoost,53,88,102.0,111.32245
XGBoost,53,89,101.0,112.409874
XGBoost,53,90,100.0,108.86273
XGBoost,53,91,99.0,109.63966
XGBoost,53,92,98.0,113.060616
XGBoost,53,93,97.0,110.35422
XGBoost,53,94,96.0,110.60049
XGBoost,53,95,95.0,107.4557
XGBoost,53,96,94.0,107.60479
XGBoost,53,97,93.0,109.514435
XGBoost,53,98,92.0,105.99702
XGBoost,53,99,91.0,109.126045
XGBoost,53,100,90.0,107.87942
XGBoost,53,101,89.0,110.886894
XGBoost,53,102,88.0,107.04105
XGBoost,53,103,87.0,107.80262
XGBoost,53,104,86.0,106.725716
XGBoost,53,105,85.0,103.26293
XGBoost,53,106,84.0,101.77518
XGBoost,53,107,83.0,102.56519
XGBoost,53,108,82.0,101.90931
XGBoost,53,109,81.0,94.9303
XGBoost,53,110,80.0,103.14044
XGBoost,53,111,79.0,105.940254
XGBoost,53,112,78.0,105.917595
XGBoost,53,113,77.0,103.1147
XGBoost,53,114,76.0,92.8714
XGBoost,53,115,75.0,89.28543
XGBoost,53,116,74.0,90.28304
XGBoost,53,117,73.0,94.48273
XGBoost,53,118,72.0,89.163895
XGBoost,53,119,71.0,86.28968
XGBoost,53,120,70.0,71.81342
XGBoost,53,121,69.0,82.15913
XGBoost,53,122,68.0,88.22793
XGBoost,53,123,67.0,84.10049
XGBoost,53,124,66.0,77.02356
XGBoost,53,125,65.0,78.18942
XGBoost,53,126,64.0,80.291664
XGBoost,53,127,63.0,76.40262
XGBoost,53,128,62.0,68.31749
XGBoost,53,129,61.0,69.37833
XGBoost,53,130,60.0,68.436104
XGBoost,53,131,59.0,75.78101
XGBoost,53,132,58.0,71.940384
XGBoost,53,133,57.0,64.25447
XGBoost,53,134,56.0,63.103973
XGBoost,53,135,55.0,53.199192
XGBoost,53,136,54.0,66.04565
XGBoost,53,137,53.0,66.24853
XGBoost,53,138,52.0,69.29438
XGBoost,53,139,51.0,72.86327
XGBoost,53,140,50.0,70.41701
XGBoost,53,141,49.0,61.541935
XGBoost,53,142,48.0,61.697075
XGBoost,53,143,47.0,62.114323
XGBoost,53,144,46.0,63.139805
XGBoost,53,145,45.0,56.343304
XGBoost,53,146,44.0,53.466496
XGBoost,53,147,43.0,52.085056
XGBoost,53,148,42.0,54.246338
XGBoost,53,149,41.0,48.087082
XGBoost,53,150,40.0,47.888798
XGBoost,53,151,39.0,46.828934
XGBoost,53,152,38.0,44.401707
XGBoost,53,153,37.0,46.935223
XGBoost,53,154,36.0,44.64074
XGBoost,53,155,35.0,44.48324
XGBoost,53,156,34.0,41.265408
XGBoost,53,157,33.0,37.182682
XGBoost,53,158,32.0,31.444561
XGBoost,53,159,31.0,29.738203
XGBoost,53,160,30.0,38.872498
XGBoost,53,161,29.0,35.016922
XGBoost,53,162,28.0,34.532703
XGBoost,53,163,27.0,37.266098
XGBoost,53,164,26.0,32.000313
XGBoost,54,30,125.0,128.9996
XGBoost,54,31,125.0,128.9491
XGBoost,54,32,125.0,128.28873
XGBoost,54,33,125.0,128.32152
XGBoost,54,34,125.0,129.82837
XGBoost,54,35,125.0,129.57324
XGBoost,54,36,125.0,125.058784
XGBoost,54,37,125.0,125.68488
XGBoost,54,38,125.0,126.8021
XGBoost,54,39,125.0,126.26575
XGBoost,54,40,125.0,127.13129
XGBoost,54,41,125.0,127.37881
XGBoost,54,42,125.0,127.19273
XGBoost,54,43,125.0,126.89331
XGBoost,54,44,125.0,125.98347
XGBoost,54,45,125.0,126.8124
XGBoost,54,46,125.0,128.29123
XGBoost,54,47,125.0,127.77007
XGBoost,54,48,125.0,128.9207
XGBoost,54,49,125.0,128.24797
XGBoost,54,50,125.0,126.763115
XGBoost,54,51,125.0,125.8949
XGBoost,54,52,125.0,126.45417
XGBoost,54,53,125.0,124.23354
XGBoost,54,54,125.0,125.54341
XGBoost,54,55,125.0,127.575714
XGBoost,54,56,125.0,127.12267
XGBoost,54,57,125.0,127.90656
XGBoost,54,58,125.0,127.065895
XGBoost,54,59,125.0,127.404655
XGBoost,54,60,125.0,125.60817
XGBoost,54,61,125.0,126.05828
XGBoost,54,62,125.0,126.78004
XGBoost,54,63,125.0,124.94548
XGBoost,54,64,125.0,125.67001
XGBoost,54,65,125.0,125.920815
XGBoost,54,66,125.0,125.75429
XGBoost,54,67,125.0,128.1005
XGBoost,54,68,125.0,127.990295
XGBoost,54,69,125.0,127.9613
XGBoost,54,70,125.0,125.28795
XGBoost,54,71,125.0,126.48333
XGBoost,54,72,125.0,124.34039
XGBoost,54,73,125.0,126.01156
XGBoost,54,74,125.0,124.701065
XGBoost,54,75,125.0,126.520325
XGBoost,54,76,125.0,123.8742
XGBoost,54,77,125.0,124.936134
XGBoost,54,78,125.0,122.314255
XGBoost,54,79,125.0,125.665375
XGBoost,54,80,125.0,124.27839
XGBoost,54,81,125.0,125.0144
XGBoost,54,82,125.0,128.5759
XGBoost,54,83,125.0,126.75873
XGBoost,54,84,125.0,128.95288
XGBoost,54,85,125.0,124.09808
XGBoost,54,86,125.0,125.481926
XGBoost,54,87,125.0,126.80471
XGBoost,54,88,125.0,129.36424
XGBoost,54,89,125.0,127.469124
XGBoost,54,90,125.0,128.58427
XGBoost,54,91,125.0,125.46316
XGBoost,54,92,125.0,123.988525
XGBoost,54,93,125.0,126.31745
XGBoost,54,94,124.0,120.43892
XGBoost,54,95,123.0,123.57901
XGBoost,54,96,122.0,124.86956
XGBoost,54,97,121.0,124.233826
XGBoost,54,98,120.0,123.504684
XGBoost,54,99,119.0,124.06348
XGBoost,54,100,118.0,123.31117
XGBoost,54,101,117.0,119.55993
XGBoost,54,102,116.0,115.49061
XGBoost,54,103,115.0,110.81956
XGBoost,54,104,114.0,115.35997
XGBoost,54,105,113.0,116.23728
XGBoost,54,106,112.0,113.13943
XGBoost,54,107,111.0,116.576294
XGBoost,54,108,110.0,118.72612
XGBoost,54,109,109.0,114.258354
XGBoost,54,110,108.0,112.56424
XGBoost,54,111,107.0,110.395096
XGBoost,54,112,106.0,111.349525
XGBoost,54,113,105.0,114.34162
XGBoost,54,114,104.0,117.65531
XGBoost,54,115,103.0,117.78567
XGBoost,54,116,102.0,117.937355
XGBoost,54,117,101.0,115.33735
XGBoost,54,118,100.0,115.30243
XGBoost,54,119,99.0,113.13249
XGBoost,54,120,98.0,117.1767
XGBoost,54,121,97.0,116.27258
XGBoost,55,30,125.0,117.396416
XGBoost,55,31,125.0,118.625
XGBoost,55,32,125.0,120.188736
XGBoost,55,33,125.0,115.952576
XGBoost,55,34,125.0,112.47012
XGBoost,55,35,125.0,118.49553
XGBoost,55,36,125.0,114.47709
XGBoost,55,37,125.0,112.4801
XGBoost,55,38,125.0,113.01218
XGBoost,55,39,125.0,109.6242
XGBoost,55,40,125.0,109.173874
XGBoost,55,41,125.0,110.83249
XGBoost,55,42,125.0,115.856766
XGBoost,55,43,125.0,112.38651
XGBoost,55,44,125.0,114.14923
XGBoost,55,45,125.0,117.482
XGBoost,55,46,125.0,122.96448
XGBoost,55,47,125.0,112.43771
XGBoost,55,48,125.0,115.74259
XGBoost,55,49,125.0,114.61269
XGBoost,55,50,125.0,116.26011
XGBoost,55,51,125.0,116.43468
XGBoost,55,52,125.0,109.55995
XGBoost,55,53,125.0,113.86999
XGBoost,55,54,125.0,108.50564
XGBoost,55,55,125.0,113.93819
XGBoost,55,56,125.0,113.17303
XGBoost,55,57,125.0,108.26173
XGBoost,55,58,125.0,112.05507
XGBoost,55,59,125.0,114.57356
XGBoost,55,60,125.0,116.428505
XGBoost,55,61,125.0,113.789925
XGBoost,55,62,125.0,120.21756
XGBoost,55,63,125.0,116.218315
XGBoost,55,64,125.0,119.21159
XGBoost,55,65,125.0,122.67577
XGBoost,55,66,125.0,116.727516
XGBoost,55,67,125.0,122.054665
XGBoost,55,68,125.0,123.794014
XGBoost,55,69,125.0,116.886604
XGBoost,55,70,125.0,109.92534
XGBoost,55,71,125.0,101.81337
XGBoost,55,72,125.0,93.811424
XGBoost,55,73,125.0,95.3246
XGBoost,55,74,125.0,103.51597
XGBoost,55,75,125.0,101.680534
XGBoost,55,76,125.0,104.2026
XGBoost,55,77,125.0,107.86565
XGBoost,55,78,125.0,117.41963
XGBoost,55,79,125.0,120.151634
XGBoost,55,80,125.0,121.665115
XGBoost,55,81,125.0,122.167206
XGBoost,55,82,125.0,114.18161
XGBoost,55,83,125.0,113.937355
XGBoost,55,84,125.0,115.16428
XGBoost,55,85,125.0,112.62654
XGBoost,55,86,125.0,115.9714
XGBoost,55,87,125.0,109.62244
XGBoost,55,88,125.0,108.5081
XGBoost,55,89,125.0,112.72886
XGBoost,55,90,125.0,110.808914
XGBoost,55,91,125.0,109.403
XGBoost,55,92,125.0,106.930466
XGBoost,55,93,125.0,104.559555
XGBoost,55,94,125.0,111.519
XGBoost,55,95,125.0,109.59339
XGBoost,55,96,125.0,111.84805
XGBoost,55,97,125.0,110.94327
XGBoost,55,98,125.0,112.35157
XGBoost,55,99,125.0,119.42171
XGBoost,55,100,125.0,114.71965
XGBoost,55,101,125.0,112.998955
XGBoost,55,102,125.0,114.06298
XGBoost,55,103,125.0,107.02887
XGBoost,55,104,125.0,118.33092
XGBoost,55,105,125.0,114.90998
XGBoost,55,106,125.0,108.88132
XGBoost,55,107,125.0,106.51213
XGBoost,55,108,125.0,115.6075
XGBoost,55,109,125.0,117.236855
XGBoost,55,110,125.0,115.75436
XGBoost,55,111,125.0,112.16139
XGBoost,55,112,125.0,108.73845
XGBoost,55,113,125.0,109.375656
XGBoost,56,30,121.0,108.19257
XGBoost,56,31,120.0,115.79443
XGBoost,56,32,119.0,123.34171
XGBoost,56,33,118.0,117.0945
XGBoost,56,34,117.0,113.963905
XGBoost,56,35,116.0,109.54577
XGBoost,56,36,115.0,107.37788
XGBoost,56,37,114.0,108.378296
XGBoost,56,38,113.0,109.52285
XGBoost,56,39,112.0,111.25239
XGBoost,56,40,111.0,104.666084
XGBoost,56,41,110.0,109.59779
XGBoost,56,42,109.0,99.60714
XGBoost,56,43,108.0,100.60326
XGBoost,56,44,107.0,104.0816
XGBoost,56,45,106.0,105.208694
XGBoost,56,46,105.0,107.5395
XGBoost,56,47,104.0,113.536964
XGBoost,56,48,103.0,115.06358
XGBoost,56,49,102.0,96.23419
XGBoost,56,50,101.0,87.78603
XGBoost,56,51,100.0,94.478386
XGBoost,56,52,99.0,98.44724
XGBoost,56,53,98.0,107.89311
XGBoost,56,54,97.0,105.876076
XGBoost,56,55,96.0,97.61846
XGBoost,56,56,95.0,97.80852
XGBoost,56,57,94.0,91.21845
XGBoost,56,58,93.0,94.57761
XGBoost,56,59,92.0,100.45926
XGBoost,56,60,91.0,103.60999
XGBoost,56,61,90.0,114.46222
XGBoost,56,62,89.0,119.34043
XGBoost,56,63,88.0,100.12972
XGBoost,56,64,87.0,96.54614
XGBoost,56,65,86.0,94.57547
XGBoost,56,66,85.0,98.597084
XGBoost,56,67,84.0,96.2596
XGBoost,56,68,83.0,90.50794
XGBoost,56,69,82.0,86.03253
XGBoost,56,70,81.0,88.829926
XGBoost,56,71,80.0,82.98538
XGBoost,56,72,79.0,82.50524
XGBoost,56,73,78.0,84.723946
XGBoost,56,74,77.0,81.57013
XGBoost,56,75,76.0,78.07494
XGBoost,56,76,75.0,84.86141
XGBoost,56,77,74.0,92.85083
XGBoost,56,78,73.0,98.79308
XGBoost,56,79,72.0,77.73579
XGBoost,56,80,71.0,81.74191
XGBoost,56,81,70.0,74.784485
XGBoost,56,82,69.0,78.5468
XGBoost,56,83,68.0,75.53916
XGBoost,56,84,67.0,72.034874
XGBoost,56,85,66.0,58.947678
XGBoost,56,86,65.0,58.034534
XGBoost,56,87,64.0,65.683334
XGBoost,56,88,63.0,66.82672
XGBoost,56,89,62.0,54.11632
XGBoost,56,90,61.0,56.621838
XGBoost,56,91,60.0,62.662556
XGBoost,56,92,59.0,65.24025
XGBoost,56,93,58.0,77.13479
XGBoost,56,94,57.0,70.565926
XGBoost,56,95,56.0,55.11157
XGBoost,56,96,55.0,58.29944
XGBoost,56,97,54.0,54.858463
XGBoost,56,98,53.0,56.675655
XGBoost,56,99,52.0,60.661983
XGBoost,56,100,51.0,51.93488
XGBoost,56,101,50.0,58.82251
XGBoost,56,102,49.0,69.87499
XGBoost,56,103,48.0,64.732956
XGBoost,56,104,47.0,75.66489
XGBoost,56,105,46.0,68.620346
XGBoost,56,106,45.0,63.629723
XGBoost,56,107,44.0,66.40533
XGBoost,56,108,43.0,63.411354
XGBoost,56,109,42.0,56.304977
XGBoost,56,110,41.0,53.074238
XGBoost,56,111,40.0,50.088863
XGBoost,56,112,39.0,44.245358
XGBoost,56,113,38.0,42.17717
XGBoost,56,114,37.0,34.086903
XGBoost,56,115,36.0,31.741295
XGBoost,56,116,35.0,37.653862
XGBoost,56,117,34.0,37.468666
XGBoost,56,118,33.0,37.833923
XGBoost,56,119,32.0,29.134962
XGBoost,56,120,31.0,27.78866
XGBoost,56,121,30.0,24.245335
XGBoost,56,122,29.0,21.200615
XGBoost,56,123,28.0,22.294477
XGBoost,56,124,27.0,29.254566
XGBoost,56,125,26.0,29.375671
XGBoost,56,126,25.0,30.60703
XGBoost,56,127,24.0,32.122383
XGBoost,56,128,23.0,27.493639
XGBoost,56,129,22.0,23.881117
XGBoost,56,130,21.0,21.916977
XGBoost,56,131,20.0,21.18657
XGBoost,56,132,19.0,16.726086
XGBoost,56,133,18.0,19.108013
XGBoost,56,134,17.0,16.890284
XGBoost,56,135,16.0,15.502286
XGBoost,56,136,15.0,13.893001
XGBoost,57,30,125.0,130.15752
XGBoost,57,31,125.0,127.70716
XGBoost,57,32,125.0,126.92257
XGBoost,57,33,125.0,119.10821
XGBoost,57,34,125.0,111.93992
XGBoost,57,35,125.0,113.07821
XGBoost,57,36,125.0,107.63418
XGBoost,57,37,125.0,117.04911
XGBoost,57,38,125.0,122.135635
XGBoost,57,39,125.0,111.79976
XGBoost,57,40,125.0,106.71386
XGBoost,57,41,125.0,105.09944
XGBoost,57,42,125.0,108.81525
XGBoost,57,43,125.0,117.04944
XGBoost,57,44,125.0,120.59892
XGBoost,57,45,125.0,116.44584
XGBoost,57,46,125.0,113.25779
XGBoost,57,47,125.0,115.468864
XGBoost,57,48,125.0,104.79966
XGBoost,57,49,125.0,106.211174
XGBoost,57,50,125.0,106.39705
XGBoost,57,51,125.0,111.24924
XGBoost,57,52,125.0,116.00165
XGBoost,57,53,125.0,120.82712
XGBoost,57,54,125.0,116.67712
XGBoost,57,55,125.0,114.58462
XGBoost,57,56,125.0,111.44894
XGBoost,57,57,125.0,119.608795
XGBoost,57,58,125.0,116.47758
XGBoost,57,59,125.0,122.76561
XGBoost,57,60,125.0,121.7582
XGBoost,57,61,125.0,123.725395
XGBoost,57,62,125.0,124.71265
XGBoost,57,63,125.0,120.99053
XGBoost,57,64,125.0,116.9397
XGBoost,57,65,125.0,110.879875
XGBoost,57,66,125.0,110.56718
XGBoost,57,67,125.0,114.23633
XGBoost,57,68,125.0,120.67846
XGBoost,57,69,125.0,116.13457
XGBoost,57,70,125.0,117.35431
XGBoost,57,71,125.0,122.46521
XGBoost,57,72,125.0,119.987724
XGBoost,57,73,125.0,127.43867
XGBoost,57,74,125.0,128.59981
XGBoost,57,75,125.0,121.835365
XGBoost,57,76,125.0,119.63294
XGBoost,57,77,125.0,124.08551
XGBoost,57,78,125.0,120.661705
XGBoost,57,79,125.0,115.31964
XGBoost,57,80,125.0,116.15694
XGBoost,57,81,125.0,115.72262
XGBoost,57,82,125.0,113.05691
XGBoost,57,83,125.0,115.68378
XGBoost,57,84,125.0,114.62523
XGBoost,57,85,125.0,117.428925
XGBoost,57,86,125.0,116.1863
XGBoost,57,87,125.0,102.13645
XGBoost,57,88,125.0,106.851654
XGBoost,57,89,125.0,116.472046
XGBoost,57,90,125.0,108.908745
XGBoost,57,91,125.0,111.15292
XGBoost,57,92,125.0,121.481064
XGBoost,57,93,125.0,108.86568
XGBoost,57,94,125.0,110.93585
XGBoost,57,95,125.0,114.31348
XGBoost,57,96,125.0,112.977425
XGBoost,57,97,125.0,102.95
XGBoost,57,98,125.0,99.34474
XGBoost,57,99,125.0,105.26999
XGBoost,57,100,125.0,102.010345
XGBoost,57,101,125.0,104.698166
XGBoost,57,102,125.0,106.33313
XGBoost,57,103,125.0,111.41102
XGBoost,57,104,125.0,107.64745
XGBoost,57,105,125.0,102.23435
XGBoost,57,106,125.0,94.28056
XGBoost,57,107,125.0,94.34251
XGBoost,57,108,125.0,95.91855
XGBoost,57,109,125.0,95.881966
XGBoost,57,110,125.0,98.015686
XGBoost,57,111,125.0,102.293846
XGBoost,57,112,125.0,106.593025
XGBoost,57,113,125.0,97.434135
XGBoost,57,114,125.0,98.99407
XGBoost,57,115,125.0,109.76262
XGBoost,57,116,125.0,109.730225
XGBoost,57,117,125.0,103.429214
XGBoost,57,118,125.0,114.9524
XGBoost,57,119,125.0,111.423096
XGBoost,57,120,125.0,113.68311
XGBoost,57,121,125.0,114.74092
XGBoost,57,122,125.0,116.96962
XGBoost,57,123,125.0,118.69496
XGBoost,57,124,125.0,118.74505
XGBoost,57,125,125.0,117.70505
XGBoost,57,126,125.0,109.85141
XGBoost,57,127,125.0,107.709625
XGBoost,57,128,125.0,100.949066
XGBoost,57,129,125.0,103.56381
XGBoost,57,130,125.0,101.95706
XGBoost,57,131,125.0,106.15405
XGBoost,57,132,125.0,102.57205
XGBoost,57,133,125.0,103.13655
XGBoost,57,134,125.0,108.77626
XGBoost,57,135,125.0,108.365295
XGBoost,57,136,125.0,109.30679
XGBoost,57,137,125.0,109.30546
XGBoost,57,138,125.0,112.80746
XGBoost,57,139,124.0,108.82187
XGBoost,57,140,123.0,106.2861
XGBoost,57,141,122.0,109.45319
XGBoost,57,142,121.0,107.077354
XGBoost,57,143,120.0,103.71679
XGBoost,57,144,119.0,104.26567
XGBoost,57,145,118.0,91.7314
XGBoost,57,146,117.0,96.98659
XGBoost,57,147,116.0,105.1266
XGBoost,57,148,115.0,101.43316
XGBoost,57,149,114.0,100.9613
XGBoost,57,150,113.0,104.4358
XGBoost,57,151,112.0,107.75075
XGBoost,57,152,111.0,100.62969
XGBoost,57,153,110.0,114.343155
XGBoost,57,154,109.0,102.298225
XGBoost,57,155,108.0,106.20139
XGBoost,57,156,107.0,108.33475
XGBoost,57,157,106.0,100.677124
XGBoost,57,158,105.0,100.04986
XGBoost,57,159,104.0,104.65605
XGBoost,57,160,103.0,100.692406
XGBoost,58,30,125.0,119.37986
XGBoost,58,31,125.0,123.909096
XGBoost,58,32,125.0,128.57034
XGBoost,58,33,125.0,126.198685
XGBoost,58,34,125.0,124.91953
XGBoost,58,35,125.0,125.68386
XGBoost,58,36,125.0,119.98234
XGBoost,58,37,125.0,124.663
XGBoost,58,38,125.0,121.59304
XGBoost,58,39,125.0,126.073654
XGBoost,58,40,125.0,126.766266
XGBoost,58,41,125.0,121.21144
XGBoost,58,42,125.0,125.005005
XGBoost,58,43,125.0,125.86666
XGBoost,58,44,125.0,127.09433
XGBoost,58,45,125.0,127.48762
XGBoost,58,46,125.0,123.32872
XGBoost,58,47,125.0,117.76779
XGBoost,58,48,125.0,121.469635
XGBoost,58,49,125.0,121.10322
XGBoost,58,50,125.0,119.79889
XGBoost,58,51,125.0,117.9138
XGBoost,58,52,125.0,116.77933
XGBoost,58,53,125.0,121.64293
XGBoost,58,54,125.0,116.36437
XGBoost,58,55,125.0,120.20731
XGBoost,58,56,125.0,121.939545
XGBoost,58,57,125.0,117.2864
XGBoost,58,58,125.0,119.4706
XGBoost,58,59,125.0,114.4456
XGBoost,58,60,125.0,117.99957
XGBoost,58,61,125.0,113.5552
XGBoost,58,62,125.0,113.87641
XGBoost,58,63,125.0,119.492546
XGBoost,58,64,125.0,118.3976
XGBoost,58,65,125.0,110.604614
XGBoost,58,66,125.0,114.47318
XGBoost,58,67,125.0,116.60854
XGBoost,58,68,125.0,112.492294
XGBoost,58,69,125.0,113.59622
XGBoost,58,70,125.0,122.643105
XGBoost,58,71,125.0,108.064415
XGBoost,58,72,125.0,111.20213
XGBoost,58,73,125.0,106.2379
XGBoost,58,74,125.0,111.69649
XGBoost,58,75,125.0,116.89032
XGBoost,58,76,125.0,121.9671
XGBoost,58,77,125.0,124.298485
XGBoost,58,78,125.0,119.8956
XGBoost,58,79,125.0,124.73724
XGBoost,58,80,125.0,121.46859
XGBoost,58,81,125.0,122.83085
XGBoost,58,82,125.0,122.04692
XGBoost,58,83,125.0,119.97455
XGBoost,58,84,125.0,112.0892
XGBoost,58,85,125.0,105.7982
XGBoost,58,86,125.0,109.154625
XGBoost,58,87,125.0,108.90381
XGBoost,58,88,125.0,108.36728
XGBoost,58,89,124.0,104.46289
XGBoost,58,90,123.0,108.352875
XGBoost,58,91,122.0,99.7631
XGBoost,58,92,121.0,103.39998
XGBoost,58,93,120.0,106.10253
XGBoost,58,94,119.0,110.16373
XGBoost,58,95,118.0,115.42289
XGBoost,58,96,117.0,117.02989
XGBoost,58,97,116.0,118.84546
XGBoost,58,98,115.0,110.82344
XGBoost,58,99,114.0,108.12841
XGBoost,58,100,113.0,108.63708
XGBoost,58,101,112.0,106.38858
XGBoost,58,102,111.0,104.31161
XGBoost,58,103,110.0,97.36637
XGBoost,58,104,109.0,101.502
XGBoost,58,105,108.0,98.14932
XGBoost,58,106,107.0,97.12474
XGBoost,58,107,106.0,95.70938
XGBoost,58,108,105.0,95.45436
XGBoost,58,109,104.0,90.061554
XGBoost,58,110,103.0,86.77223
XGBoost,58,111,102.0,93.917
XGBoost,58,112,101.0,98.322876
XGBoost,58,113,100.0,102.59802
XGBoost,58,114,99.0,102.698944
XGBoost,58,115,98.0,107.64656
XGBoost,58,116,97.0,105.13535
XGBoost,58,117,96.0,104.34658
XGBoost,58,118,95.0,103.387085
XGBoost,58,119,94.0,98.2946
XGBoost,58,120,93.0,97.24331
XGBoost,58,121,92.0,100.87572
XGBoost,58,122,91.0,100.985344
XGBoost,58,123,90.0,103.68915
XGBoost,58,124,89.0,96.79886
XGBoost,58,125,88.0,101.62106
XGBoost,58,126,87.0,95.53138
XGBoost,58,127,86.0,104.394646
XGBoost,58,128,85.0,106.41354
XGBoost,58,129,84.0,103.51654
XGBoost,58,130,83.0,95.34136
XGBoost,58,131,82.0,99.53686
XGBoost,58,132,81.0,95.0497
XGBoost,58,133,80.0,101.03404
XGBoost,58,134,79.0,103.93197
XGBoost,58,135,78.0,108.73754
XGBoost,58,136,77.0,106.66153
XGBoost,58,137,76.0,102.87223
XGBoost,58,138,75.0,97.512634
XGBoost,58,139,74.0,95.75343
XGBoost,58,140,73.0,89.46511
XGBoost,58,141,72.0,82.78824
XGBoost,58,142,71.0,93.391945
XGBoost,58,143,70.0,92.65288
XGBoost,58,144,69.0,87.0117
XGBoost,58,145,68.0,97.41271
XGBoost,58,146,67.0,92.43822
XGBoost,58,147,66.0,93.55111
XGBoost,58,148,65.0,74.10287
XGBoost,58,149,64.0,69.468994
XGBoost,58,150,63.0,64.07045
XGBoost,58,151,62.0,83.302055
XGBoost,58,152,61.0,75.33651
XGBoost,58,153,60.0,81.83677
XGBoost,58,154,59.0,73.47289
XGBoost,58,155,58.0,81.46511
XGBoost,58,156,57.0,79.62099
XGBoost,58,157,56.0,67.32343
XGBoost,58,158,55.0,71.246864
XGBoost,58,159,54.0,86.6148
XGBoost,58,160,53.0,74.13453
XGBoost,58,161,52.0,74.87892
XGBoost,58,162,51.0,74.385124
XGBoost,58,163,50.0,66.231476
XGBoost,58,164,49.0,75.096596
XGBoost,58,165,48.0,90.06398
XGBoost,58,166,47.0,88.5662
XGBoost,58,167,46.0,70.72828
XGBoost,58,168,45.0,63.424236
XGBoost,58,169,44.0,57.121876
XGBoost,58,170,43.0,59.015034
XGBoost,58,171,42.0,60.457787
XGBoost,58,172,41.0,56.606007
XGBoost,58,173,40.0,62.320457
XGBoost,58,174,39.0,72.53708
XGBoost,58,175,38.0,55.26291
XGBoost,58,176,37.0,49.680878
XGBoost,59,30,125.0,118.934235
XGBoost,59,31,125.0,121.31981
XGBoost,59,32,125.0,121.49631
XGBoost,59,33,125.0,123.89636
XGBoost,59,34,125.0,123.333405
XGBoost,59,35,125.0,123.78866
XGBoost,59,36,125.0,124.373085
XGBoost,59,37,125.0,123.419785
XGBoost,59,38,125.0,125.81295
XGBoost,59,39,125.0,123.58656
XGBoost,59,40,125.0,124.721924
XGBoost,59,41,125.0,124.94644
XGBoost,59,42,125.0,125.06855
XGBoost,59,43,125.0,121.71647
XGBoost,59,44,125.0,124.66887
XGBoost,59,45,125.0,125.658806
XGBoost,59,46,125.0,127.79022
XGBoost,59,47,125.0,127.28881
XGBoost,59,48,125.0,129.05263
XGBoost,59,49,125.0,129.8916
XGBoost,59,50,125.0,129.53636
XGBoost,59,51,125.0,125.440575
XGBoost,59,52,125.0,122.94697
XGBoost,59,53,125.0,124.97711
XGBoost,59,54,125.0,124.9452
XGBoost,59,55,125.0,123.99533
XGBoost,59,56,125.0,123.04594
XGBoost,59,57,125.0,124.31117
XGBoost,59,58,125.0,126.08451
XGBoost,59,59,125.0,123.55032
XGBoost,59,60,125.0,123.20408
XGBoost,59,61,125.0,119.401596
XGBoost,59,62,125.0,118.42601
XGBoost,59,63,125.0,117.58943
XGBoost,59,64,125.0,117.68391
XGBoost,59,65,125.0,118.4695
XGBoost,59,66,125.0,117.75134
XGBoost,59,67,125.0,120.5013
XGBoost,59,68,125.0,120.72362
XGBoost,59,69,125.0,121.690285
XGBoost,59,70,125.0,124.7906
XGBoost,59,71,125.0,120.080956
XGBoost,59,72,125.0,122.517494
XGBoost,59,73,125.0,120.34128
XGBoost,59,74,125.0,118.870766
XGBoost,59,75,125.0,117.5047
XGBoost,59,76,125.0,119.48101
XGBoost,59,77,125.0,121.47144
XGBoost,59,78,125.0,119.96797
XGBoost,59,79,125.0,119.56849
XGBoost,59,80,125.0,118.979195
XGBoost,59,81,125.0,114.718025
XGBoost,59,82,125.0,117.58373
XGBoost,59,83,125.0,114.3664
XGBoost,59,84,124.0,116.63185
XGBoost,59,85,123.0,118.903015
XGBoost,59,86,122.0,117.84018
XGBoost,59,87,121.0,117.227905
XGBoost,59,88,120.0,113.62866
XGBoost,59,89,119.0,107.55247
XGBoost,59,90,118.0,110.10295
XGBoost,59,91,117.0,109.43427
XGBoost,59,92,116.0,110.83505
XGBoost,59,93,115.0,108.5686
XGBoost,59,94,114.0,108.522995
XGBoost,60,30,125.0,109.318405
XGBoost,60,31,125.0,110.87246
XGBoost,60,32,125.0,111.772766
XGBoost,60,33,125.0,105.053024
XGBoost,60,34,125.0,105.25618
XGBoost,60,35,125.0,116.81027
XGBoost,60,36,125.0,121.63142
XGBoost,60,37,125.0,122.30642
XGBoost,60,38,125.0,126.63904
XGBoost,60,39,125.0,115.53485
XGBoost,60,40,125.0,119.30956
XGBoost,60,41,125.0,119.03417
XGBoost,60,42,125.0,115.87222
XGBoost,60,43,125.0,112.73677
XGBoost,60,44,125.0,108.48093
XGBoost,60,45,125.0,110.11788
XGBoost,60,46,125.0,112.250374
XGBoost,60,47,125.0,114.73848
XGBoost,60,48,125.0,115.32011
XGBoost,60,49,125.0,121.87544
XGBoost,60,50,125.0,115.6939
XGBoost,60,51,125.0,116.106026
XGBoost,60,52,125.0,111.37865
XGBoost,60,53,125.0,110.50078
XGBoost,60,54,125.0,111.49633
XGBoost,60,55,125.0,104.77256
XGBoost,60,56,125.0,109.03783
XGBoost,60,57,125.0,110.97462
XGBoost,60,58,125.0,115.608574
XGBoost,60,59,125.0,111.968925
XGBoost,60,60,125.0,102.72828
XGBoost,60,61,125.0,99.615654
XGBoost,60,62,125.0,99.52302
XGBoost,60,63,125.0,101.70198
XGBoost,60,64,125.0,98.68705
XGBoost,60,65,125.0,99.66893
XGBoost,60,66,125.0,111.23085
XGBoost,60,67,125.0,112.22807
XGBoost,60,68,125.0,117.84266
XGBoost,60,69,125.0,119.47025
XGBoost,60,70,125.0,111.085884
XGBoost,60,71,125.0,112.34143
XGBoost,60,72,125.0,116.449524
XGBoost,60,73,125.0,110.42809
XGBoost,60,74,125.0,108.74812
XGBoost,60,75,125.0,107.457535
XGBoost,60,76,125.0,118.35479
XGBoost,60,77,125.0,113.85081
XGBoost,60,78,125.0,116.65435
XGBoost,60,79,125.0,124.962074
XGBoost,60,80,125.0,121.91174
XGBoost,60,81,125.0,115.74272
XGBoost,60,82,125.0,113.57272
XGBoost,60,83,125.0,117.69315
XGBoost,60,84,125.0,115.899345
XGBoost,60,85,125.0,117.9806
XGBoost,60,86,125.0,116.09198
XGBoost,60,87,125.0,113.965385
XGBoost,60,88,125.0,115.13256
XGBoost,60,89,125.0,103.23744
XGBoost,60,90,125.0,113.07325
XGBoost,60,91,125.0,117.46658
XGBoost,60,92,125.0,116.60106
XGBoost,60,93,125.0,113.293304
XGBoost,60,94,125.0,115.386475
XGBoost,60,95,125.0,116.11014
XGBoost,60,96,125.0,109.04949
XGBoost,60,97,125.0,105.622856
XGBoost,60,98,125.0,119.5636
XGBoost,60,99,125.0,109.69703
XGBoost,60,100,125.0,110.16066
XGBoost,60,101,125.0,103.86106
XGBoost,60,102,125.0,103.865814
XGBoost,60,103,125.0,104.2633
XGBoost,60,104,125.0,100.57459
XGBoost,60,105,125.0,92.81993
XGBoost,60,106,125.0,106.56549
XGBoost,60,107,125.0,95.98777
XGBoost,60,108,125.0,96.38773
XGBoost,60,109,125.0,90.69078
XGBoost,60,110,125.0,89.88244
XGBoost,60,111,125.0,95.86048
XGBoost,60,112,125.0,99.23155
XGBoost,60,113,125.0,98.04139
XGBoost,60,114,125.0,109.11461
XGBoost,60,115,125.0,114.29634
XGBoost,60,116,125.0,112.69911
XGBoost,60,117,125.0,116.23046
XGBoost,60,118,125.0,113.03344
XGBoost,60,119,125.0,120.72277
XGBoost,60,120,125.0,118.12095
XGBoost,60,121,125.0,110.84266
XGBoost,60,122,125.0,109.67031
XGBoost,60,123,124.0,109.97813
XGBoost,60,124,123.0,110.98323
XGBoost,60,125,122.0,110.429436
XGBoost,60,126,121.0,107.368774
XGBoost,60,127,120.0,99.76246
XGBoost,60,128,119.0,106.47136
XGBoost,60,129,118.0,102.47686
XGBoost,60,130,117.0,96.88562
XGBoost,60,131,116.0,91.546455
XGBoost,60,132,115.0,92.57771
XGBoost,60,133,114.0,109.32566
XGBoost,60,134,113.0,109.22067
XGBoost,60,135,112.0,105.816315
XGBoost,60,136,111.0,105.46489
XGBoost,60,137,110.0,105.11055
XGBoost,60,138,109.0,103.12292
XGBoost,60,139,108.0,98.20374
XGBoost,60,140,107.0,101.806114
XGBoost,60,141,106.0,94.21487
XGBoost,60,142,105.0,97.66441
XGBoost,60,143,104.0,96.17618
XGBoost,60,144,103.0,101.845406
XGBoost,60,145,102.0,99.254456
XGBoost,60,146,101.0,105.40036
XGBoost,60,147,100.0,102.45262
XGBoost,61,30,125.0,112.08147
XGBoost,61,31,125.0,113.56153
XGBoost,61,32,125.0,119.2535
XGBoost,61,33,125.0,121.5521
XGBoost,61,34,125.0,122.62662
XGBoost,61,35,125.0,119.68571
XGBoost,61,36,125.0,120.063805
XGBoost,61,37,125.0,122.31272
XGBoost,61,38,125.0,119.806206
XGBoost,61,39,125.0,121.384605
XGBoost,61,40,125.0,122.208885
XGBoost,61,41,125.0,117.917015
XGBoost,61,42,125.0,122.837585
XGBoost,61,43,125.0,120.046036
XGBoost,61,44,125.0,122.382866
XGBoost,61,45,125.0,126.38135
XGBoost,61,46,125.0,122.80319
XGBoost,61,47,125.0,125.08122
XGBoost,61,48,125.0,124.04412
XGBoost,61,49,125.0,127.56549
XGBoost,61,50,125.0,127.16193
XGBoost,61,51,125.0,127.8605
XGBoost,61,52,125.0,121.271126
XGBoost,61,53,125.0,123.07336
XGBoost,61,54,125.0,113.87013
XGBoost,61,55,125.0,120.12593
XGBoost,61,56,124.0,119.08733
XGBoost,61,57,123.0,117.45033
XGBoost,61,58,122.0,117.51979
XGBoost,61,59,121.0,116.07961
XGBoost,61,60,120.0,116.76142
XGBoost,61,61,119.0,119.023994
XGBoost,61,62,118.0,116.51925
XGBoost,61,63,117.0,111.19675
XGBoost,61,64,116.0,107.37413
XGBoost,61,65,115.0,110.573456
XGBoost,61,66,114.0,109.92728
XGBoost,61,67,113.0,113.74478
XGBoost,61,68,112.0,110.600174
XGBoost,61,69,111.0,104.12573
XGBoost,61,70,110.0,110.022064
XGBoost,61,71,109.0,111.38714
XGBoost,61,72,108.0,112.84562
XGBoost,61,73,107.0,115.55801
XGBoost,61,74,106.0,114.98673
XGBoost,61,75,105.0,115.357445
XGBoost,61,76,104.0,115.48143
XGBoost,61,77,103.0,112.87284
XGBoost,61,78,102.0,110.8015
XGBoost,61,79,101.0,114.36184
XGBoost,61,80,100.0,117.379974
XGBoost,61,81,99.0,119.92743
XGBoost,61,82,98.0,115.3005
XGBoost,61,83,97.0,111.15415
XGBoost,61,84,96.0,101.774864
XGBoost,61,85,95.0,106.895294
XGBoost,61,86,94.0,106.43872
XGBoost,61,87,93.0,103.64794
XGBoost,61,88,92.0,100.11197
XGBoost,61,89,91.0,99.508224
XGBoost,61,90,90.0,100.920296
XGBoost,61,91,89.0,102.222786
XGBoost,61,92,88.0,110.9464
XGBoost,61,93,87.0,102.82639
XGBoost,61,94,86.0,102.797
XGBoost,61,95,85.0,97.4433
XGBoost,61,96,84.0,103.98781
XGBoost,61,97,83.0,99.59962
XGBoost,61,98,82.0,103.93302
XGBoost,61,99,81.0,103.74886
XGBoost,61,100,80.0,104.2767
XGBoost,61,101,79.0,96.028305
XGBoost,61,102,78.0,103.49819
XGBoost,61,103,77.0,101.4617
XGBoost,61,104,76.0,98.06432
XGBoost,61,105,75.0,99.861984
XGBoost,61,106,74.0,105.01725
XGBoost,61,107,73.0,94.14921
XGBoost,61,108,72.0,87.38905
XGBoost,61,109,71.0,88.9182
XGBoost,61,110,70.0,93.305244
XGBoost,61,111,69.0,91.49107
XGBoost,61,112,68.0,95.15504
XGBoost,61,113,67.0,94.870094
XGBoost,61,114,66.0,93.04147
XGBoost,61,115,65.0,85.91621
XGBoost,61,116,64.0,83.91585
XGBoost,61,117,63.0,87.96061
XGBoost,61,118,62.0,85.44441
XGBoost,61,119,61.0,90.26555
XGBoost,61,120,60.0,82.21942
XGBoost,61,121,59.0,80.34626
XGBoost,61,122,58.0,80.19787
XGBoost,61,123,57.0,73.93305
XGBoost,61,124,56.0,67.247734
XGBoost,61,125,55.0,71.67836
XGBoost,61,126,54.0,81.278946
XGBoost,61,127,53.0,78.84987
XGBoost,61,128,52.0,73.64146
XGBoost,61,129,51.0,82.72546
XGBoost,61,130,50.0,76.885376
XGBoost,61,131,49.0,68.12478
XGBoost,61,132,48.0,72.210655
XGBoost,61,133,47.0,75.319435
XGBoost,61,134,46.0,77.698784
XGBoost,61,135,45.0,68.11812
XGBoost,61,136,44.0,78.42289
XGBoost,61,137,43.0,75.608475
XGBoost,61,138,42.0,72.40784
XGBoost,61,139,41.0,71.70236
XGBoost,61,140,40.0,62.897495
XGBoost,61,141,39.0,64.430595
XGBoost,61,142,38.0,67.99358
XGBoost,61,143,37.0,75.1564
XGBoost,61,144,36.0,67.05445
XGBoost,61,145,35.0,61.050865
XGBoost,61,146,34.0,52.209343
XGBoost,61,147,33.0,50.72256
XGBoost,61,148,32.0,42.801563
XGBoost,61,149,31.0,34.370575
XGBoost,61,150,30.0,37.93966
XGBoost,61,151,29.0,43.34667
XGBoost,61,152,28.0,40.84862
XGBoost,61,153,27.0,39.63498
XGBoost,61,154,26.0,33.295677
XGBoost,61,155,25.0,33.78547
XGBoost,61,156,24.0,23.694836
XGBoost,61,157,23.0,26.479296
XGBoost,61,158,22.0,22.59771
XGBoost,61,159,21.0,28.613768
XGBoost,62,30,125.0,124.37139
XGBoost,62,31,125.0,122.409966
XGBoost,62,32,125.0,121.35219
XGBoost,62,33,125.0,123.46027
XGBoost,62,34,125.0,124.50282
XGBoost,62,35,125.0,124.7077
XGBoost,62,36,125.0,125.9167
XGBoost,62,37,125.0,124.803215
XGBoost,62,38,125.0,128.10469
XGBoost,62,39,125.0,126.42484
XGBoost,62,40,125.0,126.989815
XGBoost,62,41,125.0,127.97942
XGBoost,62,42,125.0,127.83403
XGBoost,62,43,125.0,130.20901
XGBoost,62,44,125.0,126.37192
XGBoost,62,45,125.0,126.563576
XGBoost,62,46,125.0,127.99527
XGBoost,62,47,125.0,128.9531
XGBoost,62,48,125.0,128.50758
XGBoost,62,49,125.0,131.56639
XGBoost,62,50,125.0,131.61885
XGBoost,62,51,125.0,130.10495
XGBoost,62,52,125.0,131.51459
XGBoost,62,53,125.0,128.4377
XGBoost,62,54,125.0,129.40495
XGBoost,62,55,125.0,130.03125
XGBoost,62,56,125.0,129.26262
XGBoost,62,57,125.0,128.97336
XGBoost,62,58,125.0,128.2834
XGBoost,62,59,125.0,126.519424
XGBoost,62,60,125.0,127.71323
XGBoost,62,61,125.0,127.65782
XGBoost,62,62,125.0,123.90568
XGBoost,62,63,125.0,122.147255
XGBoost,62,64,125.0,122.02045
XGBoost,62,65,125.0,123.76205
XGBoost,62,66,125.0,125.456154
XGBoost,62,67,125.0,125.06487
XGBoost,62,68,125.0,124.47257
XGBoost,62,69,125.0,125.07311
XGBoost,62,70,125.0,126.707924
XGBoost,62,71,125.0,126.99503
XGBoost,62,72,125.0,129.05008
XGBoost,62,73,125.0,129.05869
XGBoost,62,74,125.0,127.5331
XGBoost,62,75,125.0,128.70155
XGBoost,62,76,125.0,127.01079
XGBoost,62,77,125.0,125.682396
XGBoost,62,78,125.0,127.10072
XGBoost,62,79,125.0,129.46301
XGBoost,62,80,125.0,128.38094
XGBoost,62,81,125.0,127.39284
XGBoost,62,82,125.0,126.46244
XGBoost,62,83,125.0,126.03969
XGBoost,62,84,125.0,128.06688
XGBoost,62,85,125.0,128.16751
XGBoost,62,86,125.0,127.02332
XGBoost,62,87,125.0,129.48161
XGBoost,62,88,125.0,127.61547
XGBoost,62,89,125.0,128.43553
XGBoost,62,90,125.0,127.984955
XGBoost,62,91,125.0,128.79297
XGBoost,62,92,125.0,128.6627
XGBoost,62,93,125.0,129.2097
XGBoost,62,94,125.0,125.66045
XGBoost,62,95,125.0,125.93626
XGBoost,62,96,125.0,127.28808
XGBoost,62,97,125.0,127.77473
XGBoost,62,98,125.0,126.884926
XGBoost,62,99,125.0,126.92623
XGBoost,62,100,125.0,127.01441
XGBoost,62,101,125.0,127.93867
XGBoost,62,102,125.0,126.89719
XGBoost,62,103,125.0,126.73864
XGBoost,62,104,125.0,122.6054
XGBoost,62,105,125.0,123.41723
XGBoost,62,106,125.0,121.765045
XGBoost,62,107,125.0,123.29967
XGBoost,62,108,125.0,124.54926
XGBoost,62,109,125.0,124.452446
XGBoost,62,110,125.0,125.04014
XGBoost,62,111,125.0,123.963646
XGBoost,62,112,125.0,122.003914
XGBoost,62,113,125.0,119.14719
XGBoost,62,114,125.0,118.886765
XGBoost,62,115,125.0,112.02417
XGBoost,62,116,125.0,114.78616
XGBoost,62,117,125.0,117.87637
XGBoost,62,118,125.0,120.85097
XGBoost,62,119,125.0,122.219055
XGBoost,62,120,125.0,122.33039
XGBoost,62,121,125.0,122.38268
XGBoost,62,122,125.0,122.725006
XGBoost,62,123,125.0,122.46993
XGBoost,62,124,125.0,124.66839
XGBoost,62,125,125.0,125.22332
XGBoost,62,126,125.0,124.58585
XGBoost,62,127,125.0,124.48458
XGBoost,62,128,125.0,122.51652
XGBoost,62,129,125.0,124.33268
XGBoost,62,130,125.0,120.83392
XGBoost,62,131,125.0,121.88572
XGBoost,62,132,125.0,121.108765
XGBoost,62,133,125.0,120.60137
XGBoost,62,134,125.0,119.46175
XGBoost,62,135,125.0,120.824905
XGBoost,62,136,125.0,119.41725
XGBoost,62,137,125.0,122.19256
XGBoost,62,138,125.0,124.42693
XGBoost,62,139,125.0,120.9961
XGBoost,62,140,125.0,121.94
XGBoost,62,141,125.0,114.68725
XGBoost,62,142,125.0,117.49482
XGBoost,62,143,125.0,116.064766
XGBoost,62,144,125.0,113.04287
XGBoost,62,145,125.0,109.16072
XGBoost,62,146,125.0,110.73485
XGBoost,62,147,125.0,110.66689
XGBoost,62,148,125.0,112.4444
XGBoost,62,149,125.0,111.063156
XGBoost,62,150,125.0,114.325966
XGBoost,62,151,125.0,115.125435
XGBoost,62,152,125.0,108.956795
XGBoost,62,153,125.0,111.22239
XGBoost,62,154,125.0,105.10564
XGBoost,62,155,125.0,108.77361
XGBoost,62,156,125.0,110.98722
XGBoost,62,157,125.0,107.58666
XGBoost,62,158,125.0,106.59965
XGBoost,62,159,125.0,107.63458
XGBoost,62,160,125.0,105.90934
XGBoost,62,161,125.0,112.41214
XGBoost,62,162,124.0,107.899185
XGBoost,62,163,123.0,102.54506
XGBoost,62,164,122.0,105.99552
XGBoost,62,165,121.0,108.46461
XGBoost,62,166,120.0,105.55842
XGBoost,62,167,119.0,105.750496
XGBoost,62,168,118.0,104.99526
XGBoost,62,169,117.0,104.231224
XGBoost,62,170,116.0,103.80215
XGBoost,62,171,115.0,102.5814
XGBoost,62,172,114.0,97.788376
XGBoost,62,173,113.0,99.629265
XGBoost,62,174,112.0,100.16682
XGBoost,62,175,111.0,101.41416
XGBoost,62,176,110.0,108.54365
XGBoost,62,177,109.0,104.48853
XGBoost,62,178,108.0,111.67116
XGBoost,62,179,107.0,110.10868
XGBoost,62,180,106.0,93.08932
XGBoost,62,181,105.0,95.91809
XGBoost,62,182,104.0,101.759254
XGBoost,62,183,103.0,102.81577
XGBoost,62,184,102.0,92.210556
XGBoost,62,185,101.0,102.58144
XGBoost,62,186,100.0,104.75036
XGBoost,62,187,99.0,100.596504
XGBoost,62,188,98.0,100.56902
XGBoost,62,189,97.0,94.94324
XGBoost,62,190,96.0,99.878204
XGBoost,62,191,95.0,94.31605
XGBoost,62,192,94.0,88.56101
XGBoost,62,193,93.0,90.66418
XGBoost,62,194,92.0,96.74094
XGBoost,62,195,91.0,89.87625
XGBoost,62,196,90.0,97.104935
XGBoost,62,197,89.0,89.95074
XGBoost,62,198,88.0,85.2273
XGBoost,62,199,87.0,83.903694
XGBoost,62,200,86.0,89.68247
XGBoost,62,201,85.0,98.305435
XGBoost,62,202,84.0,84.52964
XGBoost,62,203,83.0,89.563095
XGBoost,62,204,82.0,83.42409
XGBoost,62,205,81.0,84.16053
XGBoost,62,206,80.0,81.62497
XGBoost,62,207,79.0,84.97989
XGBoost,62,208,78.0,83.57605
XGBoost,62,209,77.0,83.803566
XGBoost,62,210,76.0,74.129105
XGBoost,62,211,75.0,75.71069
XGBoost,62,212,74.0,72.63895
XGBoost,62,213,73.0,63.276035
XGBoost,62,214,72.0,62.73397
XGBoost,62,215,71.0,67.21846
XGBoost,62,216,70.0,56.10119
XGBoost,62,217,69.0,56.478294
XGBoost,62,218,68.0,54.713264
XGBoost,62,219,67.0,58.64316
XGBoost,62,220,66.0,53.64725
XGBoost,62,221,65.0,46.864265
XGBoost,62,222,64.0,53.009247
XGBoost,62,223,63.0,55.147102
XGBoost,62,224,62.0,44.776783
XGBoost,62,225,61.0,47.185204
XGBoost,62,226,60.0,45.989037
XGBoost,62,227,59.0,49.839603
XGBoost,62,228,58.0,47.569714
XGBoost,62,229,57.0,46.30208
XGBoost,62,230,56.0,47.94186
XGBoost,62,231,55.0,44.591587
XGBoost,62,232,54.0,35.807903
XGBoost,63,30,125.0,128.3609
XGBoost,63,31,125.0,126.14446
XGBoost,63,32,125.0,122.71185
XGBoost,63,33,125.0,122.00731
XGBoost,63,34,125.0,122.34007
XGBoost,63,35,125.0,110.0762
XGBoost,63,36,125.0,112.25062
XGBoost,63,37,125.0,110.93326
XGBoost,63,38,125.0,110.38351
XGBoost,63,39,125.0,114.951614
XGBoost,63,40,125.0,120.3052
XGBoost,63,41,125.0,114.76317
XGBoost,63,42,125.0,118.49378
XGBoost,63,43,125.0,129.00667
XGBoost,63,44,125.0,120.81616
XGBoost,63,45,125.0,121.55616
XGBoost,63,46,125.0,118.43571
XGBoost,63,47,125.0,123.04123
XGBoost,63,48,125.0,123.402374
XGBoost,63,49,125.0,125.261635
XGBoost,63,50,125.0,125.11445
XGBoost,63,51,125.0,123.70622
XGBoost,63,52,125.0,119.81827
XGBoost,63,53,125.0,115.93944
XGBoost,63,54,125.0,116.014626
XGBoost,63,55,125.0,109.63973
XGBoost,63,56,125.0,104.7423
XGBoost,63,57,125.0,108.88136
XGBoost,63,58,125.0,113.84477
XGBoost,63,59,125.0,103.18507
XGBoost,63,60,125.0,111.6495
XGBoost,63,61,125.0,113.606636
XGBoost,63,62,125.0,112.047806
XGBoost,63,63,125.0,111.89029
XGBoost,63,64,125.0,99.50397
XGBoost,63,65,125.0,93.98937
XGBoost,63,66,125.0,107.20939
XGBoost,63,67,125.0,106.516556
XGBoost,63,68,125.0,114.29228
XGBoost,63,69,125.0,111.86051
XGBoost,63,70,125.0,99.628334
XGBoost,63,71,125.0,103.597466
XGBoost,63,72,125.0,110.380455
XGBoost,63,73,125.0,113.631165
XGBoost,63,74,125.0,116.49667
XGBoost,63,75,125.0,116.99679
XGBoost,63,76,125.0,116.359276
XGBoost,63,77,125.0,117.55209
XGBoost,63,78,125.0,116.848915
XGBoost,63,79,125.0,113.96806
XGBoost,63,80,125.0,114.76805
XGBoost,63,81,125.0,114.54696
XGBoost,63,82,125.0,114.888336
XGBoost,63,83,125.0,116.96254
XGBoost,63,84,125.0,104.758575
XGBoost,63,85,125.0,114.00916
XGBoost,63,86,125.0,111.95019
XGBoost,63,87,125.0,102.59496
XGBoost,63,88,125.0,107.98745
XGBoost,63,89,125.0,97.27455
XGBoost,63,90,125.0,102.69243
XGBoost,63,91,125.0,109.4522
XGBoost,63,92,125.0,105.7959
XGBoost,63,93,125.0,106.287964
XGBoost,63,94,125.0,106.925934
XGBoost,63,95,125.0,100.869026
XGBoost,63,96,125.0,104.51448
XGBoost,63,97,125.0,118.92781
XGBoost,63,98,125.0,119.38858
XGBoost,63,99,125.0,120.89875
XGBoost,63,100,125.0,118.20604
XGBoost,63,101,125.0,113.17972
XGBoost,63,102,125.0,114.10471
XGBoost,63,103,124.0,113.53403
XGBoost,63,104,123.0,116.71471
XGBoost,63,105,122.0,111.800705
XGBoost,63,106,121.0,113.98875
XGBoost,63,107,120.0,118.55053
XGBoost,63,108,119.0,113.799965
XGBoost,63,109,118.0,120.49932
XGBoost,63,110,117.0,107.02346
XGBoost,63,111,116.0,108.75613
XGBoost,63,112,115.0,111.867355
XGBoost,63,113,114.0,118.27975
XGBoost,63,114,113.0,123.766815
XGBoost,63,115,112.0,121.78902
XGBoost,63,116,111.0,122.20675
XGBoost,63,117,110.0,114.53743
XGBoost,63,118,109.0,116.56156
XGBoost,63,119,108.0,101.94238
XGBoost,63,120,107.0,111.142654
XGBoost,63,121,106.0,101.82257
XGBoost,63,122,105.0,104.04109
XGBoost,63,123,104.0,101.705444
XGBoost,63,124,103.0,108.55488
XGBoost,63,125,102.0,101.713745
XGBoost,63,126,101.0,99.680984
XGBoost,63,127,100.0,101.04814
XGBoost,63,128,99.0,105.13287
XGBoost,63,129,98.0,99.75115
XGBoost,63,130,97.0,95.13488
XGBoost,63,131,96.0,96.14738
XGBoost,63,132,95.0,101.938866
XGBoost,63,133,94.0,100.79802
XGBoost,63,134,93.0,107.93218
XGBoost,63,135,92.0,91.4734
XGBoost,63,136,91.0,80.90236
XGBoost,63,137,90.0,83.62903
XGBoost,63,138,89.0,86.80834
XGBoost,63,139,88.0,75.21941
XGBoost,63,140,87.0,64.504425
XGBoost,63,141,86.0,65.49172
XGBoost,63,142,85.0,64.36722
XGBoost,63,143,84.0,79.64394
XGBoost,63,144,83.0,79.89281
XGBoost,63,145,82.0,94.49969
XGBoost,63,146,81.0,98.95551
XGBoost,63,147,80.0,96.00466
XGBoost,63,148,79.0,88.4536
XGBoost,63,149,78.0,86.97302
XGBoost,63,150,77.0,93.75471
XGBoost,63,151,76.0,86.76358
XGBoost,63,152,75.0,96.720894
XGBoost,63,153,74.0,89.74132
XGBoost,63,154,73.0,94.32452
XGBoost,63,155,72.0,88.26185
XGBoost,64,30,125.0,116.6349
XGBoost,64,31,125.0,119.76518
XGBoost,64,32,125.0,117.55427
XGBoost,64,33,125.0,117.88425
XGBoost,64,34,125.0,118.30161
XGBoost,64,35,125.0,120.04892
XGBoost,64,36,125.0,120.63619
XGBoost,64,37,125.0,116.06802
XGBoost,64,38,125.0,120.4308
XGBoost,64,39,125.0,112.19327
XGBoost,64,40,125.0,117.306244
XGBoost,64,41,125.0,123.43712
XGBoost,64,42,125.0,119.07515
XGBoost,64,43,125.0,123.64792
XGBoost,64,44,125.0,117.18444
XGBoost,64,45,125.0,122.5226
XGBoost,64,46,125.0,123.01457
XGBoost,64,47,125.0,118.26715
XGBoost,64,48,125.0,115.72429
XGBoost,64,49,125.0,119.10089
XGBoost,64,50,125.0,117.84844
XGBoost,64,51,125.0,121.786316
XGBoost,64,52,125.0,119.56786
XGBoost,64,53,125.0,117.08316
XGBoost,64,54,125.0,114.37551
XGBoost,64,55,125.0,108.607956
XGBoost,64,56,125.0,109.87427
XGBoost,64,57,125.0,115.72646
XGBoost,64,58,125.0,108.94049
XGBoost,64,59,125.0,115.20612
XGBoost,64,60,125.0,111.33997
XGBoost,64,61,125.0,108.458206
XGBoost,64,62,125.0,109.23927
XGBoost,64,63,125.0,114.0598
XGBoost,64,64,125.0,105.81318
XGBoost,64,65,125.0,107.79575
XGBoost,64,66,125.0,110.628815
XGBoost,64,67,125.0,105.80095
XGBoost,64,68,125.0,103.28101
XGBoost,64,69,125.0,102.4115
XGBoost,64,70,125.0,112.12903
XGBoost,64,71,125.0,117.16562
XGBoost,64,72,124.0,117.46017
XGBoost,64,73,123.0,119.37159
XGBoost,64,74,122.0,110.857056
XGBoost,64,75,121.0,113.456764
XGBoost,64,76,120.0,106.46312
XGBoost,64,77,119.0,103.991585
XGBoost,64,78,118.0,102.68525
XGBoost,64,79,117.0,98.35257
XGBoost,64,80,116.0,104.03785
XGBoost,64,81,115.0,99.67084
XGBoost,64,82,114.0,100.61889
XGBoost,64,83,113.0,101.015465
XGBoost,64,84,112.0,102.47248
XGBoost,64,85,111.0,96.27207
XGBoost,64,86,110.0,100.32694
XGBoost,64,87,109.0,101.687004
XGBoost,64,88,108.0,101.545395
XGBoost,64,89,107.0,106.18238
XGBoost,64,90,106.0,99.66387
XGBoost,64,91,105.0,96.9041
XGBoost,64,92,104.0,95.94563
XGBoost,64,93,103.0,98.44116
XGBoost,64,94,102.0,98.92717
XGBoost,64,95,101.0,103.56057
XGBoost,64,96,100.0,91.91043
XGBoost,64,97,99.0,96.74695
XGBoost,64,98,98.0,90.50962
XGBoost,64,99,97.0,91.93198
XGBoost,64,100,96.0,90.186165
XGBoost,64,101,95.0,96.09992
XGBoost,64,102,94.0,100.908745
XGBoost,64,103,93.0,95.79176
XGBoost,64,104,92.0,103.910645
XGBoost,64,105,91.0,104.39242
XGBoost,64,106,90.0,103.524025
XGBoost,64,107,89.0,101.76523
XGBoost,64,108,88.0,101.36455
XGBoost,64,109,87.0,96.87167
XGBoost,64,110,86.0,104.275246
XGBoost,64,111,85.0,102.97
XGBoost,64,112,84.0,97.885345
XGBoost,64,113,83.0,98.5333
XGBoost,64,114,82.0,106.91761
XGBoost,64,115,81.0,94.76111
XGBoost,64,116,80.0,91.635864
XGBoost,64,117,79.0,97.7518
XGBoost,64,118,78.0,109.53597
XGBoost,64,119,77.0,108.45697
XGBoost,64,120,76.0,108.83283
XGBoost,64,121,75.0,100.970276
XGBoost,64,122,74.0,93.70133
XGBoost,64,123,73.0,97.354546
XGBoost,64,124,72.0,102.666275
XGBoost,64,125,71.0,98.83162
XGBoost,64,126,70.0,94.54815
XGBoost,64,127,69.0,96.40337
XGBoost,64,128,68.0,94.036446
XGBoost,64,129,67.0,86.80367
XGBoost,64,130,66.0,83.50537
XGBoost,64,131,65.0,91.197655
XGBoost,64,132,64.0,92.90714
XGBoost,64,133,63.0,89.003365
XGBoost,64,134,62.0,86.22107
XGBoost,64,135,61.0,86.19893
XGBoost,64,136,60.0,87.50569
XGBoost,64,137,59.0,85.44057
XGBoost,64,138,58.0,78.66494
XGBoost,64,139,57.0,92.03437
XGBoost,64,140,56.0,82.3229
XGBoost,64,141,55.0,77.37352
XGBoost,64,142,54.0,71.23791
XGBoost,64,143,53.0,78.680695
XGBoost,64,144,52.0,75.82929
XGBoost,64,145,51.0,66.37392
XGBoost,64,146,50.0,60.72162
XGBoost,64,147,49.0,70.40215
XGBoost,64,148,48.0,76.81441
XGBoost,64,149,47.0,71.36772
XGBoost,64,150,46.0,62.808712
XGBoost,64,151,45.0,66.08323
XGBoost,64,152,44.0,69.43154
XGBoost,64,153,43.0,67.207924
XGBoost,64,154,42.0,71.00812
XGBoost,64,155,41.0,73.47421
XGBoost,64,156,40.0,78.19455
XGBoost,64,157,39.0,61.590366
XGBoost,64,158,38.0,55.749306
XGBoost,64,159,37.0,44.865116
XGBoost,64,160,36.0,41.58396
XGBoost,64,161,35.0,44.112396
XGBoost,64,162,34.0,44.684002
XGBoost,64,163,33.0,47.34222
XGBoost,64,164,32.0,39.45631
XGBoost,64,165,31.0,34.36978
XGBoost,64,166,30.0,31.21424
XGBoost,64,167,29.0,29.604889
XGBoost,64,168,28.0,38.387623
XGBoost,65,30,125.0,124.755356
XGBoost,65,31,125.0,123.1174
XGBoost,65,32,125.0,125.09313
XGBoost,65,33,125.0,125.18883
XGBoost,65,34,125.0,125.24199
XGBoost,65,35,125.0,122.91015
XGBoost,65,36,125.0,126.17869
XGBoost,65,37,125.0,121.73937
XGBoost,65,38,125.0,122.303566
XGBoost,65,39,125.0,123.92662
XGBoost,65,40,125.0,125.60844
XGBoost,65,41,125.0,126.496346
XGBoost,65,42,125.0,127.44861
XGBoost,65,43,125.0,124.85799
XGBoost,65,44,125.0,125.548874
XGBoost,65,45,125.0,123.379875
XGBoost,65,46,125.0,124.66047
XGBoost,65,47,125.0,124.52405
XGBoost,65,48,125.0,122.36663
XGBoost,65,49,125.0,121.26643
XGBoost,65,50,125.0,123.37671
XGBoost,65,51,125.0,123.57202
XGBoost,65,52,125.0,123.05039
XGBoost,65,53,125.0,119.93256
XGBoost,65,54,125.0,119.16033
XGBoost,65,55,125.0,120.2553
XGBoost,65,56,125.0,120.46023
XGBoost,65,57,125.0,121.39884
XGBoost,65,58,125.0,117.61848
XGBoost,65,59,125.0,118.625946
XGBoost,65,60,125.0,122.4826
XGBoost,65,61,125.0,119.823715
XGBoost,65,62,125.0,120.58263
XGBoost,65,63,125.0,121.34857
XGBoost,65,64,125.0,116.1016
XGBoost,65,65,125.0,112.87009
XGBoost,65,66,125.0,119.54949
XGBoost,65,67,125.0,120.83885
XGBoost,65,68,125.0,122.198006
XGBoost,65,69,125.0,116.29194
XGBoost,65,70,125.0,117.89156
XGBoost,65,71,125.0,120.926735
XGBoost,66,30,125.0,107.93852
XGBoost,66,31,125.0,109.22081
XGBoost,66,32,125.0,113.42346
XGBoost,66,33,125.0,110.18932
XGBoost,66,34,125.0,112.7743
XGBoost,66,35,125.0,109.48847
XGBoost,66,36,125.0,105.801125
XGBoost,66,37,124.0,105.56923
XGBoost,66,38,123.0,95.53291
XGBoost,66,39,122.0,119.63634
XGBoost,66,40,121.0,101.992065
XGBoost,66,41,120.0,106.84668
XGBoost,66,42,119.0,109.01007
XGBoost,66,43,118.0,111.888145
XGBoost,66,44,117.0,108.54308
XGBoost,66,45,116.0,102.040054
XGBoost,66,46,115.0,110.118935
XGBoost,66,47,114.0,98.24701
XGBoost,66,48,113.0,107.67348
XGBoost,66,49,112.0,113.94311
XGBoost,66,50,111.0,108.22694
XGBoost,66,51,110.0,113.16925
XGBoost,66,52,109.0,106.73122
XGBoost,66,53,108.0,109.536064
XGBoost,66,54,107.0,103.383934
XGBoost,66,55,106.0,99.548225
XGBoost,66,56,105.0,106.46677
XGBoost,66,57,104.0,101.77294
XGBoost,66,58,103.0,101.62366
XGBoost,66,59,102.0,99.70762
XGBoost,66,60,101.0,102.137054
XGBoost,66,61,100.0,102.975464
XGBoost,66,62,99.0,103.97519
XGBoost,66,63,98.0,97.30173
XGBoost,66,64,97.0,106.01709
XGBoost,66,65,96.0,108.16995
XGBoost,66,66,95.0,103.62147
XGBoost,66,67,94.0,103.1948
XGBoost,66,68,93.0,106.53237
XGBoost,66,69,92.0,102.592804
XGBoost,66,70,91.0,96.844215
XGBoost,66,71,90.0,96.60884
XGBoost,66,72,89.0,90.900215
XGBoost,66,73,88.0,100.792175
XGBoost,66,74,87.0,95.60818
XGBoost,66,75,86.0,94.18482
XGBoost,66,76,85.0,100.937126
XGBoost,66,77,84.0,90.66803
XGBoost,66,78,83.0,99.54745
XGBoost,66,79,82.0,101.25484
XGBoost,66,80,81.0,94.62973
XGBoost,66,81,80.0,95.37454
XGBoost,66,82,79.0,91.20154
XGBoost,66,83,78.0,88.67558
XGBoost,66,84,77.0,86.29751
XGBoost,66,85,76.0,90.12835
XGBoost,66,86,75.0,86.810524
XGBoost,66,87,74.0,88.40165
XGBoost,66,88,73.0,87.31321
XGBoost,66,89,72.0,69.47233
XGBoost,66,90,71.0,68.75632
XGBoost,66,91,70.0,74.0194
XGBoost,66,92,69.0,67.6215
XGBoost,66,93,68.0,73.94486
XGBoost,66,94,67.0,65.61078
XGBoost,66,95,66.0,67.1389
XGBoost,66,96,65.0,80.45778
XGBoost,66,97,64.0,81.54549
XGBoost,66,98,63.0,87.95249
XGBoost,66,99,62.0,74.0969
XGBoost,66,100,61.0,71.123
XGBoost,66,101,60.0,67.486755
XGBoost,66,102,59.0,72.62768
XGBoost,66,103,58.0,62.06777
XGBoost,66,104,57.0,62.383236
XGBoost,66,105,56.0,62.32699
XGBoost,66,106,55.0,59.641674
XGBoost,66,107,54.0,63.48055
XGBoost,66,108,53.0,65.91294
XGBoost,66,109,52.0,62.198635
XGBoost,66,110,51.0,56.521923
XGBoost,66,111,50.0,58.45014
XGBoost,66,112,49.0,65.03243
XGBoost,66,113,48.0,64.00366
XGBoost,66,114,47.0,56.531265
XGBoost,66,115,46.0,52.308594
XGBoost,66,116,45.0,53.9069
XGBoost,66,117,44.0,53.189857
XGBoost,66,118,43.0,49.61526
XGBoost,66,119,42.0,49.09676
XGBoost,66,120,41.0,46.034504
XGBoost,66,121,40.0,48.048576
XGBoost,66,122,39.0,40.439663
XGBoost,66,123,38.0,40.687744
XGBoost,66,124,37.0,42.966118
XGBoost,66,125,36.0,40.067623
XGBoost,66,126,35.0,41.132034
XGBoost,66,127,34.0,35.214775
XGBoost,66,128,33.0,37.070793
XGBoost,66,129,32.0,38.98615
XGBoost,66,130,31.0,33.37137
XGBoost,66,131,30.0,33.266293
XGBoost,66,132,29.0,29.69894
XGBoost,66,133,28.0,30.842836
XGBoost,66,134,27.0,23.683983
XGBoost,66,135,26.0,32.93233
XGBoost,66,136,25.0,26.18083
XGBoost,66,137,24.0,24.46339
XGBoost,66,138,23.0,26.899416
XGBoost,66,139,22.0,25.188583
XGBoost,66,140,21.0,21.469147
XGBoost,66,141,20.0,25.194887
XGBoost,66,142,19.0,26.442017
XGBoost,66,143,18.0,27.334219
XGBoost,66,144,17.0,22.168303
XGBoost,66,145,16.0,27.26482
XGBoost,66,146,15.0,23.723309
XGBoost,66,147,14.0,20.633717
XGBoost,67,30,118.0,110.850945
XGBoost,67,31,117.0,111.916
XGBoost,67,32,116.0,112.39783
XGBoost,67,33,115.0,112.238945
XGBoost,67,34,114.0,113.35592
XGBoost,67,35,113.0,116.708664
XGBoost,67,36,112.0,117.452385
XGBoost,67,37,111.0,111.96557
XGBoost,67,38,110.0,98.7509
XGBoost,67,39,109.0,104.501335
XGBoost,67,40,108.0,104.85542
XGBoost,67,41,107.0,106.410164
XGBoost,67,42,106.0,107.36578
XGBoost,67,43,105.0,110.79009
XGBoost,67,44,104.0,108.14132
XGBoost,67,45,103.0,107.24933
XGBoost,67,46,102.0,103.9352
XGBoost,67,47,101.0,111.338135
XGBoost,67,48,100.0,106.80921
XGBoost,67,49,99.0,114.35536
XGBoost,67,50,98.0,110.42378
XGBoost,67,51,97.0,115.8404
XGBoost,67,52,96.0,112.52028
XGBoost,67,53,95.0,118.269875
XGBoost,67,54,94.0,119.347565
XGBoost,67,55,93.0,110.5001
XGBoost,67,56,92.0,111.734474
XGBoost,67,57,91.0,107.0338
XGBoost,67,58,90.0,111.16726
XGBoost,67,59,89.0,112.32774
XGBoost,67,60,88.0,105.03478
XGBoost,67,61,87.0,106.49557
XGBoost,67,62,86.0,104.162926
XGBoost,67,63,85.0,108.504364
XGBoost,67,64,84.0,103.53957
XGBoost,67,65,83.0,115.40325
XGBoost,67,66,82.0,121.29994
XGBoost,67,67,81.0,118.08708
XGBoost,67,68,80.0,110.00417
XGBoost,67,69,79.0,113.74357
XGBoost,67,70,78.0,112.49232
XGBoost,67,71,77.0,106.33115
XGBoost,68,30,125.0,120.273346
XGBoost,68,31,125.0,114.50973
XGBoost,68,32,125.0,115.53182
XGBoost,68,33,125.0,115.207306
XGBoost,68,34,125.0,116.72121
XGBoost,68,35,125.0,113.53196
XGBoost,68,36,125.0,110.81737
XGBoost,68,37,125.0,108.30587
XGBoost,68,38,125.0,111.3684
XGBoost,68,39,125.0,114.79264
XGBoost,68,40,125.0,116.71072
XGBoost,68,41,125.0,112.46039
XGBoost,68,42,125.0,115.5577
XGBoost,68,43,125.0,115.7902
XGBoost,68,44,125.0,115.287415
XGBoost,68,45,125.0,117.31028
XGBoost,68,46,125.0,109.52604
XGBoost,68,47,125.0,113.89988
XGBoost,68,48,125.0,116.24191
XGBoost,68,49,125.0,117.87152
XGBoost,68,50,125.0,116.45469
XGBoost,68,51,125.0,115.524956
XGBoost,68,52,125.0,118.90986
XGBoost,68,53,125.0,123.84648
XGBoost,68,54,125.0,121.54705
XGBoost,68,55,125.0,127.72447
XGBoost,68,56,125.0,123.6971
XGBoost,68,57,125.0,123.40283
XGBoost,68,58,125.0,119.321594
XGBoost,68,59,125.0,117.70736
XGBoost,68,60,125.0,111.00614
XGBoost,68,61,125.0,108.68764
XGBoost,68,62,125.0,105.28871
XGBoost,68,63,125.0,108.26362
XGBoost,68,64,125.0,104.164825
XGBoost,68,65,125.0,104.32611
XGBoost,68,66,125.0,101.59355
XGBoost,68,67,125.0,98.56516
XGBoost,68,68,125.0,103.313416
XGBoost,68,69,125.0,102.11734
XGBoost,68,70,125.0,98.306244
XGBoost,68,71,124.0,94.96659
XGBoost,68,72,123.0,96.0457
XGBoost,68,73,122.0,100.32706
XGBoost,68,74,121.0,102.65143
XGBoost,68,75,120.0,107.91482
XGBoost,68,76,119.0,107.12221
XGBoost,68,77,118.0,106.40338
XGBoost,68,78,117.0,101.50664
XGBoost,68,79,116.0,109.363365
XGBoost,68,80,115.0,109.62566
XGBoost,68,81,114.0,114.72553
XGBoost,68,82,113.0,113.36733
XGBoost,68,83,112.0,113.148544
XGBoost,68,84,111.0,110.69096
XGBoost,68,85,110.0,113.79681
XGBoost,68,86,109.0,103.58677
XGBoost,68,87,108.0,111.96555
XGBoost,68,88,107.0,109.49703
XGBoost,68,89,106.0,118.322525
XGBoost,68,90,105.0,112.0785
XGBoost,68,91,104.0,107.67941
XGBoost,68,92,103.0,111.7112
XGBoost,68,93,102.0,112.882935
XGBoost,68,94,101.0,115.64924
XGBoost,68,95,100.0,111.49929
XGBoost,68,96,99.0,113.96016
XGBoost,68,97,98.0,114.99419
XGBoost,68,98,97.0,115.730606
XGBoost,68,99,96.0,113.26163
XGBoost,68,100,95.0,105.62433
XGBoost,68,101,94.0,95.11691
XGBoost,68,102,93.0,89.38393
XGBoost,68,103,92.0,94.49973
XGBoost,68,104,91.0,99.00699
XGBoost,68,105,90.0,95.15062
XGBoost,68,106,89.0,101.89873
XGBoost,68,107,88.0,99.80752
XGBoost,68,108,87.0,94.217545
XGBoost,68,109,86.0,94.70379
XGBoost,68,110,85.0,99.6395
XGBoost,68,111,84.0,102.19421
XGBoost,68,112,83.0,97.17914
XGBoost,68,113,82.0,97.47775
XGBoost,68,114,81.0,97.25367
XGBoost,68,115,80.0,97.92038
XGBoost,68,116,79.0,98.6244
XGBoost,68,117,78.0,99.040596
XGBoost,68,118,77.0,97.43098
XGBoost,68,119,76.0,79.75157
XGBoost,68,120,75.0,75.13563
XGBoost,68,121,74.0,75.38119
XGBoost,68,122,73.0,83.70229
XGBoost,68,123,72.0,104.26923
XGBoost,68,124,71.0,79.67701
XGBoost,68,125,70.0,81.67806
XGBoost,68,126,69.0,91.89195
XGBoost,68,127,68.0,94.13933
XGBoost,68,128,67.0,92.24054
XGBoost,68,129,66.0,79.11295
XGBoost,68,130,65.0,77.45955
XGBoost,68,131,64.0,72.88325
XGBoost,68,132,63.0,65.38925
XGBoost,68,133,62.0,68.23155
XGBoost,68,134,61.0,84.26983
XGBoost,68,135,60.0,88.75505
XGBoost,68,136,59.0,81.15935
XGBoost,68,137,58.0,82.536575
XGBoost,68,138,57.0,67.73248
XGBoost,68,139,56.0,73.65881
XGBoost,68,140,55.0,76.11473
XGBoost,68,141,54.0,84.76282
XGBoost,68,142,53.0,93.26359
XGBoost,68,143,52.0,94.53005
XGBoost,68,144,51.0,82.75861
XGBoost,68,145,50.0,76.639305
XGBoost,68,146,49.0,81.051216
XGBoost,68,147,48.0,75.67214
XGBoost,68,148,47.0,61.914177
XGBoost,68,149,46.0,69.104805
XGBoost,68,150,45.0,74.27583
XGBoost,68,151,44.0,85.23508
XGBoost,68,152,43.0,78.71017
XGBoost,68,153,42.0,70.95539
XGBoost,68,154,41.0,70.22306
XGBoost,68,155,40.0,74.396965
XGBoost,68,156,39.0,61.97992
XGBoost,68,157,38.0,68.54323
XGBoost,68,158,37.0,68.190186
XGBoost,68,159,36.0,68.45446
XGBoost,68,160,35.0,60.921867
XGBoost,68,161,34.0,48.765186
XGBoost,68,162,33.0,51.257034
XGBoost,68,163,32.0,51.167282
XGBoost,68,164,31.0,37.52329
XGBoost,68,165,30.0,45.597828
XGBoost,68,166,29.0,39.585938
XGBoost,68,167,28.0,40.129574
XGBoost,68,168,27.0,38.76597
XGBoost,68,169,26.0,35.549274
XGBoost,68,170,25.0,39.932
XGBoost,68,171,24.0,29.388996
XGBoost,68,172,23.0,28.771828
XGBoost,68,173,22.0,28.326277
XGBoost,68,174,21.0,20.675468
XGBoost,68,175,20.0,15.850865
XGBoost,68,176,19.0,20.78577
XGBoost,68,177,18.0,18.123632
XGBoost,68,178,17.0,23.119442
XGBoost,68,179,16.0,27.189533
XGBoost,68,180,15.0,20.720448
XGBoost,68,181,14.0,18.385838
XGBoost,68,182,13.0,10.967226
XGBoost,68,183,12.0,12.22445
XGBoost,68,184,11.0,11.716304
XGBoost,68,185,10.0,14.863092
XGBoost,68,186,9.0,14.763002
XGBoost,68,187,8.0,16.038214
XGBoost,69,30,125.0,108.63154
XGBoost,69,31,125.0,116.61504
XGBoost,69,32,125.0,117.8345
XGBoost,69,33,125.0,118.96315
XGBoost,69,34,125.0,108.13899
XGBoost,69,35,125.0,115.134056
XGBoost,69,36,125.0,112.96523
XGBoost,69,37,125.0,112.13493
XGBoost,69,38,125.0,115.889824
XGBoost,69,39,125.0,113.53517
XGBoost,69,40,125.0,112.96275
XGBoost,69,41,125.0,117.223625
XGBoost,69,42,125.0,118.66683
XGBoost,69,43,125.0,127.78148
XGBoost,69,44,125.0,131.88184
XGBoost,69,45,125.0,125.29451
XGBoost,69,46,125.0,125.03094
XGBoost,69,47,125.0,117.87233
XGBoost,69,48,125.0,118.60212
XGBoost,69,49,125.0,123.98302
XGBoost,69,50,125.0,123.83237
XGBoost,69,51,124.0,119.987915
XGBoost,69,52,123.0,112.3803
XGBoost,69,53,122.0,114.19844
XGBoost,69,54,121.0,109.18561
XGBoost,70,30,125.0,114.67682
XGBoost,70,31,125.0,112.82478
XGBoost,70,32,125.0,113.40588
XGBoost,70,33,125.0,119.10732
XGBoost,70,34,125.0,124.709335
XGBoost,70,35,125.0,129.33923
XGBoost,70,36,125.0,133.3005
XGBoost,70,37,125.0,134.93692
XGBoost,70,38,125.0,138.69266
XGBoost,70,39,125.0,141.44185
XGBoost,70,40,125.0,129.55455
XGBoost,70,41,125.0,130.53342
XGBoost,70,42,125.0,129.4621
XGBoost,70,43,125.0,126.287315
XGBoost,70,44,125.0,129.20193
XGBoost,70,45,125.0,132.78545
XGBoost,70,46,125.0,132.64119
XGBoost,70,47,125.0,133.60211
XGBoost,70,48,125.0,123.06804
XGBoost,70,49,125.0,128.58163
XGBoost,70,50,125.0,127.38985
XGBoost,70,51,125.0,126.60208
XGBoost,70,52,125.0,127.34437
XGBoost,70,53,125.0,133.2632
XGBoost,70,54,125.0,129.36739
XGBoost,70,55,125.0,131.39105
XGBoost,70,56,125.0,125.60263
XGBoost,70,57,125.0,121.07691
XGBoost,70,58,125.0,122.67418
XGBoost,70,59,125.0,116.83047
XGBoost,70,60,125.0,112.4987
XGBoost,70,61,125.0,110.58531
XGBoost,70,62,125.0,100.25755
XGBoost,70,63,125.0,93.959
XGBoost,70,64,125.0,96.55403
XGBoost,70,65,125.0,99.68104
XGBoost,70,66,125.0,102.94987
XGBoost,70,67,125.0,112.75526
XGBoost,70,68,125.0,113.04541
XGBoost,70,69,125.0,119.586586
XGBoost,70,70,125.0,113.89278
XGBoost,70,71,125.0,119.32823
XGBoost,70,72,125.0,113.35769
XGBoost,70,73,125.0,117.789276
XGBoost,70,74,125.0,113.77241
XGBoost,70,75,125.0,103.56247
XGBoost,70,76,125.0,119.05671
XGBoost,70,77,125.0,117.68339
XGBoost,70,78,125.0,117.4021
XGBoost,70,79,125.0,104.963394
XGBoost,70,80,125.0,115.010414
XGBoost,70,81,125.0,102.11602
XGBoost,70,82,125.0,110.23135
XGBoost,70,83,125.0,118.74853
XGBoost,70,84,125.0,115.60665
XGBoost,70,85,125.0,107.38251
XGBoost,70,86,125.0,107.30319
XGBoost,70,87,125.0,113.46185
XGBoost,70,88,125.0,121.81931
XGBoost,70,89,125.0,114.79294
XGBoost,70,90,125.0,116.982574
XGBoost,70,91,125.0,116.44782
XGBoost,70,92,125.0,115.83778
XGBoost,70,93,125.0,116.40415
XGBoost,70,94,125.0,112.54398
XGBoost,70,95,125.0,110.21512
XGBoost,70,96,125.0,108.40845
XGBoost,70,97,125.0,113.43517
XGBoost,70,98,125.0,106.87069
XGBoost,70,99,125.0,119.36649
XGBoost,70,100,125.0,113.50051
XGBoost,70,101,125.0,116.06498
XGBoost,70,102,125.0,118.21529
XGBoost,70,103,125.0,126.736435
XGBoost,70,104,125.0,116.74465
XGBoost,70,105,125.0,117.23481
XGBoost,70,106,125.0,120.352844
XGBoost,70,107,125.0,121.395546
XGBoost,70,108,125.0,118.99029
XGBoost,70,109,125.0,109.68195
XGBoost,70,110,125.0,94.860374
XGBoost,70,111,125.0,96.855064
XGBoost,70,112,125.0,106.29965
XGBoost,70,113,125.0,110.47839
XGBoost,70,114,125.0,110.32272
XGBoost,70,115,125.0,111.9869
XGBoost,70,116,125.0,107.723595
XGBoost,70,117,125.0,112.07593
XGBoost,70,118,125.0,113.05516
XGBoost,70,119,125.0,115.36689
XGBoost,70,120,125.0,109.37131
XGBoost,70,121,125.0,108.73599
XGBoost,70,122,124.0,104.05631
XGBoost,70,123,123.0,110.08758
XGBoost,70,124,122.0,106.58702
XGBoost,70,125,121.0,106.440216
XGBoost,70,126,120.0,103.80326
XGBoost,70,127,119.0,104.73547
XGBoost,70,128,118.0,102.305305
XGBoost,70,129,117.0,110.500175
XGBoost,70,130,116.0,110.32948
XGBoost,70,131,115.0,98.40231
XGBoost,70,132,114.0,106.9555
XGBoost,70,133,113.0,115.45378
XGBoost,70,134,112.0,110.02659
XGBoost,70,135,111.0,113.473595
XGBoost,70,136,110.0,116.53592
XGBoost,70,137,109.0,118.09507
XGBoost,70,138,108.0,116.40314
XGBoost,70,139,107.0,110.02624
XGBoost,70,140,106.0,105.193924
XGBoost,70,141,105.0,99.23029
XGBoost,70,142,104.0,85.22545
XGBoost,70,143,103.0,95.255325
XGBoost,70,144,102.0,83.685616
XGBoost,70,145,101.0,96.74219
XGBoost,70,146,100.0,96.107185
XGBoost,70,147,99.0,97.75976
XGBoost,70,148,98.0,104.77779
XGBoost,70,149,97.0,108.3191
XGBoost,70,150,96.0,109.80067
XGBoost,70,151,95.0,110.493904
XGBoost,70,152,94.0,104.18996
XGBoost,71,30,125.0,112.03793
XGBoost,71,31,125.0,113.86333
XGBoost,71,32,125.0,111.2431
XGBoost,71,33,125.0,112.68127
XGBoost,71,34,125.0,109.1483
XGBoost,71,35,125.0,112.136856
XGBoost,71,36,125.0,113.30076
XGBoost,71,37,125.0,112.01492
XGBoost,71,38,125.0,110.75215
XGBoost,71,39,125.0,110.36445
XGBoost,71,40,125.0,113.46256
XGBoost,71,41,125.0,116.567345
XGBoost,71,42,125.0,120.53097
XGBoost,71,43,125.0,116.94687
XGBoost,71,44,125.0,113.34119
XGBoost,71,45,125.0,118.84855
XGBoost,71,46,125.0,117.32834
XGBoost,71,47,125.0,119.8551
XGBoost,71,48,125.0,120.66502
XGBoost,71,49,125.0,112.384254
XGBoost,71,50,125.0,111.87681
XGBoost,71,51,125.0,117.21369
XGBoost,71,52,125.0,110.454796
XGBoost,71,53,125.0,105.1411
XGBoost,71,54,125.0,106.62162
XGBoost,71,55,125.0,106.16418
XGBoost,71,56,125.0,114.05004
XGBoost,71,57,125.0,113.24728
XGBoost,71,58,125.0,117.33013
XGBoost,71,59,125.0,117.21322
XGBoost,71,60,125.0,105.05145
XGBoost,71,61,125.0,114.84742
XGBoost,71,62,124.0,110.183655
XGBoost,71,63,123.0,102.61796
XGBoost,71,64,122.0,105.25806
XGBoost,71,65,121.0,105.00015
XGBoost,71,66,120.0,109.60411
XGBoost,71,67,119.0,105.83826
XGBoost,71,68,118.0,106.82063
XGBoost,72,30,125.0,113.19529
XGBoost,72,31,125.0,114.43243
XGBoost,72,32,125.0,114.20752
XGBoost,72,33,125.0,111.89559
XGBoost,72,34,125.0,115.12757
XGBoost,72,35,125.0,114.92071
XGBoost,72,36,125.0,114.24597
XGBoost,72,37,125.0,103.12477
XGBoost,72,38,125.0,108.66732
XGBoost,72,39,125.0,111.996315
XGBoost,72,40,125.0,111.34408
XGBoost,72,41,125.0,115.89538
XGBoost,72,42,125.0,112.73503
XGBoost,72,43,125.0,116.666916
XGBoost,72,44,125.0,108.752846
XGBoost,72,45,125.0,108.77428
XGBoost,72,46,125.0,112.28419
XGBoost,72,47,125.0,117.32133
XGBoost,72,48,125.0,116.76172
XGBoost,72,49,125.0,117.23209
XGBoost,72,50,125.0,119.66992
XGBoost,72,51,125.0,119.89861
XGBoost,72,52,125.0,109.73685
XGBoost,72,53,125.0,114.51816
XGBoost,72,54,125.0,104.22759
XGBoost,72,55,125.0,109.833275
XGBoost,72,56,125.0,106.41206
XGBoost,72,57,124.0,101.71457
XGBoost,72,58,123.0,108.459175
XGBoost,72,59,122.0,108.356
XGBoost,72,60,121.0,114.83197
XGBoost,72,61,120.0,107.63218
XGBoost,72,62,119.0,106.33908
XGBoost,72,63,118.0,110.45443
XGBoost,72,64,117.0,113.22184
XGBoost,72,65,116.0,107.16009
XGBoost,72,66,115.0,106.11142
XGBoost,72,67,114.0,108.08929
XGBoost,72,68,113.0,106.95066
XGBoost,72,69,112.0,106.27079
XGBoost,72,70,111.0,111.374954
XGBoost,72,71,110.0,111.37685
XGBoost,72,72,109.0,112.11525
XGBoost,72,73,108.0,111.50366
XGBoost,72,74,107.0,107.12225
XGBoost,72,75,106.0,99.23338
XGBoost,72,76,105.0,103.59001
XGBoost,72,77,104.0,108.0366
XGBoost,72,78,103.0,109.477066
XGBoost,72,79,102.0,106.041695
XGBoost,72,80,101.0,114.43952
XGBoost,72,81,100.0,116.0292
XGBoost,72,82,99.0,115.443756
XGBoost,72,83,98.0,114.74903
XGBoost,72,84,97.0,111.766556
XGBoost,72,85,96.0,116.81946
XGBoost,72,86,95.0,107.10426
XGBoost,72,87,94.0,108.21092
XGBoost,72,88,93.0,106.02944
XGBoost,72,89,92.0,107.18395
XGBoost,72,90,91.0,104.28654
XGBoost,72,91,90.0,97.59874
XGBoost,72,92,89.0,99.88293
XGBoost,72,93,88.0,97.44613
XGBoost,72,94,87.0,105.50484
XGBoost,72,95,86.0,109.73593
XGBoost,72,96,85.0,110.93104
XGBoost,72,97,84.0,106.76036
XGBoost,72,98,83.0,105.80992
XGBoost,72,99,82.0,107.838844
XGBoost,72,100,81.0,92.011
XGBoost,72,101,80.0,96.67895
XGBoost,72,102,79.0,97.65521
XGBoost,72,103,78.0,104.28596
XGBoost,72,104,77.0,94.91215
XGBoost,72,105,76.0,91.33945
XGBoost,72,106,75.0,93.82657
XGBoost,72,107,74.0,86.1086
XGBoost,72,108,73.0,93.75489
XGBoost,72,109,72.0,98.51021
XGBoost,72,110,71.0,103.70606
XGBoost,72,111,70.0,101.55932
XGBoost,72,112,69.0,98.175865
XGBoost,72,113,68.0,94.609474
XGBoost,72,114,67.0,96.626205
XGBoost,72,115,66.0,101.93896
XGBoost,72,116,65.0,100.15236
XGBoost,72,117,64.0,90.40028
XGBoost,72,118,63.0,91.23441
XGBoost,72,119,62.0,88.98526
XGBoost,72,120,61.0,89.94891
XGBoost,72,121,60.0,90.50978
XGBoost,72,122,59.0,85.95942
XGBoost,72,123,58.0,93.65739
XGBoost,72,124,57.0,91.023476
XGBoost,72,125,56.0,88.21312
XGBoost,72,126,55.0,87.99555
XGBoost,72,127,54.0,86.73018
XGBoost,72,128,53.0,85.232315
XGBoost,72,129,52.0,82.31184
XGBoost,72,130,51.0,78.59307
XGBoost,72,131,50.0,73.50112
XGBoost,73,30,125.0,120.72476
XGBoost,73,31,125.0,122.54204
XGBoost,73,32,125.0,126.6868
XGBoost,73,33,125.0,123.93671
XGBoost,73,34,125.0,126.08178
XGBoost,73,35,125.0,127.38844
XGBoost,73,36,125.0,123.74928
XGBoost,73,37,125.0,126.45559
XGBoost,73,38,125.0,126.44238
XGBoost,73,39,125.0,127.84631
XGBoost,73,40,125.0,125.6604
XGBoost,73,41,125.0,122.33358
XGBoost,73,42,125.0,124.45115
XGBoost,73,43,125.0,123.42702
XGBoost,73,44,125.0,123.29181
XGBoost,73,45,125.0,124.41986
XGBoost,73,46,125.0,126.41866
XGBoost,73,47,125.0,120.420616
XGBoost,73,48,125.0,121.04969
XGBoost,73,49,125.0,123.8146
XGBoost,73,50,125.0,120.027214
XGBoost,73,51,125.0,116.08128
XGBoost,73,52,125.0,120.765526
XGBoost,73,53,125.0,125.13722
XGBoost,73,54,125.0,123.568794
XGBoost,73,55,125.0,118.757515
XGBoost,73,56,125.0,120.54652
XGBoost,73,57,125.0,120.27742
XGBoost,73,58,125.0,116.63205
XGBoost,73,59,125.0,119.772736
XGBoost,73,60,125.0,119.50286
XGBoost,73,61,125.0,116.28574
XGBoost,73,62,125.0,119.17689
XGBoost,73,63,125.0,118.40574
XGBoost,73,64,125.0,117.26031
XGBoost,73,65,125.0,115.44263
XGBoost,73,66,125.0,115.14178
XGBoost,73,67,125.0,117.97028
XGBoost,73,68,125.0,121.20754
XGBoost,73,69,125.0,119.1159
XGBoost,73,70,125.0,120.6048
XGBoost,73,71,125.0,122.65001
XGBoost,73,72,125.0,123.86442
XGBoost,73,73,125.0,125.977036
XGBoost,73,74,125.0,123.75206
XGBoost,73,75,125.0,127.251274
XGBoost,73,76,125.0,124.94213
XGBoost,73,77,125.0,119.13858
XGBoost,73,78,125.0,120.03487
XGBoost,73,79,125.0,120.56411
XGBoost,73,80,125.0,114.686195
XGBoost,73,81,125.0,117.73347
XGBoost,73,82,125.0,116.50538
XGBoost,73,83,125.0,121.44258
XGBoost,73,84,125.0,121.46358
XGBoost,73,85,125.0,118.62697
XGBoost,73,86,125.0,123.77265
XGBoost,73,87,125.0,119.59542
XGBoost,73,88,125.0,121.13698
XGBoost,73,89,125.0,118.530815
XGBoost,73,90,125.0,115.303566
XGBoost,73,91,125.0,118.48424
XGBoost,73,92,125.0,115.27013
XGBoost,73,93,125.0,114.99692
XGBoost,73,94,125.0,115.85941
XGBoost,73,95,125.0,111.293915
XGBoost,73,96,125.0,108.14245
XGBoost,73,97,125.0,110.41478
XGBoost,73,98,125.0,98.680214
XGBoost,73,99,125.0,93.47784
XGBoost,73,100,125.0,98.22656
XGBoost,73,101,125.0,99.2074
XGBoost,73,102,125.0,109.868454
XGBoost,73,103,125.0,114.27223
XGBoost,73,104,125.0,115.16931
XGBoost,73,105,125.0,119.116776
XGBoost,73,106,125.0,116.72447
XGBoost,73,107,125.0,111.400566
XGBoost,73,108,125.0,107.09153
XGBoost,73,109,125.0,108.16187
XGBoost,73,110,125.0,106.01075
XGBoost,73,111,125.0,105.65354
XGBoost,73,112,125.0,100.47412
XGBoost,74,30,125.0,113.4405
XGBoost,74,31,125.0,104.60961
XGBoost,74,32,125.0,98.5252
XGBoost,74,33,125.0,111.68339
XGBoost,74,34,125.0,107.73713
XGBoost,74,35,125.0,109.83894
XGBoost,74,36,125.0,111.75936
XGBoost,74,37,125.0,113.11406
XGBoost,74,38,125.0,113.5479
XGBoost,74,39,125.0,110.188194
XGBoost,74,40,125.0,118.7329
XGBoost,74,41,125.0,114.40274
XGBoost,74,42,125.0,118.14294
XGBoost,74,43,125.0,124.659676
XGBoost,74,44,125.0,122.39255
XGBoost,74,45,125.0,116.859886
XGBoost,74,46,125.0,120.32116
XGBoost,74,47,125.0,120.43291
XGBoost,74,48,125.0,118.17106
XGBoost,74,49,125.0,111.72515
XGBoost,74,50,125.0,111.890785
XGBoost,74,51,125.0,111.82931
XGBoost,74,52,125.0,108.02873
XGBoost,74,53,125.0,112.80828
XGBoost,74,54,125.0,118.07421
XGBoost,74,55,125.0,114.83046
XGBoost,74,56,125.0,115.67313
XGBoost,74,57,125.0,116.940155
XGBoost,74,58,125.0,107.689896
XGBoost,74,59,125.0,111.80913
XGBoost,74,60,125.0,120.332634
XGBoost,74,61,125.0,111.679405
XGBoost,74,62,125.0,106.46429
XGBoost,74,63,125.0,105.13243
XGBoost,74,64,125.0,110.67658
XGBoost,74,65,125.0,116.226654
XGBoost,74,66,125.0,115.69208
XGBoost,74,67,125.0,119.99854
XGBoost,74,68,125.0,115.846855
XGBoost,74,69,125.0,108.26745
XGBoost,74,70,125.0,105.88069
XGBoost,74,71,125.0,101.17168
XGBoost,74,72,125.0,112.75354
XGBoost,74,73,125.0,108.36159
XGBoost,74,74,125.0,116.777145
XGBoost,74,75,125.0,114.81448
XGBoost,74,76,125.0,120.882904
XGBoost,74,77,125.0,121.26835
XGBoost,74,78,125.0,121.189476
XGBoost,74,79,125.0,113.74679
XGBoost,74,80,125.0,114.8322
XGBoost,74,81,125.0,115.56291
XGBoost,74,82,125.0,114.58615
XGBoost,74,83,125.0,112.91119
XGBoost,74,84,125.0,115.17132
XGBoost,74,85,125.0,103.72166
XGBoost,74,86,125.0,102.668
XGBoost,74,87,125.0,110.07974
XGBoost,74,88,125.0,113.35435
XGBoost,74,89,125.0,109.02488
XGBoost,74,90,125.0,105.07373
XGBoost,74,91,125.0,101.54636
XGBoost,74,92,125.0,94.89641
XGBoost,74,93,125.0,89.98592
XGBoost,74,94,125.0,92.62419
XGBoost,74,95,125.0,96.925224
XGBoost,74,96,125.0,96.90992
XGBoost,74,97,125.0,98.83322
XGBoost,74,98,125.0,91.38338
XGBoost,74,99,125.0,99.52813
XGBoost,74,100,125.0,98.72864
XGBoost,74,101,125.0,106.8906
XGBoost,74,102,125.0,104.73509
XGBoost,74,103,125.0,103.42245
XGBoost,74,104,125.0,109.43771
XGBoost,74,105,125.0,104.69517
XGBoost,74,106,125.0,114.84078
XGBoost,74,107,125.0,106.41406
XGBoost,74,108,125.0,104.78649
XGBoost,74,109,125.0,106.02772
XGBoost,74,110,125.0,107.230705
XGBoost,74,111,125.0,112.53847
XGBoost,74,112,125.0,96.35969
XGBoost,74,113,125.0,101.57506
XGBoost,74,114,125.0,109.96456
XGBoost,74,115,125.0,100.188126
XGBoost,74,116,125.0,105.91727
XGBoost,74,117,125.0,99.96516
XGBoost,74,118,125.0,107.00426
XGBoost,74,119,125.0,113.52356
XGBoost,74,120,125.0,118.549995
XGBoost,74,121,125.0,109.76494
XGBoost,74,122,125.0,111.175224
XGBoost,74,123,125.0,105.152565
XGBoost,74,124,125.0,105.89786
XGBoost,74,125,125.0,105.45458
XGBoost,74,126,125.0,106.854385
XGBoost,74,127,125.0,100.201866
XGBoost,74,128,125.0,108.17974
XGBoost,74,129,125.0,115.15955
XGBoost,74,130,125.0,113.14901
XGBoost,74,131,125.0,120.060295
XGBoost,74,132,125.0,115.42916
XGBoost,74,133,125.0,115.71075
XGBoost,74,134,125.0,104.42603
XGBoost,74,135,125.0,109.97313
XGBoost,74,136,125.0,111.049866
XGBoost,74,137,125.0,105.648
XGBoost,75,30,125.0,104.65164
XGBoost,75,31,125.0,99.62602
XGBoost,75,32,125.0,100.641266
XGBoost,75,33,125.0,103.37711
XGBoost,75,34,125.0,104.884544
XGBoost,75,35,125.0,105.32324
XGBoost,75,36,125.0,109.77312
XGBoost,75,37,125.0,111.07418
XGBoost,75,38,125.0,113.0038
XGBoost,75,39,125.0,117.69321
XGBoost,75,40,125.0,111.63044
XGBoost,75,41,125.0,116.03222
XGBoost,75,42,125.0,109.810715
XGBoost,75,43,125.0,113.551186
XGBoost,75,44,125.0,112.00666
XGBoost,75,45,125.0,113.11083
XGBoost,75,46,125.0,117.573784
XGBoost,75,47,125.0,115.77191
XGBoost,75,48,125.0,114.316536
XGBoost,75,49,125.0,99.465614
XGBoost,75,50,125.0,104.09381
XGBoost,75,51,125.0,109.650986
XGBoost,75,52,125.0,109.96085
XGBoost,75,53,125.0,109.99113
XGBoost,75,54,125.0,108.90749
XGBoost,75,55,125.0,106.61538
XGBoost,75,56,125.0,110.586075
XGBoost,75,57,125.0,112.5221
XGBoost,75,58,125.0,112.56541
XGBoost,75,59,125.0,109.31623
XGBoost,75,60,125.0,117.27747
XGBoost,75,61,125.0,108.522224
XGBoost,75,62,125.0,108.65671
XGBoost,75,63,125.0,113.72114
XGBoost,75,64,125.0,108.853226
XGBoost,75,65,125.0,108.48103
XGBoost,75,66,125.0,110.06162
XGBoost,75,67,125.0,113.640526
XGBoost,75,68,125.0,117.56425
XGBoost,75,69,125.0,119.678154
XGBoost,75,70,125.0,113.30192
XGBoost,75,71,125.0,113.99904
XGBoost,75,72,125.0,111.519264
XGBoost,75,73,125.0,108.89876
XGBoost,75,74,125.0,109.73832
XGBoost,75,75,125.0,94.295654
XGBoost,75,76,125.0,103.14202
XGBoost,75,77,124.0,110.40643
XGBoost,75,78,123.0,99.51181
XGBoost,75,79,122.0,102.89979
XGBoost,75,80,121.0,99.65667
XGBoost,75,81,120.0,110.40229
XGBoost,75,82,119.0,110.548874
XGBoost,75,83,118.0,114.0994
XGBoost,75,84,117.0,107.859024
XGBoost,75,85,116.0,107.7927
XGBoost,75,86,115.0,103.00405
XGBoost,75,87,114.0,99.93546
XGBoost,75,88,113.0,101.68366
XGBoost,76,30,125.0,120.915955
XGBoost,76,31,125.0,121.72854
XGBoost,76,32,125.0,123.303986
XGBoost,76,33,125.0,121.42253
XGBoost,76,34,125.0,123.54583
XGBoost,76,35,125.0,122.67392
XGBoost,76,36,125.0,123.419205
XGBoost,76,37,125.0,123.991745
XGBoost,76,38,125.0,126.155785
XGBoost,76,39,125.0,121.596405
XGBoost,76,40,125.0,122.65951
XGBoost,76,41,125.0,125.62613
XGBoost,76,42,125.0,126.06633
XGBoost,76,43,125.0,123.293976
XGBoost,76,44,125.0,123.062965
XGBoost,76,45,125.0,121.32134
XGBoost,76,46,125.0,114.25942
XGBoost,76,47,125.0,115.34071
XGBoost,76,48,125.0,113.492455
XGBoost,76,49,125.0,115.108406
XGBoost,76,50,125.0,115.216354
XGBoost,76,51,125.0,119.82655
XGBoost,76,52,125.0,120.991974
XGBoost,76,53,125.0,120.096825
XGBoost,76,54,125.0,122.79646
XGBoost,76,55,125.0,123.088104
XGBoost,76,56,125.0,123.294464
XGBoost,76,57,125.0,126.26621
XGBoost,76,58,125.0,124.408295
XGBoost,76,59,125.0,123.985344
XGBoost,76,60,125.0,121.470146
XGBoost,76,61,125.0,121.32372
XGBoost,76,62,125.0,120.463745
XGBoost,76,63,125.0,122.19385
XGBoost,76,64,125.0,118.371185
XGBoost,76,65,125.0,115.32554
XGBoost,76,66,125.0,118.65807
XGBoost,76,67,125.0,119.56188
XGBoost,76,68,125.0,114.570755
XGBoost,76,69,125.0,115.40491
XGBoost,76,70,125.0,114.22077
XGBoost,76,71,125.0,108.90417
XGBoost,76,72,125.0,108.49162
XGBoost,76,73,125.0,108.15926
XGBoost,76,74,125.0,117.29131
XGBoost,76,75,125.0,113.104866
XGBoost,76,76,125.0,114.27162
XGBoost,76,77,125.0,114.32397
XGBoost,76,78,125.0,107.369
XGBoost,76,79,125.0,110.25732
XGBoost,76,80,125.0,110.31068
XGBoost,76,81,125.0,107.2907
XGBoost,76,82,125.0,111.31318
XGBoost,76,83,125.0,109.229034
XGBoost,76,84,125.0,114.86457
XGBoost,76,85,125.0,110.84914
XGBoost,76,86,125.0,112.502075
XGBoost,76,87,125.0,112.522095
XGBoost,76,88,125.0,112.21244
XGBoost,76,89,125.0,114.892876
XGBoost,76,90,125.0,111.893814
XGBoost,76,91,124.0,114.86501
XGBoost,76,92,123.0,106.6288
XGBoost,76,93,122.0,114.89002
XGBoost,76,94,121.0,118.397934
XGBoost,76,95,120.0,114.377174
XGBoost,76,96,119.0,116.62493
XGBoost,76,97,118.0,112.697815
XGBoost,76,98,117.0,118.6973
XGBoost,76,99,116.0,113.451836
XGBoost,76,100,115.0,111.15935
XGBoost,76,101,114.0,112.19311
XGBoost,76,102,113.0,111.30568
XGBoost,76,103,112.0,111.71692
XGBoost,76,104,111.0,112.51734
XGBoost,76,105,110.0,110.3729
XGBoost,76,106,109.0,111.20423
XGBoost,76,107,108.0,108.501854
XGBoost,76,108,107.0,106.74789
XGBoost,76,109,106.0,105.83311
XGBoost,76,110,105.0,106.219185
XGBoost,76,111,104.0,109.5998
XGBoost,76,112,103.0,107.52577
XGBoost,76,113,102.0,105.1123
XGBoost,76,114,101.0,110.35869
XGBoost,76,115,100.0,107.19244
XGBoost,76,116,99.0,110.6744
XGBoost,76,117,98.0,104.93869
XGBoost,76,118,97.0,96.971695
XGBoost,76,119,96.0,101.117935
XGBoost,76,120,95.0,103.71338
XGBoost,76,121,94.0,102.055214
XGBoost,76,122,93.0,103.00511
XGBoost,76,123,92.0,97.894936
XGBoost,76,124,91.0,101.939476
XGBoost,76,125,90.0,93.593575
XGBoost,76,126,89.0,92.75222
XGBoost,76,127,88.0,102.22132
XGBoost,76,128,87.0,96.91597
XGBoost,76,129,86.0,94.5953
XGBoost,76,130,85.0,94.86577
XGBoost,76,131,84.0,81.374275
XGBoost,76,132,83.0,79.37106
XGBoost,76,133,82.0,88.99857
XGBoost,76,134,81.0,78.48137
XGBoost,76,135,80.0,87.8386
XGBoost,76,136,79.0,79.45125
XGBoost,76,137,78.0,90.82558
XGBoost,76,138,77.0,92.85418
XGBoost,76,139,76.0,89.74494
XGBoost,76,140,75.0,83.58428
XGBoost,76,141,74.0,90.90919
XGBoost,76,142,73.0,85.53538
XGBoost,76,143,72.0,82.223465
XGBoost,76,144,71.0,85.70999
XGBoost,76,145,70.0,78.298355
XGBoost,76,146,69.0,83.94571
XGBoost,76,147,68.0,81.15977
XGBoost,76,148,67.0,81.97479
XGBoost,76,149,66.0,84.18779
XGBoost,76,150,65.0,84.694984
XGBoost,76,151,64.0,81.47187
XGBoost,76,152,63.0,77.05965
XGBoost,76,153,62.0,70.205124
XGBoost,76,154,61.0,73.4599
XGBoost,76,155,60.0,73.34719
XGBoost,76,156,59.0,78.769135
XGBoost,76,157,58.0,78.56491
XGBoost,76,158,57.0,72.41933
XGBoost,76,159,56.0,70.30883
XGBoost,76,160,55.0,64.32186
XGBoost,76,161,54.0,61.376648
XGBoost,76,162,53.0,54.62173
XGBoost,76,163,52.0,60.011684
XGBoost,76,164,51.0,54.78077
XGBoost,76,165,50.0,58.286617
XGBoost,76,166,49.0,45.612617
XGBoost,76,167,48.0,42.730927
XGBoost,76,168,47.0,38.144775
XGBoost,76,169,46.0,41.793602
XGBoost,76,170,45.0,40.06819
XGBoost,76,171,44.0,42.860104
XGBoost,76,172,43.0,32.894733
XGBoost,76,173,42.0,30.295553
XGBoost,76,174,41.0,35.785107
XGBoost,76,175,40.0,44.297108
XGBoost,76,176,39.0,42.668827
XGBoost,76,177,38.0,38.1205
XGBoost,76,178,37.0,29.75554
XGBoost,76,179,36.0,30.620176
XGBoost,76,180,35.0,31.883045
XGBoost,76,181,34.0,33.818737
XGBoost,76,182,33.0,36.090893
XGBoost,76,183,32.0,36.015423
XGBoost,76,184,31.0,34.31247
XGBoost,76,185,30.0,33.64279
XGBoost,76,186,29.0,33.929058
XGBoost,76,187,28.0,29.980152
XGBoost,76,188,27.0,29.340223
XGBoost,76,189,26.0,24.979553
XGBoost,76,190,25.0,29.97269
XGBoost,76,191,24.0,28.52438
XGBoost,76,192,23.0,30.813583
XGBoost,76,193,22.0,24.614857
XGBoost,76,194,21.0,21.940552
XGBoost,76,195,20.0,20.256084
XGBoost,76,196,19.0,23.601843
XGBoost,76,197,18.0,25.002386
XGBoost,76,198,17.0,21.91848
XGBoost,76,199,16.0,19.450932
XGBoost,76,200,15.0,17.590775
XGBoost,76,201,14.0,14.181619
XGBoost,76,202,13.0,14.123283
XGBoost,76,203,12.0,11.473967
XGBoost,76,204,11.0,7.0047626
XGBoost,76,205,10.0,8.322813
XGBoost,77,30,125.0,119.44018
XGBoost,77,31,125.0,121.5856
XGBoost,77,32,125.0,117.146774
XGBoost,77,33,125.0,109.93149
XGBoost,77,34,125.0,112.453674
XGBoost,77,35,125.0,104.61205
XGBoost,77,36,125.0,113.02467
XGBoost,77,37,125.0,117.52878
XGBoost,77,38,125.0,108.859924
XGBoost,77,39,125.0,115.85456
XGBoost,77,40,125.0,118.961586
XGBoost,77,41,125.0,121.36332
XGBoost,77,42,125.0,124.06882
XGBoost,77,43,125.0,118.501724
XGBoost,77,44,125.0,122.559425
XGBoost,77,45,125.0,118.6384
XGBoost,77,46,125.0,112.74845
XGBoost,77,47,125.0,117.33734
XGBoost,77,48,125.0,118.73156
XGBoost,77,49,125.0,116.09414
XGBoost,77,50,125.0,113.109116
XGBoost,77,51,125.0,109.957825
XGBoost,77,52,125.0,113.885056
XGBoost,77,53,125.0,115.29533
XGBoost,77,54,125.0,120.359535
XGBoost,77,55,125.0,124.03369
XGBoost,77,56,125.0,124.23834
XGBoost,77,57,125.0,122.17281
XGBoost,77,58,125.0,121.40202
XGBoost,77,59,125.0,122.14259
XGBoost,77,60,125.0,121.2159
XGBoost,77,61,125.0,125.46346
XGBoost,77,62,125.0,111.98969
XGBoost,77,63,125.0,113.73
XGBoost,77,64,125.0,112.90404
XGBoost,77,65,125.0,104.52703
XGBoost,77,66,125.0,113.46727
XGBoost,77,67,125.0,112.47369
XGBoost,77,68,125.0,115.85007
XGBoost,77,69,125.0,118.09824
XGBoost,77,70,125.0,113.00927
XGBoost,77,71,125.0,116.878265
XGBoost,77,72,124.0,116.61012
XGBoost,77,73,123.0,118.68029
XGBoost,77,74,122.0,117.36208
XGBoost,77,75,121.0,117.83552
XGBoost,77,76,120.0,110.70565
XGBoost,77,77,119.0,103.28442
XGBoost,77,78,118.0,108.63045
XGBoost,77,79,117.0,103.75059
XGBoost,77,80,116.0,94.12853
XGBoost,77,81,115.0,91.86422
XGBoost,77,82,114.0,101.35591
XGBoost,77,83,113.0,99.158455
XGBoost,77,84,112.0,98.88755
XGBoost,77,85,111.0,105.96868
XGBoost,77,86,110.0,107.41061
XGBoost,77,87,109.0,110.1143
XGBoost,77,88,108.0,114.72783
XGBoost,77,89,107.0,112.21448
XGBoost,77,90,106.0,111.065636
XGBoost,77,91,105.0,114.855255
XGBoost,77,92,104.0,117.36874
XGBoost,77,93,103.0,116.580505
XGBoost,77,94,102.0,114.688034
XGBoost,77,95,101.0,113.38382
XGBoost,77,96,100.0,115.35092
XGBoost,77,97,99.0,119.687325
XGBoost,77,98,98.0,118.656425
XGBoost,77,99,97.0,123.13593
XGBoost,77,100,96.0,116.55963
XGBoost,77,101,95.0,114.98909
XGBoost,77,102,94.0,121.1319
XGBoost,77,103,93.0,117.00077
XGBoost,77,104,92.0,118.25599
XGBoost,77,105,91.0,120.479
XGBoost,77,106,90.0,118.32022
XGBoost,77,107,89.0,120.28118
XGBoost,77,108,88.0,124.198364
XGBoost,77,109,87.0,122.406364
XGBoost,77,110,86.0,105.16071
XGBoost,77,111,85.0,98.47348
XGBoost,77,112,84.0,90.81819
XGBoost,77,113,83.0,101.10547
XGBoost,77,114,82.0,101.101585
XGBoost,77,115,81.0,94.01849
XGBoost,77,116,80.0,84.956406
XGBoost,77,117,79.0,89.97519
XGBoost,77,118,78.0,83.7058
XGBoost,77,119,77.0,88.78278
XGBoost,77,120,76.0,73.74315
XGBoost,77,121,75.0,83.92417
XGBoost,77,122,74.0,86.1362
XGBoost,77,123,73.0,72.06147
XGBoost,77,124,72.0,84.14119
XGBoost,77,125,71.0,80.16895
XGBoost,77,126,70.0,84.306564
XGBoost,77,127,69.0,86.82493
XGBoost,77,128,68.0,82.13704
XGBoost,77,129,67.0,92.239365
XGBoost,77,130,66.0,79.43648
XGBoost,77,131,65.0,90.754845
XGBoost,77,132,64.0,84.5304
XGBoost,77,133,63.0,80.89541
XGBoost,77,134,62.0,80.68153
XGBoost,77,135,61.0,81.07438
XGBoost,77,136,60.0,77.32388
XGBoost,77,137,59.0,84.59963
XGBoost,77,138,58.0,89.911194
XGBoost,77,139,57.0,104.028336
XGBoost,77,140,56.0,96.184715
XGBoost,77,141,55.0,95.92665
XGBoost,77,142,54.0,88.97081
XGBoost,77,143,53.0,88.94772
XGBoost,77,144,52.0,95.258354
XGBoost,77,145,51.0,81.35155
XGBoost,77,146,50.0,81.22864
XGBoost,77,147,49.0,76.09492
XGBoost,77,148,48.0,55.83138
XGBoost,77,149,47.0,70.69319
XGBoost,77,150,46.0,58.361866
XGBoost,77,151,45.0,60.06422
XGBoost,77,152,44.0,58.922394
XGBoost,77,153,43.0,62.21784
XGBoost,77,154,42.0,57.984127
XGBoost,77,155,41.0,53.8591
XGBoost,77,156,40.0,51.659416
XGBoost,77,157,39.0,52.179207
XGBoost,77,158,38.0,54.04438
XGBoost,77,159,37.0,50.60917
XGBoost,77,160,36.0,41.0207
XGBoost,77,161,35.0,46.349564
XGBoost,77,162,34.0,33.443123
XGBoost,78,30,125.0,126.07326
XGBoost,78,31,125.0,125.134735
XGBoost,78,32,125.0,123.71951
XGBoost,78,33,125.0,123.499016
XGBoost,78,34,125.0,124.04458
XGBoost,78,35,125.0,124.1541
XGBoost,78,36,125.0,123.6918
XGBoost,78,37,125.0,124.30454
XGBoost,78,38,125.0,123.442345
XGBoost,78,39,125.0,122.47799
XGBoost,78,40,125.0,121.20417
XGBoost,78,41,125.0,118.92141
XGBoost,78,42,125.0,120.29104
XGBoost,78,43,125.0,120.93325
XGBoost,78,44,125.0,117.58558
XGBoost,78,45,125.0,120.44379
XGBoost,78,46,125.0,120.229355
XGBoost,78,47,125.0,121.48326
XGBoost,78,48,125.0,121.10654
XGBoost,78,49,125.0,119.75472
XGBoost,78,50,125.0,122.98683
XGBoost,78,51,125.0,123.49818
XGBoost,78,52,125.0,124.81131
XGBoost,78,53,125.0,119.68605
XGBoost,78,54,125.0,120.576836
XGBoost,78,55,124.0,120.95693
XGBoost,78,56,123.0,120.77451
XGBoost,78,57,122.0,121.31572
XGBoost,78,58,121.0,121.95814
XGBoost,78,59,120.0,123.296036
XGBoost,78,60,119.0,121.62165
XGBoost,78,61,118.0,123.58521
XGBoost,78,62,117.0,123.96242
XGBoost,78,63,116.0,124.50177
XGBoost,78,64,115.0,123.0547
XGBoost,78,65,114.0,125.304535
XGBoost,78,66,113.0,123.949905
XGBoost,78,67,112.0,125.64421
XGBoost,78,68,111.0,126.030396
XGBoost,78,69,110.0,126.17992
XGBoost,78,70,109.0,124.17966
XGBoost,78,71,108.0,126.31805
XGBoost,78,72,107.0,126.76064
XGBoost,79,30,125.0,114.31858
XGBoost,79,31,125.0,113.102455
XGBoost,79,32,125.0,118.869446
XGBoost,79,33,125.0,118.57399
XGBoost,79,34,125.0,119.399704
XGBoost,79,35,125.0,116.60966
XGBoost,79,36,125.0,119.48437
XGBoost,79,37,125.0,115.48558
XGBoost,79,38,125.0,118.60423
XGBoost,79,39,125.0,115.170555
XGBoost,79,40,124.0,118.69192
XGBoost,79,41,123.0,119.11938
XGBoost,79,42,122.0,115.88359
XGBoost,79,43,121.0,113.02204
XGBoost,79,44,120.0,110.255646
XGBoost,79,45,119.0,112.287125
XGBoost,79,46,118.0,115.89884
XGBoost,79,47,117.0,109.46884
XGBoost,79,48,116.0,118.784325
XGBoost,79,49,115.0,118.51794
XGBoost,79,50,114.0,116.44225
XGBoost,79,51,113.0,110.62962
XGBoost,79,52,112.0,112.7184
XGBoost,79,53,111.0,111.66866
XGBoost,79,54,110.0,117.33993
XGBoost,79,55,109.0,113.15467
XGBoost,79,56,108.0,112.86421
XGBoost,79,57,107.0,111.52698
XGBoost,79,58,106.0,116.03612
XGBoost,79,59,105.0,117.80335
XGBoost,79,60,104.0,117.788765
XGBoost,79,61,103.0,118.901794
XGBoost,79,62,102.0,119.00568
XGBoost,79,63,101.0,117.02857
XGBoost,79,64,100.0,114.65642
XGBoost,79,65,99.0,115.79469
XGBoost,79,66,98.0,110.700134
XGBoost,79,67,97.0,111.161736
XGBoost,79,68,96.0,115.66273
XGBoost,79,69,95.0,113.13017
XGBoost,79,70,94.0,116.27081
XGBoost,79,71,93.0,118.37447
XGBoost,79,72,92.0,117.93618
XGBoost,79,73,91.0,110.818825
XGBoost,79,74,90.0,106.88718
XGBoost,79,75,89.0,106.03264
XGBoost,79,76,88.0,103.049866
XGBoost,79,77,87.0,106.30926
XGBoost,79,78,86.0,113.38228
XGBoost,79,79,85.0,114.69509
XGBoost,79,80,84.0,119.982956
XGBoost,79,81,83.0,117.77596
XGBoost,79,82,82.0,114.9645
XGBoost,79,83,81.0,111.55303
XGBoost,79,84,80.0,104.06534
XGBoost,79,85,79.0,96.76243
XGBoost,79,86,78.0,99.69738
XGBoost,79,87,77.0,100.73143
XGBoost,79,88,76.0,106.78325
XGBoost,79,89,75.0,101.85331
XGBoost,79,90,74.0,110.80814
XGBoost,79,91,73.0,103.878876
XGBoost,79,92,72.0,103.499596
XGBoost,79,93,71.0,109.67225
XGBoost,79,94,70.0,98.136894
XGBoost,79,95,69.0,104.31106
XGBoost,79,96,68.0,101.87384
XGBoost,79,97,67.0,110.97365
XGBoost,79,98,66.0,106.42217
XGBoost,79,99,65.0,108.301636
XGBoost,79,100,64.0,104.46198
XGBoost,79,101,63.0,101.207985
XGBoost,80,30,125.0,114.7316
XGBoost,80,31,125.0,128.94037
XGBoost,80,32,125.0,120.06946
XGBoost,80,33,125.0,122.664925
XGBoost,80,34,125.0,116.64156
XGBoost,80,35,125.0,118.62162
XGBoost,80,36,125.0,114.49442
XGBoost,80,37,125.0,111.03516
XGBoost,80,38,125.0,119.65062
XGBoost,80,39,125.0,110.541405
XGBoost,80,40,125.0,105.91891
XGBoost,80,41,125.0,106.438515
XGBoost,80,42,125.0,108.21444
XGBoost,80,43,125.0,106.19629
XGBoost,80,44,125.0,111.783424
XGBoost,80,45,125.0,118.000565
XGBoost,80,46,125.0,119.342
XGBoost,80,47,125.0,115.9129
XGBoost,80,48,125.0,122.74744
XGBoost,80,49,125.0,119.88587
XGBoost,80,50,125.0,118.48421
XGBoost,80,51,125.0,115.65858
XGBoost,80,52,125.0,120.77347
XGBoost,80,53,125.0,119.629234
XGBoost,80,54,125.0,107.91327
XGBoost,80,55,125.0,109.54509
XGBoost,80,56,125.0,106.96895
XGBoost,80,57,125.0,108.94824
XGBoost,80,58,125.0,103.2027
XGBoost,80,59,125.0,105.85699
XGBoost,80,60,125.0,98.33827
XGBoost,80,61,125.0,103.0405
XGBoost,80,62,125.0,107.04335
XGBoost,80,63,125.0,112.30543
XGBoost,80,64,125.0,105.140564
XGBoost,80,65,125.0,111.91525
XGBoost,80,66,125.0,110.02215
XGBoost,80,67,125.0,103.759735
XGBoost,80,68,125.0,111.12286
XGBoost,80,69,125.0,105.23979
XGBoost,80,70,125.0,107.833626
XGBoost,80,71,125.0,109.912384
XGBoost,80,72,125.0,108.97575
XGBoost,80,73,125.0,105.14788
XGBoost,80,74,125.0,113.74049
XGBoost,80,75,125.0,113.11563
XGBoost,80,76,125.0,106.65423
XGBoost,80,77,125.0,95.95963
XGBoost,80,78,125.0,99.937706
XGBoost,80,79,125.0,104.523384
XGBoost,80,80,125.0,109.18096
XGBoost,80,81,125.0,109.96264
XGBoost,80,82,125.0,109.79117
XGBoost,80,83,125.0,111.96608
XGBoost,80,84,125.0,111.69266
XGBoost,80,85,125.0,117.57456
XGBoost,80,86,125.0,102.31407
XGBoost,80,87,125.0,111.67876
XGBoost,80,88,125.0,109.54209
XGBoost,80,89,125.0,118.81023
XGBoost,80,90,125.0,111.31301
XGBoost,80,91,125.0,109.35503
XGBoost,80,92,125.0,110.818474
XGBoost,80,93,125.0,110.86037
XGBoost,80,94,125.0,110.86415
XGBoost,80,95,125.0,106.46758
XGBoost,80,96,125.0,105.63731
XGBoost,80,97,125.0,92.48044
XGBoost,80,98,125.0,99.23819
XGBoost,80,99,124.0,95.644135
XGBoost,80,100,123.0,93.26208
XGBoost,80,101,122.0,85.55956
XGBoost,80,102,121.0,95.47953
XGBoost,80,103,120.0,95.534256
XGBoost,80,104,119.0,102.638336
XGBoost,80,105,118.0,92.69044
XGBoost,80,106,117.0,89.90466
XGBoost,80,107,116.0,84.744736
XGBoost,80,108,115.0,80.77266
XGBoost,80,109,114.0,85.53862
XGBoost,80,110,113.0,79.10804
XGBoost,80,111,112.0,79.87328
XGBoost,80,112,111.0,88.32422
XGBoost,80,113,110.0,88.04074
XGBoost,80,114,109.0,89.488434
XGBoost,80,115,108.0,99.04922
XGBoost,80,116,107.0,103.68518
XGBoost,80,117,106.0,92.19756
XGBoost,80,118,105.0,99.04086
XGBoost,80,119,104.0,99.08077
XGBoost,80,120,103.0,93.03088
XGBoost,80,121,102.0,101.69295
XGBoost,80,122,101.0,93.37346
XGBoost,80,123,100.0,104.73591
XGBoost,80,124,99.0,110.45055
XGBoost,80,125,98.0,104.76636
XGBoost,80,126,97.0,99.98838
XGBoost,80,127,96.0,100.59236
XGBoost,80,128,95.0,105.67355
XGBoost,80,129,94.0,97.03879
XGBoost,80,130,93.0,101.05668
XGBoost,80,131,92.0,104.46722
XGBoost,80,132,91.0,93.57474
XGBoost,80,133,90.0,85.553024
XGBoost,81,30,125.0,116.67347
XGBoost,81,31,125.0,117.42867
XGBoost,81,32,125.0,115.718155
XGBoost,81,33,125.0,122.15481
XGBoost,81,34,125.0,115.68774
XGBoost,81,35,125.0,110.564995
XGBoost,81,36,125.0,105.55044
XGBoost,81,37,125.0,112.423744
XGBoost,81,38,125.0,114.06781
XGBoost,81,39,125.0,117.225266
XGBoost,81,40,125.0,101.39622
XGBoost,81,41,125.0,104.151596
XGBoost,81,42,125.0,107.963234
XGBoost,81,43,125.0,110.70785
XGBoost,81,44,125.0,110.57855
XGBoost,81,45,125.0,112.83797
XGBoost,81,46,125.0,106.786575
XGBoost,81,47,125.0,107.21836
XGBoost,81,48,125.0,107.55973
XGBoost,81,49,125.0,107.43046
XGBoost,81,50,125.0,111.495224
XGBoost,81,51,125.0,115.613785
XGBoost,81,52,125.0,104.47944
XGBoost,81,53,125.0,108.546265
XGBoost,81,54,125.0,100.21139
XGBoost,81,55,125.0,105.95489
XGBoost,81,56,125.0,109.85702
XGBoost,81,57,125.0,111.692245
XGBoost,81,58,125.0,117.83613
XGBoost,81,59,125.0,120.21807
XGBoost,81,60,125.0,114.307304
XGBoost,81,61,125.0,112.97384
XGBoost,81,62,125.0,110.61492
XGBoost,81,63,125.0,110.59081
XGBoost,81,64,125.0,116.684265
XGBoost,81,65,125.0,110.375694
XGBoost,81,66,125.0,109.20238
XGBoost,81,67,125.0,112.06038
XGBoost,81,68,125.0,117.3038
XGBoost,81,69,125.0,121.58055
XGBoost,81,70,125.0,116.51891
XGBoost,81,71,125.0,109.923294
XGBoost,81,72,125.0,112.153984
XGBoost,81,73,125.0,108.05434
XGBoost,81,74,125.0,111.136894
XGBoost,81,75,125.0,110.216385
XGBoost,81,76,125.0,110.43538
XGBoost,81,77,125.0,110.81054
XGBoost,81,78,125.0,101.518875
XGBoost,81,79,125.0,111.56014
XGBoost,81,80,125.0,111.531364
XGBoost,81,81,125.0,111.393425
XGBoost,81,82,125.0,105.74109
XGBoost,81,83,125.0,115.27698
XGBoost,81,84,125.0,108.192055
XGBoost,81,85,125.0,113.34433
XGBoost,81,86,125.0,118.936584
XGBoost,81,87,125.0,120.531395
XGBoost,81,88,125.0,119.30692
XGBoost,81,89,125.0,109.1198
XGBoost,81,90,125.0,106.993
XGBoost,81,91,125.0,111.67423
XGBoost,81,92,125.0,113.947556
XGBoost,81,93,125.0,116.52218
XGBoost,81,94,125.0,115.722466
XGBoost,81,95,125.0,112.050125
XGBoost,81,96,125.0,110.1396
XGBoost,81,97,124.0,105.361244
XGBoost,81,98,123.0,100.518616
XGBoost,81,99,122.0,112.057396
XGBoost,81,100,121.0,116.28853
XGBoost,81,101,120.0,107.658554
XGBoost,81,102,119.0,104.72253
XGBoost,81,103,118.0,110.489456
XGBoost,81,104,117.0,101.28805
XGBoost,81,105,116.0,103.97325
XGBoost,81,106,115.0,99.49202
XGBoost,81,107,114.0,97.55101
XGBoost,81,108,113.0,98.61983
XGBoost,81,109,112.0,101.721634
XGBoost,81,110,111.0,94.1649
XGBoost,81,111,110.0,91.238396
XGBoost,81,112,109.0,99.56131
XGBoost,81,113,108.0,96.927666
XGBoost,81,114,107.0,92.54552
XGBoost,81,115,106.0,89.84851
XGBoost,81,116,105.0,85.12822
XGBoost,81,117,104.0,95.52522
XGBoost,81,118,103.0,94.88525
XGBoost,81,119,102.0,88.57246
XGBoost,81,120,101.0,86.28777
XGBoost,81,121,100.0,93.365776
XGBoost,81,122,99.0,92.92504
XGBoost,81,123,98.0,87.80039
XGBoost,81,124,97.0,83.96197
XGBoost,81,125,96.0,87.05649
XGBoost,81,126,95.0,79.320404
XGBoost,81,127,94.0,77.96832
XGBoost,81,128,93.0,82.99572
XGBoost,81,129,92.0,93.298485
XGBoost,81,130,91.0,89.529045
XGBoost,81,131,90.0,98.39118
XGBoost,81,132,89.0,99.842384
XGBoost,81,133,88.0,97.3704
XGBoost,81,134,87.0,98.26664
XGBoost,81,135,86.0,95.15927
XGBoost,81,136,85.0,96.29837
XGBoost,81,137,84.0,89.09312
XGBoost,81,138,83.0,93.676636
XGBoost,81,139,82.0,85.913895
XGBoost,81,140,81.0,78.91372
XGBoost,81,141,80.0,68.35383
XGBoost,81,142,79.0,73.80838
XGBoost,81,143,78.0,83.03864
XGBoost,81,144,77.0,84.82946
XGBoost,81,145,76.0,85.11513
XGBoost,81,146,75.0,89.21131
XGBoost,81,147,74.0,81.65282
XGBoost,81,148,73.0,77.06722
XGBoost,81,149,72.0,75.02424
XGBoost,81,150,71.0,76.590096
XGBoost,81,151,70.0,71.803856
XGBoost,81,152,69.0,74.891365
XGBoost,81,153,68.0,68.45451
XGBoost,81,154,67.0,78.41951
XGBoost,81,155,66.0,79.23205
XGBoost,81,156,65.0,75.709114
XGBoost,81,157,64.0,76.60924
XGBoost,81,158,63.0,78.815445
XGBoost,81,159,62.0,68.069275
XGBoost,81,160,61.0,71.63581
XGBoost,81,161,60.0,72.00605
XGBoost,81,162,59.0,81.0529
XGBoost,81,163,58.0,78.190384
XGBoost,81,164,57.0,70.26582
XGBoost,81,165,56.0,61.327442
XGBoost,81,166,55.0,60.227333
XGBoost,81,167,54.0,63.589714
XGBoost,81,168,53.0,57.90812
XGBoost,81,169,52.0,51.821735
XGBoost,81,170,51.0,37.644405
XGBoost,81,171,50.0,37.89682
XGBoost,81,172,49.0,34.47712
XGBoost,81,173,48.0,39.174248
XGBoost,81,174,47.0,39.76521
XGBoost,81,175,46.0,43.793728
XGBoost,81,176,45.0,51.592438
XGBoost,81,177,44.0,58.03893
XGBoost,81,178,43.0,61.86536
XGBoost,81,179,42.0,56.470898
XGBoost,81,180,41.0,51.04386
XGBoost,81,181,40.0,41.796383
XGBoost,81,182,39.0,47.89573
XGBoost,81,183,38.0,41.097923
XGBoost,81,184,37.0,34.560898
XGBoost,81,185,36.0,31.740545
XGBoost,81,186,35.0,39.394814
XGBoost,81,187,34.0,37.625088
XGBoost,81,188,33.0,38.832195
XGBoost,81,189,32.0,39.771835
XGBoost,81,190,31.0,35.42715
XGBoost,81,191,30.0,29.425573
XGBoost,81,192,29.0,27.3173
XGBoost,81,193,28.0,32.073082
XGBoost,81,194,27.0,26.368532
XGBoost,81,195,26.0,24.695026
XGBoost,81,196,25.0,24.404402
XGBoost,81,197,24.0,25.780485
XGBoost,81,198,23.0,31.746698
XGBoost,81,199,22.0,26.485847
XGBoost,81,200,21.0,27.22787
XGBoost,81,201,20.0,22.356659
XGBoost,81,202,19.0,21.721987
XGBoost,81,203,18.0,15.696844
XGBoost,81,204,17.0,21.058416
XGBoost,81,205,16.0,16.10136
XGBoost,81,206,15.0,20.535265
XGBoost,81,207,14.0,18.213177
XGBoost,81,208,13.0,14.007485
XGBoost,81,209,12.0,12.430997
XGBoost,81,210,11.0,15.503651
XGBoost,81,211,10.0,12.928841
XGBoost,81,212,9.0,9.339596
XGBoost,81,213,8.0,8.098393
XGBoost,82,30,125.0,108.89906
XGBoost,82,31,125.0,111.230125
XGBoost,82,32,125.0,113.2006
XGBoost,82,33,125.0,117.88573
XGBoost,82,34,125.0,122.45043
XGBoost,82,35,125.0,119.14877
XGBoost,82,36,125.0,116.08535
XGBoost,82,37,125.0,111.709625
XGBoost,82,38,125.0,105.944336
XGBoost,82,39,125.0,104.737076
XGBoost,82,40,125.0,106.51685
XGBoost,82,41,125.0,106.69483
XGBoost,82,42,125.0,106.928505
XGBoost,82,43,125.0,101.942986
XGBoost,82,44,125.0,97.59603
XGBoost,82,45,125.0,100.711266
XGBoost,82,46,125.0,97.68022
XGBoost,82,47,124.0,102.28114
XGBoost,82,48,123.0,103.63281
XGBoost,82,49,122.0,104.80887
XGBoost,82,50,121.0,103.82526
XGBoost,82,51,120.0,97.34781
XGBoost,82,52,119.0,98.12143
XGBoost,82,53,118.0,101.88652
XGBoost,82,54,117.0,101.73925
XGBoost,82,55,116.0,102.7143
XGBoost,82,56,115.0,104.74264
XGBoost,82,57,114.0,113.522896
XGBoost,82,58,113.0,110.14145
XGBoost,82,59,112.0,103.47492
XGBoost,82,60,111.0,107.23521
XGBoost,82,61,110.0,103.04337
XGBoost,82,62,109.0,104.20846
XGBoost,82,63,108.0,110.505394
XGBoost,82,64,107.0,114.532234
XGBoost,82,65,106.0,116.132195
XGBoost,82,66,105.0,112.43374
XGBoost,82,67,104.0,116.628105
XGBoost,82,68,103.0,113.487366
XGBoost,82,69,102.0,111.61467
XGBoost,82,70,101.0,111.940765
XGBoost,82,71,100.0,114.90844
XGBoost,82,72,99.0,117.23185
XGBoost,82,73,98.0,112.14454
XGBoost,82,74,97.0,118.129654
XGBoost,82,75,96.0,108.03857
XGBoost,82,76,95.0,108.037636
XGBoost,82,77,94.0,104.74573
XGBoost,82,78,93.0,103.93955
XGBoost,82,79,92.0,101.27586
XGBoost,82,80,91.0,108.33581
XGBoost,82,81,90.0,87.68362
XGBoost,82,82,89.0,94.188126
XGBoost,82,83,88.0,100.09753
XGBoost,82,84,87.0,94.904594
XGBoost,82,85,86.0,106.37283
XGBoost,82,86,85.0,107.58971
XGBoost,82,87,84.0,105.39076
XGBoost,82,88,83.0,104.01179
XGBoost,82,89,82.0,98.58138
XGBoost,82,90,81.0,97.111
XGBoost,82,91,80.0,96.84065
XGBoost,82,92,79.0,95.81039
XGBoost,82,93,78.0,91.417465
XGBoost,82,94,77.0,99.037895
XGBoost,82,95,76.0,105.0766
XGBoost,82,96,75.0,104.752365
XGBoost,82,97,74.0,99.53838
XGBoost,82,98,73.0,88.58376
XGBoost,82,99,72.0,76.46656
XGBoost,82,100,71.0,75.15047
XGBoost,82,101,70.0,79.29314
XGBoost,82,102,69.0,84.21023
XGBoost,82,103,68.0,84.310295
XGBoost,82,104,67.0,81.914474
XGBoost,82,105,66.0,85.63938
XGBoost,82,106,65.0,88.155495
XGBoost,82,107,64.0,99.25618
XGBoost,82,108,63.0,79.290924
XGBoost,82,109,62.0,84.74105
XGBoost,82,110,61.0,89.88335
XGBoost,82,111,60.0,72.73659
XGBoost,82,112,59.0,68.20042
XGBoost,82,113,58.0,68.50219
XGBoost,82,114,57.0,57.991886
XGBoost,82,115,56.0,60.13182
XGBoost,82,116,55.0,77.77384
XGBoost,82,117,54.0,71.357315
XGBoost,82,118,53.0,75.76887
XGBoost,82,119,52.0,64.541046
XGBoost,82,120,51.0,76.81599
XGBoost,82,121,50.0,82.72143
XGBoost,82,122,49.0,80.54629
XGBoost,82,123,48.0,70.59947
XGBoost,82,124,47.0,87.55197
XGBoost,82,125,46.0,80.06577
XGBoost,82,126,45.0,92.37988
XGBoost,82,127,44.0,94.84976
XGBoost,82,128,43.0,100.8132
XGBoost,82,129,42.0,94.998634
XGBoost,82,130,41.0,94.19044
XGBoost,82,131,40.0,72.46446
XGBoost,82,132,39.0,80.0574
XGBoost,82,133,38.0,61.848316
XGBoost,82,134,37.0,59.882843
XGBoost,82,135,36.0,63.45914
XGBoost,82,136,35.0,62.60271
XGBoost,82,137,34.0,71.42332
XGBoost,82,138,33.0,53.144245
XGBoost,82,139,32.0,52.310787
XGBoost,82,140,31.0,49.63456
XGBoost,82,141,30.0,43.676445
XGBoost,82,142,29.0,52.44435
XGBoost,82,143,28.0,41.787453
XGBoost,82,144,27.0,47.96208
XGBoost,82,145,26.0,43.165157
XGBoost,82,146,25.0,43.93965
XGBoost,82,147,24.0,37.065735
XGBoost,82,148,23.0,29.905422
XGBoost,82,149,22.0,26.3109
XGBoost,82,150,21.0,20.320463
XGBoost,82,151,20.0,16.375647
XGBoost,82,152,19.0,21.14627
XGBoost,82,153,18.0,15.331731
XGBoost,82,154,17.0,22.088163
XGBoost,82,155,16.0,28.384996
XGBoost,82,156,15.0,27.260038
XGBoost,82,157,14.0,19.212133
XGBoost,82,158,13.0,22.597836
XGBoost,82,159,12.0,14.262839
XGBoost,82,160,11.0,11.350288
XGBoost,82,161,10.0,9.200044
XGBoost,82,162,9.0,7.285484
XGBoost,83,30,125.0,116.7849
XGBoost,83,31,125.0,109.93022
XGBoost,83,32,125.0,112.320435
XGBoost,83,33,125.0,107.762146
XGBoost,83,34,125.0,111.86141
XGBoost,83,35,125.0,116.75633
XGBoost,83,36,125.0,114.979515
XGBoost,83,37,125.0,110.28442
XGBoost,83,38,125.0,110.5186
XGBoost,83,39,125.0,108.71432
XGBoost,83,40,125.0,115.1862
XGBoost,83,41,125.0,113.71704
XGBoost,83,42,125.0,117.28976
XGBoost,83,43,125.0,119.561745
XGBoost,83,44,125.0,116.77603
XGBoost,83,45,125.0,110.55489
XGBoost,83,46,125.0,108.49948
XGBoost,83,47,125.0,110.64763
XGBoost,83,48,125.0,111.283714
XGBoost,83,49,125.0,110.16023
XGBoost,83,50,125.0,96.910774
XGBoost,83,51,125.0,103.220955
XGBoost,83,52,125.0,96.86599
XGBoost,83,53,125.0,96.703156
XGBoost,83,54,125.0,100.35131
XGBoost,83,55,125.0,103.45403
XGBoost,83,56,125.0,103.90105
XGBoost,83,57,125.0,104.94022
XGBoost,83,58,125.0,115.56859
XGBoost,83,59,125.0,115.41074
XGBoost,83,60,125.0,114.67153
XGBoost,83,61,125.0,112.19454
XGBoost,83,62,125.0,110.14459
XGBoost,83,63,125.0,117.665276
XGBoost,83,64,125.0,116.80267
XGBoost,83,65,125.0,113.62856
XGBoost,83,66,125.0,110.879585
XGBoost,83,67,125.0,110.32168
XGBoost,83,68,125.0,107.57281
XGBoost,83,69,125.0,111.90992
XGBoost,83,70,125.0,114.55589
XGBoost,83,71,125.0,113.88267
XGBoost,83,72,125.0,117.60255
XGBoost,83,73,125.0,119.18979
XGBoost,84,30,125.0,123.8959
XGBoost,84,31,125.0,119.427895
XGBoost,84,32,125.0,114.75953
XGBoost,84,33,125.0,110.305626
XGBoost,84,34,125.0,121.903564
XGBoost,84,35,125.0,124.140465
XGBoost,84,36,125.0,124.413246
XGBoost,84,37,125.0,117.42801
XGBoost,84,38,125.0,121.572
XGBoost,84,39,125.0,115.76008
XGBoost,84,40,125.0,109.848045
XGBoost,84,41,125.0,111.766205
XGBoost,84,42,125.0,112.23124
XGBoost,84,43,125.0,121.3908
XGBoost,84,44,125.0,104.325516
XGBoost,84,45,125.0,102.784294
XGBoost,84,46,125.0,96.43466
XGBoost,84,47,125.0,100.34804
XGBoost,84,48,125.0,97.1461
XGBoost,84,49,125.0,105.81247
XGBoost,84,50,125.0,109.21117
XGBoost,84,51,125.0,102.8984
XGBoost,84,52,125.0,100.797585
XGBoost,84,53,125.0,104.92435
XGBoost,84,54,125.0,114.92842
XGBoost,84,55,125.0,118.662544
XGBoost,84,56,125.0,116.71928
XGBoost,84,57,125.0,117.957245
XGBoost,84,58,125.0,109.52016
XGBoost,84,59,125.0,112.50472
XGBoost,84,60,125.0,115.238686
XGBoost,84,61,125.0,100.42791
XGBoost,84,62,125.0,102.75108
XGBoost,84,63,125.0,101.89616
XGBoost,84,64,125.0,110.68712
XGBoost,84,65,125.0,117.38342
XGBoost,84,66,125.0,113.31821
XGBoost,84,67,125.0,103.53161
XGBoost,84,68,125.0,111.27492
XGBoost,84,69,125.0,111.72741
XGBoost,84,70,125.0,107.35489
XGBoost,84,71,125.0,109.96262
XGBoost,84,72,125.0,111.79283
XGBoost,84,73,125.0,115.600105
XGBoost,84,74,125.0,123.0225
XGBoost,84,75,125.0,124.9406
XGBoost,84,76,125.0,118.17305
XGBoost,84,77,125.0,119.23991
XGBoost,84,78,125.0,119.2525
XGBoost,84,79,125.0,119.40636
XGBoost,84,80,125.0,119.85946
XGBoost,84,81,125.0,114.68766
XGBoost,84,82,125.0,113.34153
XGBoost,84,83,125.0,120.903885
XGBoost,84,84,125.0,118.561386
XGBoost,84,85,125.0,120.369514
XGBoost,84,86,125.0,119.84737
XGBoost,84,87,125.0,111.87858
XGBoost,84,88,125.0,120.54569
XGBoost,84,89,125.0,113.82218
XGBoost,84,90,125.0,109.54009
XGBoost,84,91,125.0,108.81414
XGBoost,84,92,125.0,114.0392
XGBoost,84,93,125.0,110.27288
XGBoost,84,94,125.0,114.269066
XGBoost,84,95,125.0,116.46143
XGBoost,84,96,125.0,105.26681
XGBoost,84,97,125.0,112.07658
XGBoost,84,98,125.0,101.69907
XGBoost,84,99,125.0,106.73781
XGBoost,84,100,125.0,101.81506
XGBoost,84,101,125.0,97.92005
XGBoost,84,102,125.0,94.17944
XGBoost,84,103,125.0,101.48231
XGBoost,84,104,125.0,108.93994
XGBoost,84,105,125.0,111.70617
XGBoost,84,106,124.0,106.249886
XGBoost,84,107,123.0,104.54321
XGBoost,84,108,122.0,108.48026
XGBoost,84,109,121.0,90.47726
XGBoost,84,110,120.0,93.30204
XGBoost,84,111,119.0,87.15262
XGBoost,84,112,118.0,91.04169
XGBoost,84,113,117.0,95.7967
XGBoost,84,114,116.0,98.61707
XGBoost,84,115,115.0,104.1631
XGBoost,84,116,114.0,103.50449
XGBoost,84,117,113.0,110.09218
XGBoost,84,118,112.0,114.15264
XGBoost,84,119,111.0,114.35012
XGBoost,84,120,110.0,106.87068
XGBoost,84,121,109.0,116.95375
XGBoost,84,122,108.0,112.94768
XGBoost,84,123,107.0,108.37047
XGBoost,84,124,106.0,106.03678
XGBoost,84,125,105.0,108.81165
XGBoost,84,126,104.0,105.17334
XGBoost,84,127,103.0,105.334465
XGBoost,84,128,102.0,107.202065
XGBoost,84,129,101.0,97.70302
XGBoost,84,130,100.0,93.572205
XGBoost,84,131,99.0,89.05768
XGBoost,84,132,98.0,92.734
XGBoost,84,133,97.0,80.487595
XGBoost,84,134,96.0,94.13608
XGBoost,84,135,95.0,103.72
XGBoost,84,136,94.0,106.1739
XGBoost,84,137,93.0,103.951416
XGBoost,84,138,92.0,105.75892
XGBoost,84,139,91.0,97.88878
XGBoost,84,140,90.0,95.81559
XGBoost,84,141,89.0,101.4275
XGBoost,84,142,88.0,97.90408
XGBoost,84,143,87.0,94.57475
XGBoost,84,144,86.0,87.082825
XGBoost,84,145,85.0,86.482635
XGBoost,84,146,84.0,90.49212
XGBoost,84,147,83.0,88.3245
XGBoost,84,148,82.0,80.26051
XGBoost,84,149,81.0,80.10388
XGBoost,84,150,80.0,71.554634
XGBoost,84,151,79.0,76.79902
XGBoost,84,152,78.0,80.28416
XGBoost,84,153,77.0,80.60206
XGBoost,84,154,76.0,83.852585
XGBoost,84,155,75.0,80.24837
XGBoost,84,156,74.0,83.22848
XGBoost,84,157,73.0,86.31605
XGBoost,84,158,72.0,92.02801
XGBoost,84,159,71.0,88.405785
XGBoost,84,160,70.0,78.96998
XGBoost,84,161,69.0,83.512146
XGBoost,84,162,68.0,76.30269
XGBoost,84,163,67.0,62.136074
XGBoost,84,164,66.0,69.791664
XGBoost,84,165,65.0,76.39414
XGBoost,84,166,64.0,78.03545
XGBoost,84,167,63.0,76.39104
XGBoost,84,168,62.0,77.44385
XGBoost,84,169,61.0,75.76612
XGBoost,84,170,60.0,76.82312
XGBoost,84,171,59.0,85.25835
XGBoost,84,172,58.0,75.40848
XGBoost,85,30,122.0,120.01075
XGBoost,85,31,121.0,126.0197
XGBoost,85,32,120.0,123.55608
XGBoost,85,33,119.0,123.661446
XGBoost,85,34,118.0,125.21248
XGBoost,86,30,125.0,116.86068
XGBoost,86,31,125.0,122.94334
XGBoost,86,32,125.0,122.80679
XGBoost,86,33,125.0,122.11511
XGBoost,86,34,125.0,123.026764
XGBoost,86,35,125.0,117.31803
XGBoost,86,36,125.0,115.97759
XGBoost,86,37,125.0,116.14081
XGBoost,86,38,125.0,111.059364
XGBoost,86,39,125.0,106.74322
XGBoost,86,40,125.0,112.927315
XGBoost,86,41,125.0,113.45362
XGBoost,86,42,125.0,107.15864
XGBoost,86,43,125.0,109.103386
XGBoost,86,44,125.0,113.026054
XGBoost,86,45,125.0,113.08812
XGBoost,86,46,125.0,118.80806
XGBoost,86,47,125.0,123.05379
XGBoost,86,48,125.0,118.67305
XGBoost,86,49,125.0,115.890854
XGBoost,86,50,125.0,109.17161
XGBoost,86,51,125.0,111.46155
XGBoost,86,52,125.0,108.34134
XGBoost,86,53,125.0,108.36787
XGBoost,86,54,125.0,103.54947
XGBoost,86,55,125.0,108.90472
XGBoost,86,56,125.0,110.1366
XGBoost,86,57,125.0,107.816284
XGBoost,86,58,125.0,92.81349
XGBoost,86,59,125.0,94.031235
XGBoost,86,60,125.0,93.269806
XGBoost,86,61,125.0,97.57017
XGBoost,86,62,125.0,105.73167
XGBoost,86,63,125.0,107.66913
XGBoost,86,64,125.0,108.74299
XGBoost,86,65,125.0,115.24245
XGBoost,86,66,125.0,112.227615
XGBoost,86,67,125.0,115.558235
XGBoost,86,68,125.0,114.923294
XGBoost,86,69,125.0,105.80055
XGBoost,86,70,125.0,109.99905
XGBoost,86,71,125.0,117.413506
XGBoost,86,72,125.0,112.43217
XGBoost,86,73,125.0,99.669
XGBoost,86,74,125.0,102.18609
XGBoost,86,75,124.0,104.31142
XGBoost,86,76,123.0,99.26597
XGBoost,86,77,122.0,104.88924
XGBoost,86,78,121.0,100.555565
XGBoost,86,79,120.0,99.33445
XGBoost,86,80,119.0,106.5386
XGBoost,86,81,118.0,103.906204
XGBoost,86,82,117.0,114.76066
XGBoost,86,83,116.0,110.92051
XGBoost,86,84,115.0,107.30147
XGBoost,86,85,114.0,106.20762
XGBoost,86,86,113.0,99.2627
XGBoost,86,87,112.0,92.52601
XGBoost,86,88,111.0,84.04008
XGBoost,86,89,110.0,92.00077
XGBoost,86,90,109.0,88.31848
XGBoost,86,91,108.0,93.698524
XGBoost,86,92,107.0,86.92902
XGBoost,86,93,106.0,102.14641
XGBoost,86,94,105.0,97.77443
XGBoost,86,95,104.0,100.957016
XGBoost,86,96,103.0,102.93019
XGBoost,86,97,102.0,97.31438
XGBoost,86,98,101.0,114.32238
XGBoost,86,99,100.0,103.42198
XGBoost,86,100,99.0,116.04001
XGBoost,86,101,98.0,113.23901
XGBoost,86,102,97.0,115.672806
XGBoost,86,103,96.0,117.95524
XGBoost,86,104,95.0,110.22376
XGBoost,86,105,94.0,102.62007
XGBoost,86,106,93.0,106.63182
XGBoost,86,107,92.0,107.933266
XGBoost,86,108,91.0,115.60403
XGBoost,86,109,90.0,114.34685
XGBoost,86,110,89.0,106.44815
XGBoost,87,30,125.0,111.69531
XGBoost,87,31,125.0,108.689766
XGBoost,87,32,125.0,111.668724
XGBoost,87,33,125.0,113.438286
XGBoost,87,34,125.0,114.3673
XGBoost,87,35,125.0,115.54189
XGBoost,87,36,125.0,115.0905
XGBoost,87,37,125.0,115.05201
XGBoost,87,38,125.0,120.271355
XGBoost,87,39,125.0,121.737595
XGBoost,87,40,125.0,119.15253
XGBoost,87,41,125.0,118.62002
XGBoost,87,42,125.0,113.660164
XGBoost,87,43,125.0,118.52223
XGBoost,87,44,125.0,112.49077
XGBoost,87,45,125.0,113.00804
XGBoost,87,46,125.0,113.126
XGBoost,87,47,125.0,107.1946
XGBoost,87,48,124.0,107.77749
XGBoost,87,49,123.0,107.7854
XGBoost,87,50,122.0,106.06183
XGBoost,87,51,121.0,109.14635
XGBoost,87,52,120.0,109.16716
XGBoost,87,53,119.0,111.38378
XGBoost,87,54,118.0,105.99267
XGBoost,87,55,117.0,109.56979
XGBoost,87,56,116.0,107.29105
XGBoost,88,30,125.0,128.60255
XGBoost,88,31,125.0,127.74276
XGBoost,88,32,125.0,120.52127
XGBoost,88,33,125.0,114.306206
XGBoost,88,34,125.0,113.927864
XGBoost,88,35,125.0,111.92308
XGBoost,88,36,125.0,111.78906
XGBoost,88,37,125.0,109.20722
XGBoost,88,38,125.0,109.35487
XGBoost,88,39,125.0,110.43822
XGBoost,88,40,125.0,105.82368
XGBoost,88,41,125.0,108.01467
XGBoost,88,42,125.0,105.40123
XGBoost,88,43,125.0,111.86882
XGBoost,88,44,125.0,110.19014
XGBoost,88,45,125.0,112.22203
XGBoost,88,46,125.0,106.2359
XGBoost,88,47,125.0,95.11302
XGBoost,88,48,125.0,98.49464
XGBoost,88,49,125.0,104.1816
XGBoost,88,50,125.0,92.88383
XGBoost,88,51,125.0,94.27125
XGBoost,88,52,125.0,110.07395
XGBoost,88,53,125.0,108.873314
XGBoost,88,54,125.0,105.266136
XGBoost,88,55,125.0,109.106346
XGBoost,88,56,125.0,111.009514
XGBoost,88,57,125.0,116.86995
XGBoost,88,58,125.0,104.961426
XGBoost,88,59,124.0,95.5445
XGBoost,88,60,123.0,96.13213
XGBoost,88,61,122.0,98.7222
XGBoost,88,62,121.0,112.03353
XGBoost,88,63,120.0,116.284744
XGBoost,88,64,119.0,111.69894
XGBoost,88,65,118.0,118.18553
XGBoost,88,66,117.0,119.21605
XGBoost,88,67,116.0,112.74328
XGBoost,88,68,115.0,116.18012
XGBoost,89,30,125.0,126.94014
XGBoost,89,31,125.0,120.62013
XGBoost,89,32,125.0,118.7356
XGBoost,89,33,125.0,125.13017
XGBoost,89,34,125.0,121.363014
XGBoost,89,35,125.0,125.475204
XGBoost,89,36,125.0,120.516266
XGBoost,89,37,125.0,117.60922
XGBoost,89,38,125.0,114.93942
XGBoost,89,39,125.0,116.17735
XGBoost,89,40,125.0,125.2606
XGBoost,89,41,125.0,117.7122
XGBoost,89,42,125.0,110.11558
XGBoost,89,43,125.0,107.14981
XGBoost,89,44,125.0,127.85932
XGBoost,89,45,125.0,115.854485
XGBoost,89,46,125.0,118.29124
XGBoost,89,47,125.0,110.562386
XGBoost,89,48,125.0,108.120605
XGBoost,89,49,125.0,107.37251
XGBoost,89,50,125.0,107.50872
XGBoost,89,51,125.0,121.11864
XGBoost,89,52,125.0,130.70546
XGBoost,89,53,125.0,118.56804
XGBoost,89,54,125.0,113.84764
XGBoost,89,55,125.0,116.64358
XGBoost,89,56,125.0,115.08725
XGBoost,89,57,125.0,117.28269
XGBoost,89,58,125.0,123.21046
XGBoost,89,59,125.0,127.10965
XGBoost,89,60,125.0,118.72143
XGBoost,89,61,125.0,118.31428
XGBoost,89,62,125.0,112.08732
XGBoost,89,63,125.0,115.61835
XGBoost,89,64,125.0,106.34858
XGBoost,89,65,125.0,111.77159
XGBoost,89,66,125.0,103.13705
XGBoost,89,67,125.0,106.17281
XGBoost,89,68,125.0,106.71088
XGBoost,89,69,125.0,110.14964
XGBoost,89,70,125.0,101.63276
XGBoost,89,71,125.0,109.4726
XGBoost,89,72,125.0,110.24321
XGBoost,89,73,125.0,107.92529
XGBoost,89,74,125.0,119.35502
XGBoost,89,75,125.0,114.08308
XGBoost,89,76,125.0,116.97637
XGBoost,89,77,125.0,103.279976
XGBoost,89,78,125.0,115.22105
XGBoost,89,79,125.0,119.67825
XGBoost,89,80,125.0,114.43747
XGBoost,89,81,125.0,112.64041
XGBoost,89,82,125.0,115.621605
XGBoost,89,83,125.0,108.75932
XGBoost,89,84,125.0,104.28054
XGBoost,89,85,125.0,113.773544
XGBoost,89,86,125.0,114.70375
XGBoost,89,87,125.0,116.59599
XGBoost,89,88,125.0,117.40217
XGBoost,89,89,125.0,122.72741
XGBoost,89,90,125.0,122.61715
XGBoost,89,91,125.0,129.72322
XGBoost,89,92,125.0,131.75056
XGBoost,89,93,125.0,132.04135
XGBoost,89,94,125.0,128.73033
XGBoost,89,95,125.0,126.57717
XGBoost,89,96,125.0,116.05333
XGBoost,89,97,125.0,117.81232
XGBoost,89,98,125.0,116.30341
XGBoost,89,99,125.0,112.250595
XGBoost,89,100,125.0,108.841934
XGBoost,89,101,125.0,111.02302
XGBoost,89,102,125.0,108.98574
XGBoost,89,103,125.0,113.54399
XGBoost,89,104,125.0,110.7635
XGBoost,89,105,125.0,115.45191
XGBoost,89,106,125.0,113.51714
XGBoost,89,107,125.0,114.87787
XGBoost,89,108,125.0,122.93306
XGBoost,89,109,125.0,123.60746
XGBoost,89,110,125.0,120.76473
XGBoost,89,111,125.0,122.240456
XGBoost,89,112,125.0,123.16286
XGBoost,89,113,125.0,113.66102
XGBoost,89,114,125.0,115.8624
XGBoost,89,115,125.0,118.72422
XGBoost,89,116,125.0,112.90315
XGBoost,89,117,125.0,110.51853
XGBoost,89,118,125.0,110.31537
XGBoost,89,119,125.0,106.141075
XGBoost,89,120,125.0,107.82971
XGBoost,89,121,125.0,112.03551
XGBoost,89,122,125.0,111.18153
XGBoost,89,123,125.0,119.85832
XGBoost,89,124,125.0,118.49714
XGBoost,89,125,125.0,114.51875
XGBoost,89,126,125.0,115.32544
XGBoost,89,127,125.0,114.36427
XGBoost,89,128,125.0,118.521385
XGBoost,89,129,125.0,112.19465
XGBoost,89,130,125.0,115.9655
XGBoost,89,131,125.0,117.0357
XGBoost,89,132,125.0,106.13731
XGBoost,89,133,125.0,110.05621
XGBoost,89,134,125.0,110.68413
XGBoost,89,135,125.0,119.214714
XGBoost,89,136,125.0,116.79924
XGBoost,89,137,125.0,118.494354
XGBoost,89,138,125.0,113.72065
XGBoost,89,139,125.0,118.01876
XGBoost,89,140,125.0,116.67717
XGBoost,89,141,125.0,117.35854
XGBoost,89,142,125.0,115.82315
XGBoost,89,143,125.0,111.39704
XGBoost,89,144,125.0,123.46774
XGBoost,89,145,125.0,122.61373
XGBoost,89,146,125.0,117.76057
XGBoost,89,147,125.0,119.74523
XGBoost,89,148,125.0,122.97216
XGBoost,89,149,125.0,120.88486
XGBoost,89,150,125.0,110.53217
XGBoost,89,151,125.0,107.38112
XGBoost,89,152,125.0,115.63077
XGBoost,89,153,125.0,105.86037
XGBoost,89,154,125.0,115.97002
XGBoost,89,155,125.0,109.45802
XGBoost,89,156,125.0,117.342415
XGBoost,89,157,125.0,118.54394
XGBoost,89,158,125.0,102.604614
XGBoost,89,159,125.0,115.78537
XGBoost,89,160,125.0,110.70748
XGBoost,89,161,125.0,121.73349
XGBoost,89,162,125.0,113.63108
XGBoost,89,163,125.0,119.37088
XGBoost,89,164,125.0,119.57428
XGBoost,89,165,125.0,119.92114
XGBoost,89,166,125.0,120.89061
XGBoost,89,167,125.0,121.42543
XGBoost,89,168,125.0,124.71677
XGBoost,89,169,125.0,112.074356
XGBoost,89,170,125.0,123.2532
XGBoost,89,171,125.0,113.272255
XGBoost,89,172,125.0,113.32755
XGBoost,89,173,125.0,124.118225
XGBoost,89,174,125.0,119.325745
XGBoost,89,175,125.0,119.029144
XGBoost,89,176,125.0,111.45046
XGBoost,89,177,125.0,113.93821
XGBoost,90,30,125.0,128.4935
XGBoost,90,31,125.0,126.17297
XGBoost,90,32,125.0,126.590965
XGBoost,90,33,125.0,129.16216
XGBoost,90,34,125.0,125.33714
XGBoost,90,35,125.0,127.42084
XGBoost,90,36,125.0,126.06616
XGBoost,90,37,125.0,127.35913
XGBoost,90,38,125.0,130.01314
XGBoost,90,39,125.0,128.62074
XGBoost,90,40,125.0,131.33455
XGBoost,90,41,125.0,127.43346
XGBoost,90,42,125.0,128.57745
XGBoost,90,43,125.0,128.50586
XGBoost,90,44,125.0,121.393005
XGBoost,90,45,125.0,111.87839
XGBoost,90,46,125.0,119.459114
XGBoost,90,47,125.0,114.73956
XGBoost,90,48,125.0,112.88918
XGBoost,90,49,125.0,111.792336
XGBoost,90,50,124.0,114.734314
XGBoost,90,51,123.0,117.20804
XGBoost,90,52,122.0,120.61303
XGBoost,90,53,121.0,125.18151
XGBoost,90,54,120.0,114.676674
XGBoost,90,55,119.0,98.04853
XGBoost,90,56,118.0,100.47226
XGBoost,90,57,117.0,99.669334
XGBoost,90,58,116.0,105.94822
XGBoost,90,59,115.0,100.81119
XGBoost,90,60,114.0,115.81992
XGBoost,90,61,113.0,99.36641
XGBoost,90,62,112.0,103.11342
XGBoost,90,63,111.0,97.95352
XGBoost,90,64,110.0,96.29385
XGBoost,90,65,109.0,93.70416
XGBoost,90,66,108.0,102.205284
XGBoost,90,67,107.0,101.2979
XGBoost,90,68,106.0,103.57812
XGBoost,90,69,105.0,106.97174
XGBoost,90,70,104.0,117.69305
XGBoost,90,71,103.0,116.76481
XGBoost,90,72,102.0,118.13412
XGBoost,90,73,101.0,110.8689
XGBoost,90,74,100.0,102.970856
XGBoost,90,75,99.0,113.0132
XGBoost,90,76,98.0,100.13703
XGBoost,90,77,97.0,107.94891
XGBoost,90,78,96.0,92.755974
XGBoost,90,79,95.0,89.41549
XGBoost,90,80,94.0,94.1623
XGBoost,90,81,93.0,103.78284
XGBoost,90,82,92.0,106.808014
XGBoost,90,83,91.0,107.62189
XGBoost,90,84,90.0,107.86277
XGBoost,90,85,89.0,97.11245
XGBoost,90,86,88.0,101.49261
XGBoost,90,87,87.0,93.901276
XGBoost,90,88,86.0,100.45403
XGBoost,90,89,85.0,103.98487
XGBoost,90,90,84.0,117.05448
XGBoost,90,91,83.0,107.77572
XGBoost,90,92,82.0,107.08817
XGBoost,90,93,81.0,103.440094
XGBoost,90,94,80.0,91.8628
XGBoost,90,95,79.0,89.68341
XGBoost,90,96,78.0,97.08089
XGBoost,90,97,77.0,101.08685
XGBoost,90,98,76.0,91.59504
XGBoost,90,99,75.0,104.83156
XGBoost,90,100,74.0,105.88857
XGBoost,90,101,73.0,115.199196
XGBoost,90,102,72.0,104.19989
XGBoost,90,103,71.0,101.43494
XGBoost,90,104,70.0,96.50701
XGBoost,90,105,69.0,89.34772
XGBoost,90,106,68.0,95.92895
XGBoost,90,107,67.0,94.94043
XGBoost,90,108,66.0,93.68716
XGBoost,90,109,65.0,94.46623
XGBoost,90,110,64.0,92.58047
XGBoost,90,111,63.0,88.05267
XGBoost,90,112,62.0,92.42606
XGBoost,90,113,61.0,83.88401
XGBoost,90,114,60.0,83.24331
XGBoost,90,115,59.0,79.1637
XGBoost,90,116,58.0,89.5599
XGBoost,90,117,57.0,76.9083
XGBoost,90,118,56.0,74.68974
XGBoost,90,119,55.0,72.882614
XGBoost,90,120,54.0,82.40051
XGBoost,90,121,53.0,77.63999
XGBoost,90,122,52.0,80.65138
XGBoost,90,123,51.0,81.55144
XGBoost,90,124,50.0,64.59215
XGBoost,90,125,49.0,61.392788
XGBoost,90,126,48.0,66.04708
XGBoost,90,127,47.0,60.259636
XGBoost,90,128,46.0,52.99455
XGBoost,90,129,45.0,50.869057
XGBoost,90,130,44.0,45.796436
XGBoost,90,131,43.0,43.26045
XGBoost,90,132,42.0,46.282513
XGBoost,90,133,41.0,59.07008
XGBoost,90,134,40.0,49.85511
XGBoost,90,135,39.0,52.621487
XGBoost,90,136,38.0,47.95668
XGBoost,90,137,37.0,46.575474
XGBoost,90,138,36.0,48.508156
XGBoost,90,139,35.0,53.053013
XGBoost,90,140,34.0,57.856544
XGBoost,90,141,33.0,48.16641
XGBoost,90,142,32.0,36.64388
XGBoost,90,143,31.0,31.560452
XGBoost,90,144,30.0,29.369844
XGBoost,90,145,29.0,20.090254
XGBoost,90,146,28.0,27.753952
XGBoost,91,30,125.0,121.46744
XGBoost,91,31,125.0,118.00377
XGBoost,91,32,125.0,112.358116
XGBoost,91,33,125.0,112.22464
XGBoost,91,34,125.0,111.884415
XGBoost,91,35,125.0,111.92911
XGBoost,91,36,125.0,104.35837
XGBoost,91,37,125.0,103.25291
XGBoost,91,38,125.0,105.035065
XGBoost,91,39,125.0,100.68367
XGBoost,91,40,125.0,105.06655
XGBoost,91,41,125.0,97.99944
XGBoost,91,42,125.0,111.0872
XGBoost,91,43,125.0,110.4012
XGBoost,91,44,125.0,122.30247
XGBoost,91,45,125.0,120.66164
XGBoost,91,46,125.0,119.815346
XGBoost,91,47,125.0,121.57631
XGBoost,91,48,125.0,121.69846
XGBoost,91,49,125.0,116.52104
XGBoost,91,50,125.0,112.35092
XGBoost,91,51,125.0,116.54173
XGBoost,91,52,125.0,111.72023
XGBoost,91,53,125.0,110.29481
XGBoost,91,54,125.0,97.42554
XGBoost,91,55,125.0,103.51916
XGBoost,91,56,125.0,106.91471
XGBoost,91,57,125.0,97.28529
XGBoost,91,58,125.0,98.02526
XGBoost,91,59,125.0,109.26753
XGBoost,91,60,125.0,121.64157
XGBoost,91,61,125.0,102.62101
XGBoost,91,62,125.0,115.87952
XGBoost,91,63,125.0,115.745316
XGBoost,91,64,125.0,119.90415
XGBoost,91,65,125.0,118.51465
XGBoost,91,66,125.0,122.191765
XGBoost,91,67,125.0,119.53634
XGBoost,91,68,125.0,115.08226
XGBoost,91,69,125.0,104.974396
XGBoost,91,70,125.0,107.301704
XGBoost,91,71,125.0,102.62771
XGBoost,91,72,125.0,107.169174
XGBoost,91,73,125.0,111.59402
XGBoost,91,74,125.0,112.75965
XGBoost,91,75,125.0,113.57724
XGBoost,91,76,125.0,104.68387
XGBoost,91,77,125.0,107.75191
XGBoost,91,78,125.0,104.649185
XGBoost,91,79,125.0,110.31711
XGBoost,91,80,125.0,112.98858
XGBoost,91,81,125.0,116.60005
XGBoost,91,82,125.0,116.30805
XGBoost,91,83,125.0,119.632515
XGBoost,91,84,125.0,111.451355
XGBoost,91,85,125.0,108.13239
XGBoost,91,86,125.0,104.40333
XGBoost,91,87,125.0,96.83572
XGBoost,91,88,125.0,106.66005
XGBoost,91,89,125.0,101.08798
XGBoost,91,90,125.0,107.037575
XGBoost,91,91,125.0,110.3773
XGBoost,91,92,125.0,107.48009
XGBoost,91,93,125.0,114.62514
XGBoost,91,94,125.0,102.632545
XGBoost,91,95,125.0,108.50552
XGBoost,91,96,125.0,110.40544
XGBoost,91,97,125.0,111.594635
XGBoost,91,98,125.0,108.60253
XGBoost,91,99,125.0,107.43319
XGBoost,91,100,125.0,107.55525
XGBoost,91,101,125.0,113.09298
XGBoost,91,102,125.0,118.51007
XGBoost,91,103,125.0,118.38546
XGBoost,91,104,125.0,115.66451
XGBoost,91,105,125.0,114.5805
XGBoost,91,106,125.0,104.249725
XGBoost,91,107,125.0,107.877426
XGBoost,91,108,125.0,109.48686
XGBoost,91,109,125.0,96.861374
XGBoost,91,110,125.0,107.96199
XGBoost,91,111,125.0,110.04096
XGBoost,91,112,125.0,104.570625
XGBoost,91,113,125.0,114.415535
XGBoost,91,114,125.0,109.97288
XGBoost,91,115,125.0,99.6668
XGBoost,91,116,125.0,110.67952
XGBoost,91,117,125.0,113.98939
XGBoost,91,118,125.0,110.41252
XGBoost,91,119,125.0,110.415306
XGBoost,91,120,125.0,103.4098
XGBoost,91,121,125.0,105.09499
XGBoost,91,122,125.0,102.1503
XGBoost,91,123,125.0,104.39529
XGBoost,91,124,125.0,98.44108
XGBoost,91,125,125.0,89.89712
XGBoost,91,126,125.0,90.35468
XGBoost,91,127,125.0,104.90485
XGBoost,91,128,125.0,100.42942
XGBoost,91,129,125.0,101.67532
XGBoost,91,130,125.0,103.61272
XGBoost,91,131,125.0,98.5407
XGBoost,91,132,125.0,109.04256
XGBoost,91,133,125.0,106.28918
XGBoost,91,134,125.0,98.69706
XGBoost,91,135,125.0,101.02598
XGBoost,91,136,125.0,95.54492
XGBoost,91,137,125.0,94.13218
XGBoost,91,138,125.0,95.35945
XGBoost,91,139,125.0,87.24682
XGBoost,91,140,125.0,79.66271
XGBoost,91,141,125.0,87.97052
XGBoost,91,142,125.0,89.10313
XGBoost,91,143,125.0,68.530716
XGBoost,91,144,125.0,61.23008
XGBoost,91,145,125.0,69.8372
XGBoost,91,146,125.0,76.122345
XGBoost,91,147,125.0,83.70025
XGBoost,91,148,124.0,73.923454
XGBoost,91,149,123.0,85.06019
XGBoost,91,150,122.0,83.12544
XGBoost,91,151,121.0,82.96557
XGBoost,91,152,120.0,76.72226
XGBoost,91,153,119.0,77.181854
XGBoost,91,154,118.0,81.91011
XGBoost,91,155,117.0,101.97001
XGBoost,91,156,116.0,90.76134
XGBoost,91,157,115.0,101.51532
XGBoost,91,158,114.0,90.89439
XGBoost,91,159,113.0,87.61062
XGBoost,91,160,112.0,85.32205
XGBoost,91,161,111.0,86.22955
XGBoost,91,162,110.0,82.2342
XGBoost,91,163,109.0,78.43547
XGBoost,91,164,108.0,83.13777
XGBoost,91,165,107.0,75.909294
XGBoost,91,166,106.0,89.179825
XGBoost,91,167,105.0,76.69901
XGBoost,91,168,104.0,68.11021
XGBoost,91,169,103.0,59.882454
XGBoost,91,170,102.0,82.32554
XGBoost,91,171,101.0,79.971535
XGBoost,91,172,100.0,79.49789
XGBoost,91,173,99.0,77.26016
XGBoost,91,174,98.0,74.82387
XGBoost,91,175,97.0,70.11276
XGBoost,91,176,96.0,62.048233
XGBoost,91,177,95.0,62.47865
XGBoost,91,178,94.0,59.6526
XGBoost,91,179,93.0,55.287975
XGBoost,91,180,92.0,55.53758
XGBoost,91,181,91.0,47.739258
XGBoost,91,182,90.0,50.073116
XGBoost,91,183,89.0,50.08157
XGBoost,91,184,88.0,67.32372
XGBoost,91,185,87.0,75.735756
XGBoost,91,186,86.0,67.32943
XGBoost,91,187,85.0,56.700108
XGBoost,91,188,84.0,60.404087
XGBoost,91,189,83.0,56.847496
XGBoost,91,190,82.0,61.09981
XGBoost,91,191,81.0,63.897324
XGBoost,91,192,80.0,65.717224
XGBoost,91,193,79.0,56.662342
XGBoost,91,194,78.0,62.45672
XGBoost,91,195,77.0,60.344868
XGBoost,91,196,76.0,55.58563
XGBoost,91,197,75.0,49.97947
XGBoost,91,198,74.0,47.201885
XGBoost,91,199,73.0,45.380123
XGBoost,91,200,72.0,44.627323
XGBoost,91,201,71.0,43.812866
XGBoost,91,202,70.0,45.64454
XGBoost,91,203,69.0,58.49123
XGBoost,91,204,68.0,67.16897
XGBoost,91,205,67.0,60.160637
XGBoost,91,206,66.0,60.30305
XGBoost,91,207,65.0,52.834927
XGBoost,91,208,64.0,48.95441
XGBoost,91,209,63.0,39.99416
XGBoost,91,210,62.0,30.159504
XGBoost,91,211,61.0,32.552288
XGBoost,91,212,60.0,36.319042
XGBoost,91,213,59.0,36.79976
XGBoost,91,214,58.0,44.86444
XGBoost,91,215,57.0,49.118843
XGBoost,91,216,56.0,41.38903
XGBoost,91,217,55.0,43.341667
XGBoost,91,218,54.0,40.515457
XGBoost,91,219,53.0,35.292652
XGBoost,91,220,52.0,34.74949
XGBoost,91,221,51.0,28.856096
XGBoost,91,222,50.0,32.756027
XGBoost,91,223,49.0,31.25891
XGBoost,91,224,48.0,33.427128
XGBoost,91,225,47.0,34.386055
XGBoost,91,226,46.0,26.967827
XGBoost,91,227,45.0,24.443417
XGBoost,91,228,44.0,23.814005
XGBoost,91,229,43.0,20.819815
XGBoost,91,230,42.0,19.34218
XGBoost,91,231,41.0,19.559275
XGBoost,91,232,40.0,27.59151
XGBoost,91,233,39.0,24.196913
XGBoost,91,234,38.0,26.125397
XGBoost,92,30,125.0,123.23848
XGBoost,92,31,125.0,123.70446
XGBoost,92,32,125.0,119.30801
XGBoost,92,33,125.0,122.01776
XGBoost,92,34,125.0,112.700905
XGBoost,92,35,125.0,116.39287
XGBoost,92,36,125.0,115.04096
XGBoost,92,37,125.0,117.47848
XGBoost,92,38,125.0,117.0757
XGBoost,92,39,125.0,116.43237
XGBoost,92,40,125.0,110.917564
XGBoost,92,41,125.0,114.8515
XGBoost,92,42,125.0,122.38886
XGBoost,92,43,125.0,121.711136
XGBoost,92,44,125.0,118.214836
XGBoost,92,45,125.0,117.625305
XGBoost,92,46,124.0,118.40712
XGBoost,92,47,123.0,122.5844
XGBoost,92,48,122.0,117.73564
XGBoost,92,49,121.0,111.579475
XGBoost,92,50,120.0,109.82661
XGBoost,92,51,119.0,110.22636
XGBoost,92,52,118.0,113.86873
XGBoost,92,53,117.0,109.00423
XGBoost,92,54,116.0,107.81961
XGBoost,92,55,115.0,107.06491
XGBoost,92,56,114.0,105.94133
XGBoost,92,57,113.0,108.62299
XGBoost,92,58,112.0,100.38991
XGBoost,92,59,111.0,113.89414
XGBoost,92,60,110.0,115.304085
XGBoost,92,61,109.0,120.75677
XGBoost,92,62,108.0,115.96859
XGBoost,92,63,107.0,112.91395
XGBoost,92,64,106.0,113.82063
XGBoost,92,65,105.0,115.01459
XGBoost,92,66,104.0,119.59864
XGBoost,92,67,103.0,118.01568
XGBoost,92,68,102.0,119.44838
XGBoost,92,69,101.0,105.17994
XGBoost,92,70,100.0,107.277855
XGBoost,92,71,99.0,95.71969
XGBoost,92,72,98.0,111.5645
XGBoost,92,73,97.0,107.29897
XGBoost,92,74,96.0,103.56074
XGBoost,92,75,95.0,107.529396
XGBoost,92,76,94.0,106.784424
XGBoost,92,77,93.0,90.96452
XGBoost,92,78,92.0,87.19049
XGBoost,92,79,91.0,92.33371
XGBoost,92,80,90.0,96.777695
XGBoost,92,81,89.0,96.562645
XGBoost,92,82,88.0,99.9945
XGBoost,92,83,87.0,95.33111
XGBoost,92,84,86.0,98.596
XGBoost,92,85,85.0,87.44876
XGBoost,92,86,84.0,84.6139
XGBoost,92,87,83.0,78.560165
XGBoost,92,88,82.0,83.05529
XGBoost,92,89,81.0,91.97198
XGBoost,92,90,80.0,88.83483
XGBoost,92,91,79.0,94.14491
XGBoost,92,92,78.0,97.737335
XGBoost,92,93,77.0,99.31981
XGBoost,92,94,76.0,88.588806
XGBoost,92,95,75.0,81.03718
XGBoost,92,96,74.0,81.6302
XGBoost,92,97,73.0,80.01372
XGBoost,92,98,72.0,87.13478
XGBoost,92,99,71.0,79.19108
XGBoost,92,100,70.0,78.787224
XGBoost,92,101,69.0,82.17422
XGBoost,92,102,68.0,87.92442
XGBoost,92,103,67.0,87.01384
XGBoost,92,104,66.0,82.41803
XGBoost,92,105,65.0,87.17194
XGBoost,92,106,64.0,83.64242
XGBoost,92,107,63.0,64.57178
XGBoost,92,108,62.0,64.640396
XGBoost,92,109,61.0,74.161125
XGBoost,92,110,60.0,77.73356
XGBoost,92,111,59.0,64.119225
XGBoost,92,112,58.0,71.03362
XGBoost,92,113,57.0,81.10495
XGBoost,92,114,56.0,66.17706
XGBoost,92,115,55.0,80.95701
XGBoost,92,116,54.0,80.76283
XGBoost,92,117,53.0,65.67441
XGBoost,92,118,52.0,67.93443
XGBoost,92,119,51.0,59.193043
XGBoost,92,120,50.0,56.07802
XGBoost,92,121,49.0,49.230347
XGBoost,92,122,48.0,45.548008
XGBoost,92,123,47.0,39.93322
XGBoost,92,124,46.0,43.018726
XGBoost,92,125,45.0,51.80875
XGBoost,92,126,44.0,55.714436
XGBoost,92,127,43.0,55.620335
XGBoost,92,128,42.0,43.459675
XGBoost,92,129,41.0,50.612736
XGBoost,92,130,40.0,48.10894
XGBoost,92,131,39.0,43.45667
XGBoost,92,132,38.0,41.87499
XGBoost,92,133,37.0,37.407383
XGBoost,92,134,36.0,42.122036
XGBoost,92,135,35.0,43.33589
XGBoost,92,136,34.0,32.262753
XGBoost,92,137,33.0,24.867205
XGBoost,92,138,32.0,25.594925
XGBoost,92,139,31.0,34.9015
XGBoost,92,140,30.0,45.829075
XGBoost,92,141,29.0,38.90653
XGBoost,92,142,28.0,38.89272
XGBoost,92,143,27.0,43.504787
XGBoost,92,144,26.0,39.52828
XGBoost,92,145,25.0,39.82761
XGBoost,92,146,24.0,35.577473
XGBoost,92,147,23.0,31.570644
XGBoost,92,148,22.0,22.530802
XGBoost,92,149,21.0,18.485332
XGBoost,92,150,20.0,22.20894
XGBoost,93,30,125.0,117.55997
XGBoost,93,31,125.0,123.223755
XGBoost,93,32,125.0,122.48454
XGBoost,93,33,125.0,123.38671
XGBoost,93,34,125.0,128.6227
XGBoost,93,35,125.0,125.94146
XGBoost,93,36,125.0,116.531906
XGBoost,93,37,125.0,122.637215
XGBoost,93,38,125.0,117.017456
XGBoost,93,39,125.0,124.19634
XGBoost,93,40,125.0,121.030945
XGBoost,93,41,125.0,123.58706
XGBoost,93,42,125.0,118.98063
XGBoost,93,43,125.0,115.4105
XGBoost,93,44,125.0,118.4183
XGBoost,93,45,125.0,126.86784
XGBoost,93,46,125.0,121.18473
XGBoost,93,47,125.0,123.53702
XGBoost,93,48,125.0,123.1474
XGBoost,93,49,125.0,124.0917
XGBoost,93,50,125.0,121.442215
XGBoost,93,51,125.0,116.94305
XGBoost,93,52,125.0,112.254395
XGBoost,93,53,125.0,103.06077
XGBoost,93,54,125.0,106.14186
XGBoost,93,55,125.0,117.849754
XGBoost,93,56,125.0,107.143364
XGBoost,93,57,125.0,108.08068
XGBoost,93,58,125.0,116.932205
XGBoost,93,59,125.0,111.35448
XGBoost,93,60,125.0,110.66388
XGBoost,93,61,125.0,121.180374
XGBoost,93,62,125.0,123.54967
XGBoost,93,63,125.0,122.03674
XGBoost,93,64,125.0,123.32005
XGBoost,93,65,125.0,112.956566
XGBoost,93,66,125.0,112.406425
XGBoost,93,67,125.0,118.38275
XGBoost,93,68,125.0,115.651726
XGBoost,93,69,125.0,115.642715
XGBoost,93,70,125.0,110.83842
XGBoost,93,71,125.0,113.01422
XGBoost,93,72,125.0,116.876976
XGBoost,93,73,125.0,115.94265
XGBoost,93,74,125.0,114.45792
XGBoost,93,75,125.0,109.973076
XGBoost,93,76,125.0,108.43134
XGBoost,93,77,125.0,105.34588
XGBoost,93,78,125.0,107.67996
XGBoost,93,79,125.0,108.60911
XGBoost,93,80,125.0,98.742165
XGBoost,93,81,125.0,104.73522
XGBoost,93,82,125.0,95.97535
XGBoost,93,83,125.0,105.57003
XGBoost,93,84,125.0,103.74438
XGBoost,93,85,125.0,105.680176
XGBoost,93,86,125.0,92.62556
XGBoost,93,87,125.0,91.44366
XGBoost,93,88,125.0,107.03615
XGBoost,93,89,125.0,102.50435
XGBoost,93,90,125.0,99.95397
XGBoost,93,91,125.0,102.70194
XGBoost,93,92,125.0,105.421165
XGBoost,93,93,125.0,94.308525
XGBoost,93,94,125.0,88.91661
XGBoost,93,95,125.0,89.33014
XGBoost,93,96,125.0,95.136795
XGBoost,93,97,125.0,102.33902
XGBoost,93,98,125.0,99.55828
XGBoost,93,99,125.0,96.72354
XGBoost,93,100,125.0,96.53778
XGBoost,93,101,125.0,100.93906
XGBoost,93,102,125.0,107.13304
XGBoost,93,103,125.0,113.99157
XGBoost,93,104,125.0,107.25784
XGBoost,93,105,125.0,116.038826
XGBoost,93,106,125.0,110.182594
XGBoost,93,107,125.0,112.52297
XGBoost,93,108,125.0,108.84972
XGBoost,93,109,125.0,114.29683
XGBoost,93,110,125.0,111.66201
XGBoost,93,111,125.0,101.92996
XGBoost,93,112,125.0,106.52946
XGBoost,93,113,125.0,106.33806
XGBoost,93,114,125.0,109.48862
XGBoost,93,115,125.0,111.10284
XGBoost,93,116,125.0,106.01049
XGBoost,93,117,125.0,98.02439
XGBoost,93,118,125.0,102.505775
XGBoost,93,119,125.0,105.98379
XGBoost,93,120,125.0,112.88282
XGBoost,93,121,125.0,106.340324
XGBoost,93,122,125.0,108.52524
XGBoost,93,123,125.0,110.7276
XGBoost,93,124,125.0,114.757256
XGBoost,93,125,125.0,120.08347
XGBoost,93,126,125.0,115.51632
XGBoost,93,127,125.0,109.684494
XGBoost,93,128,125.0,99.7867
XGBoost,93,129,125.0,95.68045
XGBoost,93,130,125.0,89.90298
XGBoost,93,131,125.0,87.00904
XGBoost,93,132,125.0,100.76762
XGBoost,93,133,125.0,99.421486
XGBoost,93,134,125.0,98.37579
XGBoost,93,135,125.0,99.704185
XGBoost,93,136,125.0,109.58908
XGBoost,93,137,125.0,115.94628
XGBoost,93,138,125.0,110.08443
XGBoost,93,139,125.0,106.230576
XGBoost,93,140,125.0,101.37813
XGBoost,93,141,125.0,97.44555
XGBoost,93,142,125.0,111.89528
XGBoost,93,143,125.0,118.991844
XGBoost,93,144,125.0,117.79976
XGBoost,93,145,125.0,111.51135
XGBoost,93,146,125.0,104.8593
XGBoost,93,147,125.0,90.79476
XGBoost,93,148,125.0,92.59311
XGBoost,93,149,125.0,104.61304
XGBoost,93,150,125.0,105.20915
XGBoost,93,151,125.0,101.94966
XGBoost,93,152,125.0,91.54805
XGBoost,93,153,125.0,96.97041
XGBoost,93,154,125.0,96.39268
XGBoost,93,155,125.0,108.49079
XGBoost,93,156,125.0,107.15876
XGBoost,93,157,125.0,120.63037
XGBoost,93,158,125.0,120.91081
XGBoost,93,159,125.0,102.59007
XGBoost,93,160,125.0,109.65448
XGBoost,93,161,125.0,106.955826
XGBoost,93,162,125.0,99.00438
XGBoost,93,163,125.0,101.48218
XGBoost,93,164,125.0,104.28639
XGBoost,93,165,125.0,98.82847
XGBoost,93,166,125.0,106.69095
XGBoost,93,167,125.0,104.761444
XGBoost,93,168,125.0,105.86362
XGBoost,93,169,125.0,100.5112
XGBoost,93,170,125.0,99.160164
XGBoost,93,171,125.0,88.95353
XGBoost,93,172,125.0,92.88702
XGBoost,93,173,125.0,101.93258
XGBoost,93,174,125.0,106.39454
XGBoost,93,175,125.0,97.780136
XGBoost,93,176,125.0,97.42392
XGBoost,93,177,125.0,88.939674
XGBoost,93,178,125.0,83.03382
XGBoost,93,179,125.0,80.090836
XGBoost,93,180,125.0,86.15469
XGBoost,93,181,125.0,81.08386
XGBoost,93,182,125.0,82.563995
XGBoost,93,183,125.0,83.26376
XGBoost,93,184,125.0,67.72878
XGBoost,93,185,125.0,70.0511
XGBoost,93,186,125.0,64.978546
XGBoost,93,187,125.0,77.95889
XGBoost,93,188,125.0,78.69821
XGBoost,93,189,125.0,86.185974
XGBoost,93,190,125.0,90.4552
XGBoost,93,191,125.0,96.916
XGBoost,93,192,125.0,90.51067
XGBoost,93,193,125.0,79.872444
XGBoost,93,194,125.0,95.302055
XGBoost,93,195,125.0,82.53129
XGBoost,93,196,125.0,83.81578
XGBoost,93,197,125.0,83.15272
XGBoost,93,198,125.0,90.892426
XGBoost,93,199,125.0,73.033646
XGBoost,93,200,125.0,70.48106
XGBoost,93,201,125.0,71.776535
XGBoost,93,202,125.0,78.19431
XGBoost,93,203,125.0,76.33209
XGBoost,93,204,125.0,76.35207
XGBoost,93,205,124.0,80.42371
XGBoost,93,206,123.0,89.952095
XGBoost,93,207,122.0,74.78842
XGBoost,93,208,121.0,73.39355
XGBoost,93,209,120.0,83.90958
XGBoost,93,210,119.0,72.95546
XGBoost,93,211,118.0,73.75131
XGBoost,93,212,117.0,67.47217
XGBoost,93,213,116.0,62.322975
XGBoost,93,214,115.0,62.953056
XGBoost,93,215,114.0,53.881783
XGBoost,93,216,113.0,51.22743
XGBoost,93,217,112.0,52.20909
XGBoost,93,218,111.0,61.254684
XGBoost,93,219,110.0,76.330635
XGBoost,93,220,109.0,74.87862
XGBoost,93,221,108.0,70.95096
XGBoost,93,222,107.0,59.371445
XGBoost,93,223,106.0,64.61215
XGBoost,93,224,105.0,56.175533
XGBoost,93,225,104.0,62.982338
XGBoost,93,226,103.0,62.439068
XGBoost,93,227,102.0,55.820366
XGBoost,93,228,101.0,52.121956
XGBoost,93,229,100.0,53.83958
XGBoost,93,230,99.0,58.2544
XGBoost,93,231,98.0,54.63061
XGBoost,93,232,97.0,57.557644
XGBoost,93,233,96.0,49.33327
XGBoost,93,234,95.0,43.837852
XGBoost,93,235,94.0,45.546745
XGBoost,93,236,93.0,45.405632
XGBoost,93,237,92.0,46.54714
XGBoost,93,238,91.0,47.127808
XGBoost,93,239,90.0,44.995674
XGBoost,93,240,89.0,42.188534
XGBoost,93,241,88.0,44.570057
XGBoost,93,242,87.0,45.76506
XGBoost,93,243,86.0,41.369694
XGBoost,93,244,85.0,46.60544
XGBoost,94,30,125.0,105.47481
XGBoost,94,31,125.0,111.80318
XGBoost,94,32,125.0,112.04356
XGBoost,94,33,125.0,106.2202
XGBoost,94,34,125.0,109.101425
XGBoost,94,35,125.0,103.77555
XGBoost,94,36,125.0,98.14913
XGBoost,94,37,125.0,100.41222
XGBoost,94,38,125.0,109.513084
XGBoost,94,39,125.0,113.26527
XGBoost,94,40,125.0,112.09199
XGBoost,94,41,125.0,112.49035
XGBoost,94,42,125.0,116.34485
XGBoost,94,43,125.0,120.16573
XGBoost,94,44,125.0,126.62233
XGBoost,94,45,125.0,123.04258
XGBoost,94,46,125.0,121.124146
XGBoost,94,47,125.0,119.26864
XGBoost,94,48,125.0,116.700874
XGBoost,94,49,125.0,113.024956
XGBoost,94,50,125.0,109.86867
XGBoost,94,51,125.0,110.83769
XGBoost,94,52,125.0,108.99345
XGBoost,94,53,125.0,115.36663
XGBoost,94,54,125.0,104.43123
XGBoost,94,55,125.0,105.55776
XGBoost,94,56,125.0,124.127365
XGBoost,94,57,125.0,125.40001
XGBoost,94,58,125.0,122.31582
XGBoost,94,59,125.0,122.715096
XGBoost,94,60,125.0,107.56233
XGBoost,94,61,125.0,112.73479
XGBoost,94,62,125.0,111.4822
XGBoost,94,63,125.0,114.41933
XGBoost,94,64,124.0,112.79693
XGBoost,94,65,123.0,116.18677
XGBoost,94,66,122.0,116.05734
XGBoost,94,67,121.0,111.93873
XGBoost,94,68,120.0,112.88342
XGBoost,94,69,119.0,108.93207
XGBoost,94,70,118.0,115.868935
XGBoost,94,71,117.0,109.43117
XGBoost,94,72,116.0,108.71789
XGBoost,94,73,115.0,98.87203
XGBoost,94,74,114.0,103.99283
XGBoost,94,75,113.0,99.851494
XGBoost,94,76,112.0,100.684784
XGBoost,94,77,111.0,97.0661
XGBoost,94,78,110.0,96.843376
XGBoost,94,79,109.0,107.432045
XGBoost,94,80,108.0,95.250404
XGBoost,94,81,107.0,95.3097
XGBoost,94,82,106.0,95.3804
XGBoost,94,83,105.0,90.71387
XGBoost,94,84,104.0,91.639946
XGBoost,94,85,103.0,93.01253
XGBoost,94,86,102.0,96.436356
XGBoost,94,87,101.0,91.78648
XGBoost,94,88,100.0,96.6672
XGBoost,94,89,99.0,89.08523
XGBoost,94,90,98.0,91.1042
XGBoost,94,91,97.0,93.88479
XGBoost,94,92,96.0,100.14585
XGBoost,94,93,95.0,94.43138
XGBoost,94,94,94.0,79.463585
XGBoost,94,95,93.0,95.0721
XGBoost,94,96,92.0,90.24658
XGBoost,94,97,91.0,100.314545
XGBoost,94,98,90.0,95.65562
XGBoost,94,99,89.0,100.39554
XGBoost,94,100,88.0,98.76541
XGBoost,94,101,87.0,100.42793
XGBoost,94,102,86.0,100.34652
XGBoost,94,103,85.0,107.803024
XGBoost,94,104,84.0,85.96967
XGBoost,94,105,83.0,73.04946
XGBoost,94,106,82.0,76.49545
XGBoost,94,107,81.0,75.60264
XGBoost,94,108,80.0,76.605316
XGBoost,94,109,79.0,86.794624
XGBoost,94,110,78.0,60.85519
XGBoost,94,111,77.0,75.4451
XGBoost,94,112,76.0,82.806435
XGBoost,94,113,75.0,86.904854
XGBoost,94,114,74.0,84.506645
XGBoost,94,115,73.0,85.055374
XGBoost,94,116,72.0,76.60574
XGBoost,94,117,71.0,80.45438
XGBoost,94,118,70.0,69.46421
XGBoost,94,119,69.0,86.00591
XGBoost,94,120,68.0,66.91672
XGBoost,94,121,67.0,73.94191
XGBoost,94,122,66.0,71.53951
XGBoost,94,123,65.0,83.96077
XGBoost,94,124,64.0,87.24644
XGBoost,94,125,63.0,88.660385
XGBoost,94,126,62.0,85.23035
XGBoost,94,127,61.0,97.7159
XGBoost,94,128,60.0,86.351395
XGBoost,94,129,59.0,82.05335
XGBoost,94,130,58.0,79.1581
XGBoost,94,131,57.0,65.44192
XGBoost,94,132,56.0,81.92039
XGBoost,94,133,55.0,65.546036
XGBoost,95,30,125.0,121.02438
XGBoost,95,31,125.0,122.097206
XGBoost,95,32,125.0,123.504745
XGBoost,95,33,125.0,118.35673
XGBoost,95,34,125.0,118.44051
XGBoost,95,35,125.0,121.85713
XGBoost,95,36,125.0,124.35185
XGBoost,95,37,125.0,122.73754
XGBoost,95,38,125.0,121.40569
XGBoost,95,39,125.0,125.02791
XGBoost,95,40,125.0,119.61781
XGBoost,95,41,125.0,122.00084
XGBoost,95,42,125.0,123.98589
XGBoost,95,43,125.0,122.19651
XGBoost,95,44,125.0,118.6858
XGBoost,95,45,125.0,122.02146
XGBoost,95,46,125.0,119.75725
XGBoost,95,47,125.0,116.208
XGBoost,95,48,125.0,117.50652
XGBoost,95,49,125.0,119.62148
XGBoost,95,50,125.0,121.16342
XGBoost,95,51,125.0,117.65604
XGBoost,95,52,125.0,121.419464
XGBoost,95,53,125.0,115.88118
XGBoost,95,54,125.0,119.819954
XGBoost,95,55,125.0,117.685684
XGBoost,95,56,125.0,115.04661
XGBoost,95,57,125.0,120.77123
XGBoost,95,58,125.0,114.73848
XGBoost,95,59,125.0,118.94221
XGBoost,95,60,125.0,117.87781
XGBoost,95,61,125.0,116.71936
XGBoost,95,62,125.0,116.86489
XGBoost,95,63,125.0,107.5604
XGBoost,95,64,125.0,104.76088
XGBoost,95,65,125.0,115.899315
XGBoost,95,66,125.0,112.798485
XGBoost,95,67,125.0,117.19767
XGBoost,95,68,125.0,119.02806
XGBoost,95,69,125.0,109.95141
XGBoost,95,70,125.0,108.636246
XGBoost,95,71,125.0,116.390335
XGBoost,95,72,125.0,116.287254
XGBoost,95,73,125.0,113.2352
XGBoost,95,74,125.0,119.55945
XGBoost,95,75,125.0,118.11438
XGBoost,95,76,125.0,117.60315
XGBoost,95,77,125.0,113.04387
XGBoost,95,78,125.0,110.90354
XGBoost,95,79,125.0,115.761795
XGBoost,95,80,125.0,114.44724
XGBoost,95,81,125.0,113.40837
XGBoost,95,82,125.0,118.24557
XGBoost,95,83,125.0,108.6545
XGBoost,95,84,125.0,113.08722
XGBoost,95,85,125.0,109.38356
XGBoost,95,86,125.0,111.78963
XGBoost,95,87,125.0,110.617294
XGBoost,95,88,125.0,104.23196
XGBoost,95,89,125.0,109.60067
XGBoost,96,30,125.0,121.92834
XGBoost,96,31,125.0,121.097206
XGBoost,96,32,125.0,122.34444
XGBoost,96,33,125.0,122.95545
XGBoost,96,34,125.0,123.077866
XGBoost,96,35,125.0,122.523125
XGBoost,96,36,125.0,125.1103
XGBoost,96,37,125.0,127.32223
XGBoost,96,38,125.0,126.076965
XGBoost,96,39,125.0,128.38016
XGBoost,96,40,125.0,127.25553
XGBoost,96,41,125.0,121.10969
XGBoost,96,42,125.0,121.29422
XGBoost,96,43,125.0,119.6168
XGBoost,96,44,125.0,120.195946
XGBoost,96,45,125.0,123.3435
XGBoost,96,46,125.0,127.726776
XGBoost,96,47,125.0,124.6054
XGBoost,96,48,125.0,125.793526
XGBoost,96,49,125.0,126.22005
XGBoost,96,50,125.0,126.50359
XGBoost,96,51,125.0,120.02568
XGBoost,96,52,125.0,118.85477
XGBoost,96,53,125.0,120.93451
XGBoost,96,54,125.0,120.5575
XGBoost,96,55,125.0,122.46642
XGBoost,96,56,125.0,124.51752
XGBoost,96,57,125.0,123.23209
XGBoost,96,58,125.0,125.23725
XGBoost,96,59,125.0,124.51522
XGBoost,96,60,125.0,122.16276
XGBoost,96,61,125.0,119.39611
XGBoost,96,62,125.0,120.93986
XGBoost,96,63,125.0,123.72303
XGBoost,96,64,125.0,122.22683
XGBoost,96,65,125.0,122.534096
XGBoost,96,66,125.0,122.69286
XGBoost,96,67,125.0,120.32213
XGBoost,96,68,125.0,119.35247
XGBoost,96,69,125.0,118.91131
XGBoost,96,70,125.0,123.057724
XGBoost,96,71,125.0,125.93328
XGBoost,96,72,125.0,124.933876
XGBoost,96,73,125.0,126.35594
XGBoost,96,74,125.0,127.467995
XGBoost,96,75,125.0,127.26596
XGBoost,96,76,125.0,128.01703
XGBoost,96,77,125.0,121.99188
XGBoost,96,78,125.0,120.96785
XGBoost,96,79,125.0,119.06206
XGBoost,96,80,125.0,111.85932
XGBoost,96,81,125.0,114.67786
XGBoost,96,82,125.0,115.66443
XGBoost,96,83,125.0,118.66535
XGBoost,96,84,125.0,118.79978
XGBoost,96,85,125.0,119.016235
XGBoost,96,86,125.0,119.346344
XGBoost,96,87,125.0,120.006165
XGBoost,96,88,125.0,115.782455
XGBoost,96,89,125.0,114.89271
XGBoost,96,90,125.0,113.94838
XGBoost,96,91,125.0,118.28666
XGBoost,96,92,125.0,119.55573
XGBoost,96,93,125.0,119.50767
XGBoost,96,94,125.0,119.93714
XGBoost,96,95,125.0,117.91988
XGBoost,96,96,125.0,110.95422
XGBoost,96,97,125.0,118.1453
XGBoost,97,30,125.0,118.75839
XGBoost,97,31,125.0,116.365395
XGBoost,97,32,125.0,115.47339
XGBoost,97,33,125.0,118.76816
XGBoost,97,34,125.0,116.772125
XGBoost,97,35,125.0,120.73055
XGBoost,97,36,125.0,116.73145
XGBoost,97,37,125.0,107.3242
XGBoost,97,38,125.0,111.10424
XGBoost,97,39,125.0,113.113846
XGBoost,97,40,125.0,107.76161
XGBoost,97,41,125.0,111.633575
XGBoost,97,42,125.0,115.48235
XGBoost,97,43,125.0,115.16657
XGBoost,97,44,125.0,117.99224
XGBoost,97,45,125.0,118.08742
XGBoost,97,46,125.0,121.22006
XGBoost,97,47,125.0,120.146095
XGBoost,97,48,125.0,114.848305
XGBoost,97,49,125.0,112.89246
XGBoost,97,50,125.0,114.46466
XGBoost,97,51,125.0,110.92395
XGBoost,97,52,125.0,116.90774
XGBoost,97,53,125.0,117.055626
XGBoost,97,54,125.0,117.69522
XGBoost,97,55,125.0,118.46545
XGBoost,97,56,125.0,122.38453
XGBoost,97,57,125.0,122.52526
XGBoost,97,58,125.0,121.69433
XGBoost,97,59,125.0,115.5437
XGBoost,97,60,125.0,118.582634
XGBoost,97,61,125.0,114.51252
XGBoost,97,62,125.0,112.52684
XGBoost,97,63,125.0,116.29386
XGBoost,97,64,125.0,115.660675
XGBoost,97,65,125.0,117.87336
XGBoost,97,66,125.0,120.17272
XGBoost,97,67,125.0,116.91441
XGBoost,97,68,125.0,116.55447
XGBoost,97,69,125.0,113.39707
XGBoost,97,70,125.0,119.12169
XGBoost,97,71,125.0,118.71397
XGBoost,97,72,125.0,116.38878
XGBoost,97,73,125.0,116.02428
XGBoost,97,74,125.0,108.342896
XGBoost,97,75,125.0,111.16098
XGBoost,97,76,125.0,112.85073
XGBoost,97,77,125.0,110.50536
XGBoost,97,78,125.0,113.71912
XGBoost,97,79,125.0,113.386246
XGBoost,97,80,125.0,116.6909
XGBoost,97,81,125.0,113.66964
XGBoost,97,82,125.0,111.1371
XGBoost,97,83,125.0,113.09033
XGBoost,97,84,125.0,108.30724
XGBoost,97,85,125.0,103.05134
XGBoost,97,86,125.0,110.447014
XGBoost,97,87,125.0,112.99554
XGBoost,97,88,125.0,103.09229
XGBoost,97,89,125.0,109.39994
XGBoost,97,90,125.0,114.34896
XGBoost,97,91,125.0,110.403694
XGBoost,97,92,124.0,111.78603
XGBoost,97,93,123.0,112.97213
XGBoost,97,94,122.0,106.88263
XGBoost,97,95,121.0,109.982895
XGBoost,97,96,120.0,111.25657
XGBoost,97,97,119.0,108.35728
XGBoost,97,98,118.0,103.588615
XGBoost,97,99,117.0,102.84
XGBoost,97,100,116.0,107.358475
XGBoost,97,101,115.0,105.06199
XGBoost,97,102,114.0,113.134056
XGBoost,97,103,113.0,108.01741
XGBoost,97,104,112.0,105.70249
XGBoost,97,105,111.0,105.72233
XGBoost,97,106,110.0,111.028694
XGBoost,97,107,109.0,111.29973
XGBoost,97,108,108.0,110.33685
XGBoost,97,109,107.0,106.21039
XGBoost,97,110,106.0,109.25019
XGBoost,97,111,105.0,106.77371
XGBoost,97,112,104.0,109.50403
XGBoost,97,113,103.0,108.62397
XGBoost,97,114,102.0,109.993866
XGBoost,97,115,101.0,109.23952
XGBoost,97,116,100.0,106.20123
XGBoost,97,117,99.0,106.50961
XGBoost,97,118,98.0,111.16657
XGBoost,97,119,97.0,107.01458
XGBoost,97,120,96.0,111.9617
XGBoost,97,121,95.0,109.169815
XGBoost,97,122,94.0,108.462944
XGBoost,97,123,93.0,106.436066
XGBoost,97,124,92.0,113.01578
XGBoost,97,125,91.0,105.32046
XGBoost,97,126,90.0,103.51313
XGBoost,97,127,89.0,102.45581
XGBoost,97,128,88.0,94.61893
XGBoost,97,129,87.0,103.85929
XGBoost,97,130,86.0,105.42225
XGBoost,97,131,85.0,103.14518
XGBoost,97,132,84.0,100.70608
XGBoost,97,133,83.0,89.39116
XGBoost,97,134,82.0,90.74372
XGBoost,98,30,125.0,117.63785
XGBoost,98,31,125.0,116.661964
XGBoost,98,32,125.0,109.90489
XGBoost,98,33,125.0,105.72805
XGBoost,98,34,125.0,97.86892
XGBoost,98,35,125.0,101.79035
XGBoost,98,36,125.0,103.031906
XGBoost,98,37,125.0,105.01936
XGBoost,98,38,125.0,102.07273
XGBoost,98,39,125.0,105.32799
XGBoost,98,40,125.0,99.25055
XGBoost,98,41,125.0,107.016396
XGBoost,98,42,125.0,100.33241
XGBoost,98,43,125.0,99.22624
XGBoost,98,44,125.0,101.120476
XGBoost,98,45,125.0,102.15228
XGBoost,98,46,125.0,105.37662
XGBoost,98,47,125.0,100.680695
XGBoost,98,48,125.0,101.19094
XGBoost,98,49,125.0,102.62309
XGBoost,98,50,125.0,102.543335
XGBoost,98,51,125.0,99.294754
XGBoost,98,52,125.0,105.39267
XGBoost,98,53,125.0,100.52413
XGBoost,98,54,125.0,106.435745
XGBoost,98,55,125.0,105.79586
XGBoost,98,56,124.0,106.15408
XGBoost,98,57,123.0,110.728455
XGBoost,98,58,122.0,112.21962
XGBoost,98,59,121.0,101.071884
XGBoost,98,60,120.0,103.08071
XGBoost,98,61,119.0,91.191536
XGBoost,98,62,118.0,96.657974
XGBoost,98,63,117.0,89.64882
XGBoost,98,64,116.0,82.43238
XGBoost,98,65,115.0,87.803604
XGBoost,98,66,114.0,89.97818
XGBoost,98,67,113.0,94.92195
XGBoost,98,68,112.0,93.577965
XGBoost,98,69,111.0,102.92958
XGBoost,98,70,110.0,106.17135
XGBoost,98,71,109.0,102.89842
XGBoost,98,72,108.0,105.084625
XGBoost,98,73,107.0,96.62344
XGBoost,98,74,106.0,97.76861
XGBoost,98,75,105.0,108.87812
XGBoost,98,76,104.0,101.30626
XGBoost,98,77,103.0,104.40431
XGBoost,98,78,102.0,106.58293
XGBoost,98,79,101.0,104.15567
XGBoost,98,80,100.0,96.09591
XGBoost,98,81,99.0,93.87138
XGBoost,98,82,98.0,83.80532
XGBoost,98,83,97.0,86.48581
XGBoost,98,84,96.0,92.65277
XGBoost,98,85,95.0,101.90178
XGBoost,98,86,94.0,99.16528
XGBoost,98,87,93.0,96.27973
XGBoost,98,88,92.0,96.7362
XGBoost,98,89,91.0,89.14049
XGBoost,98,90,90.0,97.16229
XGBoost,98,91,89.0,94.15327
XGBoost,98,92,88.0,103.996376
XGBoost,98,93,87.0,105.361275
XGBoost,98,94,86.0,108.525764
XGBoost,98,95,85.0,97.390465
XGBoost,98,96,84.0,91.53123
XGBoost,98,97,83.0,96.33343
XGBoost,98,98,82.0,92.25978
XGBoost,98,99,81.0,94.97841
XGBoost,98,100,80.0,99.30858
XGBoost,98,101,79.0,93.995605
XGBoost,98,102,78.0,95.94971
XGBoost,98,103,77.0,83.147194
XGBoost,98,104,76.0,89.98484
XGBoost,98,105,75.0,103.759384
XGBoost,98,106,74.0,108.07729
XGBoost,98,107,73.0,112.47483
XGBoost,98,108,72.0,113.245056
XGBoost,98,109,71.0,103.3507
XGBoost,98,110,70.0,94.33906
XGBoost,98,111,69.0,94.81463
XGBoost,98,112,68.0,85.17127
XGBoost,98,113,67.0,83.25889
XGBoost,98,114,66.0,95.98424
XGBoost,98,115,65.0,88.86176
XGBoost,98,116,64.0,99.65195
XGBoost,98,117,63.0,98.91774
XGBoost,98,118,62.0,87.45783
XGBoost,98,119,61.0,72.559555
XGBoost,98,120,60.0,65.84502
XGBoost,98,121,59.0,73.988235
XGBoost,99,30,125.0,124.99932
XGBoost,99,31,125.0,125.97313
XGBoost,99,32,125.0,125.111176
XGBoost,99,33,125.0,124.49463
XGBoost,99,34,125.0,123.13566
XGBoost,99,35,125.0,122.23938
XGBoost,99,36,125.0,124.28931
XGBoost,99,37,125.0,122.59405
XGBoost,99,38,125.0,123.89129
XGBoost,99,39,125.0,123.927
XGBoost,99,40,125.0,122.9058
XGBoost,99,41,125.0,122.60206
XGBoost,99,42,125.0,123.19135
XGBoost,99,43,125.0,123.89386
XGBoost,99,44,125.0,123.4789
XGBoost,99,45,125.0,125.69463
XGBoost,99,46,125.0,125.40614
XGBoost,99,47,125.0,123.811844
XGBoost,99,48,125.0,125.54079
XGBoost,99,49,125.0,125.29516
XGBoost,99,50,125.0,125.15943
XGBoost,99,51,125.0,127.36029
XGBoost,99,52,125.0,127.87338
XGBoost,99,53,125.0,127.40661
XGBoost,99,54,125.0,125.82317
XGBoost,99,55,125.0,123.85736
XGBoost,99,56,125.0,125.12666
XGBoost,99,57,125.0,122.558586
XGBoost,99,58,125.0,124.38039
XGBoost,99,59,125.0,125.252266
XGBoost,99,60,125.0,125.91301
XGBoost,99,61,125.0,123.9649
XGBoost,99,62,125.0,124.43673
XGBoost,99,63,125.0,122.39334
XGBoost,99,64,125.0,121.63727
XGBoost,99,65,125.0,120.23716
XGBoost,99,66,125.0,121.49718
XGBoost,99,67,125.0,120.16437
XGBoost,99,68,125.0,122.21553
XGBoost,99,69,125.0,123.218
XGBoost,99,70,125.0,123.35482
XGBoost,99,71,125.0,126.62289
XGBoost,99,72,125.0,126.211525
XGBoost,99,73,125.0,123.64274
XGBoost,99,74,125.0,122.43453
XGBoost,99,75,125.0,122.947975
XGBoost,99,76,125.0,120.68394
XGBoost,99,77,125.0,120.80582
XGBoost,99,78,125.0,123.53971
XGBoost,99,79,125.0,124.33709
XGBoost,99,80,125.0,121.22664
XGBoost,99,81,125.0,121.10042
XGBoost,99,82,125.0,118.18862
XGBoost,99,83,125.0,119.99155
XGBoost,99,84,125.0,120.48615
XGBoost,99,85,125.0,123.45908
XGBoost,99,86,125.0,124.49363
XGBoost,99,87,125.0,126.20674
XGBoost,99,88,125.0,126.24809
XGBoost,99,89,125.0,121.8236
XGBoost,99,90,124.0,122.94488
XGBoost,99,91,123.0,122.38558
XGBoost,99,92,122.0,120.145744
XGBoost,99,93,121.0,122.690094
XGBoost,99,94,120.0,123.57397
XGBoost,99,95,119.0,116.645424
XGBoost,99,96,118.0,121.34989
XGBoost,99,97,117.0,120.561584
XGBoost,100,30,125.0,123.673134
XGBoost,100,31,125.0,122.82305
XGBoost,100,32,125.0,120.3924
XGBoost,100,33,125.0,120.960464
XGBoost,100,34,125.0,115.62471
XGBoost,100,35,125.0,119.18523
XGBoost,100,36,125.0,116.07691
XGBoost,100,37,125.0,116.7485
XGBoost,100,38,125.0,118.71635
XGBoost,100,39,125.0,119.77123
XGBoost,100,40,125.0,124.25935
XGBoost,100,41,125.0,119.34096
XGBoost,100,42,125.0,124.15721
XGBoost,100,43,125.0,124.614174
XGBoost,100,44,125.0,117.266716
XGBoost,100,45,125.0,118.86314
XGBoost,100,46,125.0,118.94734
XGBoost,100,47,125.0,119.58592
XGBoost,100,48,125.0,120.49924
XGBoost,100,49,125.0,119.90092
XGBoost,100,50,125.0,118.69961
XGBoost,100,51,125.0,119.347275
XGBoost,100,52,125.0,117.66195
XGBoost,100,53,125.0,115.460304
XGBoost,100,54,125.0,116.74163
XGBoost,100,55,125.0,117.496666
XGBoost,100,56,125.0,121.86048
XGBoost,100,57,125.0,123.9245
XGBoost,100,58,125.0,120.71509
XGBoost,100,59,125.0,117.53488
XGBoost,100,60,125.0,115.48248
XGBoost,100,61,125.0,112.30528
XGBoost,100,62,125.0,111.96767
XGBoost,100,63,125.0,111.582596
XGBoost,100,64,125.0,114.37141
XGBoost,100,65,125.0,121.82351
XGBoost,100,66,125.0,120.5743
XGBoost,100,67,125.0,124.58711
XGBoost,100,68,125.0,121.094025
XGBoost,100,69,125.0,119.16137
XGBoost,100,70,125.0,116.58049
XGBoost,100,71,125.0,108.795975
XGBoost,100,72,125.0,114.3003
XGBoost,100,73,125.0,117.70888
XGBoost,100,74,125.0,112.93989
XGBoost,100,75,125.0,119.407455
XGBoost,100,76,125.0,113.10303
XGBoost,100,77,125.0,105.874245
XGBoost,100,78,125.0,111.37654
XGBoost,100,79,125.0,105.54077
XGBoost,100,80,125.0,107.18411
XGBoost,100,81,125.0,108.93503
XGBoost,100,82,125.0,119.24252
XGBoost,100,83,125.0,121.985344
XGBoost,100,84,125.0,121.15325
XGBoost,100,85,125.0,126.44083
XGBoost,100,86,125.0,125.857834
XGBoost,100,87,125.0,122.12636
XGBoost,100,88,125.0,120.82383
XGBoost,100,89,125.0,118.792534
XGBoost,100,90,125.0,121.12047
XGBoost,100,91,125.0,119.075066
XGBoost,100,92,125.0,118.76719
XGBoost,100,93,125.0,113.44657
XGBoost,100,94,124.0,111.83614
XGBoost,100,95,123.0,109.24103
XGBoost,100,96,122.0,106.10604
XGBoost,100,97,121.0,111.46164
XGBoost,100,98,120.0,111.58152
XGBoost,100,99,119.0,116.58943
XGBoost,100,100,118.0,113.75737
XGBoost,100,101,117.0,116.720726
XGBoost,100,102,116.0,115.65136
XGBoost,100,103,115.0,117.04844
XGBoost,100,104,114.0,117.05643
XGBoost,100,105,113.0,113.10845
XGBoost,100,106,112.0,118.38813
XGBoost,100,107,111.0,106.6103
XGBoost,100,108,110.0,107.76475
XGBoost,100,109,109.0,103.79007
XGBoost,100,110,108.0,103.40072
XGBoost,100,111,107.0,108.8342
XGBoost,100,112,106.0,107.665535
XGBoost,100,113,105.0,107.30578
XGBoost,100,114,104.0,106.74358
XGBoost,100,115,103.0,108.20205
XGBoost,100,116,102.0,108.72934
XGBoost,100,117,101.0,111.73315
XGBoost,100,118,100.0,110.46334
XGBoost,100,119,99.0,108.32659
XGBoost,100,120,98.0,104.82705
XGBoost,100,121,97.0,107.207275
XGBoost,100,122,96.0,111.78822
XGBoost,100,123,95.0,116.14351
XGBoost,100,124,94.0,113.96272
XGBoost,100,125,93.0,106.153915
XGBoost,100,126,92.0,99.77404
XGBoost,100,127,91.0,98.0747
XGBoost,100,128,90.0,102.06196
XGBoost,100,129,89.0,100.815994
XGBoost,100,130,88.0,94.882545
XGBoost,100,131,87.0,94.669655
XGBoost,100,132,86.0,91.38686
XGBoost,100,133,85.0,90.29584
XGBoost,100,134,84.0,91.0589
XGBoost,100,135,83.0,91.72051
XGBoost,100,136,82.0,96.12156
XGBoost,100,137,81.0,92.13045
XGBoost,100,138,80.0,99.94556
XGBoost,100,139,79.0,92.24314
XGBoost,100,140,78.0,95.62739
XGBoost,100,141,77.0,89.647934
XGBoost,100,142,76.0,100.902115
XGBoost,100,143,75.0,96.74155
XGBoost,100,144,74.0,94.65098
XGBoost,100,145,73.0,82.00354
XGBoost,100,146,72.0,90.91003
XGBoost,100,147,71.0,85.76957
XGBoost,100,148,70.0,87.68672
XGBoost,100,149,69.0,84.59424
XGBoost,100,150,68.0,87.43456
XGBoost,100,151,67.0,79.47166
XGBoost,100,152,66.0,77.32725
XGBoost,100,153,65.0,76.17666
XGBoost,100,154,64.0,74.64535
XGBoost,100,155,63.0,59.92617
XGBoost,100,156,62.0,63.752293
XGBoost,100,157,61.0,62.40752
XGBoost,100,158,60.0,68.2906
XGBoost,100,159,59.0,67.24345
XGBoost,100,160,58.0,72.861755
XGBoost,100,161,57.0,64.342125
XGBoost,100,162,56.0,61.838726
XGBoost,100,163,55.0,56.92584
XGBoost,100,164,54.0,54.23443
XGBoost,100,165,53.0,52.524975
XGBoost,100,166,52.0,51.41637
XGBoost,100,167,51.0,50.96448
XGBoost,100,168,50.0,52.822926
XGBoost,100,169,49.0,50.381233
XGBoost,100,170,48.0,50.030777
XGBoost,100,171,47.0,51.37603
XGBoost,100,172,46.0,47.052227
XGBoost,100,173,45.0,48.362133
XGBoost,100,174,44.0,52.347893
XGBoost,100,175,43.0,53.33768
XGBoost,100,176,42.0,50.283386
XGBoost,100,177,41.0,43.128895
XGBoost,100,178,40.0,48.488163
XGBoost,100,179,39.0,51.448933
XGBoost,100,180,38.0,44.574608
XGBoost,100,181,37.0,43.253464
XGBoost,100,182,36.0,38.573883
XGBoost,100,183,35.0,48.43568
XGBoost,100,184,34.0,37.987877
XGBoost,100,185,33.0,34.9312
XGBoost,100,186,32.0,31.095415
XGBoost,100,187,31.0,28.862108
XGBoost,100,188,30.0,27.029589
XGBoost,100,189,29.0,31.357338
XGBoost,100,190,28.0,27.579744
XGBoost,100,191,27.0,26.680298
XGBoost,100,192,26.0,23.9477
XGBoost,100,193,25.0,27.950605
XGBoost,100,194,24.0,24.601475
XGBoost,100,195,23.0,19.318409
XGBoost,100,196,22.0,18.060595
XGBoost,100,197,21.0,19.440481
XGBoost,100,198,20.0,14.682042
